"","itens"
"1","SACO PLASTICO P/LIXO PACOTE C/20 UNID.,CAP.15 LITROS*"
"2","SACO PLASTICO P/LIXO PACOTE C/10 UNID., CAP.30 LITROS*"
"3","SACO PLASTICO P/LIXO PACOTE C/10 UNID., CAP.50 LITROS*"
"4","SACO PLASTICO P/LIXO PACOTE C/05 UNID.,CAP.100 LITROS*"
"5","BOLSA PARA MALOTE EM LONA NA COR PRETA COM INSCRICAO DA POLICIA CIVIL."
"6","COLETOR EM PAPELAO PARA RESIDUOS HOSPITALARES P/LIXO /QUIMIO/EPERFURO/LARAN/CAP.13"
"7","COLETOR EM PAPELAO PARA RESIDUOS HOSPITALARES, COR AMARELO, 20 L,PERFUROCORTANTE"
"8","COLETOR EM PAPELAO PARA RESIDUOS HOSPITALARES, COR AMARELO, 07 L,PERFUROCORTANTE"
"9","FILME EM PVC (PLASTICO) STRETCH PARA PALETIZACAO"
"10","FILME EM PVC ROLO"
"11","FILME EM PVC TRANSPARENTE EM BOBINA"
"12","MATERIAIS E UTENSILIOS DE ACONDICIONADORES E EMBALAGENS BALDE INOX"
"13","PAPEL KRAFT PARDO"
"14","PLASTICO TRANSPARENTE ATOXICO BOBINA PLASTICA PICOTADA"
"15","PLASTICO TRANSPARENTE ATOXICO BOLSA PARA COLETA DE AGUA COM CAPACIDADE DE100ML"
"16","PLASTICO TRANSPARENTE ATOXICO BOLSA PLASTICA EM POLIETILENO"
"17","PLASTICO TRANSPARENTE ATOXICO FOSCO PARA PLASTIFICACAO MEDINDO 70 CM DELARGURA"
"18","SACO DE POLIETILENO P/ ACONDICIONAMENTO DE LIXO COR BRANCO LEITOSO, 15 LITROS"
"19","SACO DE POLIETILENO P/ ACONDICIONAMENTO DE LIXO COR BRANCO LEITOSO,100 LITROS"
"20","SACO DE POLIETILENO P/ ACONDICIONAMENTO DE LIXO COR BRANCO-LEITOSO, 50 LITROS"
"21","SACO DE POLIETILENO P/ ACONDICIONAMENTO DE LIXO COR BRANCO-LEITOSO,30 LITROS"
"22","SACO DE POLIETILENO P/ ACONDICIONAMENTO DE LIXO COR PRETA, 100 LITROS,PACOTE C/5"
"23","SACO DE POLIETILENO P/ ACONDICIONAMENTO DE LIXO COR PRETA,30 LITROS,PACOTE C/10"
"24","SACO DE POLIETILENO P/ ACONDICIONAMENTO DE LIXO COR PRETA,50 LITROS,PACOTE C/10"
"25","SACO DE POLIETILENO P/ ACONDICIONAMENTO DE LIXO COR VERDE, 100 LITROS"
"26","SACO DE POLIETILENO P/ ACONDICIONAMENTO DE LIXO COR VERDE, 50 LITROS"
"27","SACO DE POLIETILENO P/ ACONDICIONAMENTO DE LIXO COR VERMELHO, 100 LITROS"
"28","SACO DE LIXO PARA PECAS ANATOMICAS, COR VERMELHA 30L"
"29","SACO DE LIXO PARA PECAS ANATOMICAS, COR VERMELHA 50L"
"30","SACO PLASTICO ATOXICO CAPACIDADE 5 KG, BOBINA COM 500 UNIDADES, TRANSPARENTE"
"31","SACO PLASTICO ATOXICO EM KG"
"32","SACO PLASTICO ATOXICO MEDINDO 8 X 10 X 10"
"33","SACO PLASTICO ATOXICO TRANSP.,MED.30X40CM,CAPAC.3KG, BOBINA COM 500 UNIDADES"
"34","SACO PLASTICO ATOXICO TRANSPARENTE"
"35","SACO PLASTICO ATOXICO TRANSPARENTE MED.30X40 CM,ESP.DE7-10MICRAS EMB.01 KG"
"36","SACO PLASTICO ATOXICO TRANSPARENTE, CAPAC.P/2KG, EM BOBINA COM 500 UNIDADES"
"37","SACO PLASTICO ATOXICO TRANSPARENTE, MEDINDO 30X40CM,C/0,08 MM DE ESPESSURA (DET)"
"38","SACO PLASTICO ATOXICO TRANSPARENTE, P/ EMBALAR TALHERES, MEDINDO 8X25CM *"
"39","SACO PLASTICO ATOXICO TRANSPARENTE, P/ USO EM ALIMENTOS, MEDINDO 20X30CM *"
"40","SACO PLASTICO ATOXICO TRANSPARENTE, PARA USO EM ALIMENTOS,MED.15 X 25CM *"
"41","SACO PLASTICO ATOXICO TRANSPARENTE,P/ USO EM ALIMENTOS, MEDINDO 40 X 60 CM *"
"42","SACO PLASTICO ATOXICO TRANSPARENTE,P/USO EM ALIMENTOS,60X80CM ESP.10A 15 MICRAS"
"43","SACO PLASTICO EM BOBINA TRANSPARENTE,C/ESCANINHOS P/ACONDICIONAMENTO DE"
"44",""
"45","MEDICAMENTOS"
"46","SACO PLASTICO P/LIXO HOSPITALAR,COM LACRE,CAPACIDADE DE 50 LITROS,PACOTE C/100 UN"
"47","URNA PARA OSSADAS"
"48","AERONAVES E EQUIPAMENTOS AEREOS"
"49","VEICULO AEREO NAO TRIPULAVEL DRONE"
"50","AGROPECUÁRIA, APICULTURA E PESCA"
"51","ADUBO FORMULA NPK 04.14.08"
"52","ADUBO FORMULA NPK 10.10.10"
"53","ANCINHO PARA JARDINAGEM"
"54","ARADO SUBSOLADOR"
"55","CARRETA AGRICOLA CAPACIDADE DE 06 TONELADAS"
"56","COLHEDORA DE FORRAGEM COLHEDORA DE FORRAGEM"
"57","COLHEITADEIRA COLHEDORA DE MILHO"
"58","DISTRIBUIDOR DE ADUBO E CALCARIO"
"59","DISTRIBUIDOR DE ADUBO ORGANICO LIQUIDO, CAPACIDADE PARA 4.000 LITROS"
"60","DISTRIBUIDORA DE FERTILIZANTES E SEMENTES"
"61","EQUIPAMENTOS E IMPLEMENTOS PARA AGROPECUARIA TRASEIRA"
"62","FERTILIZANTES E PRODUTOS DE COMBATE A PRAGAS FUNGICIDA PARA PLANTAS"
"63","FERTILIZANTES E PRODUTOS DE COMBATE A PRAGAS ISCA"
"64","FLORES KALANCHOE EM VASO"
"65","GRADE ARADORA COM 16 DISCOS"
"66","INSETICIDA LIQUIDO EM AEROSOL, FRASCO COM 400ML"
"67","INSETICIDA PARA PULVERIZACAO"
"68","MATERIAIS E COMPONENTES PARA IMPLEMENTOS (DIVERSOS) CINTO"
"69","MUDAS,SEMENTES DE PLANTAS E ORNAMENTOS AGAPANTO"
"70","MUDAS,SEMENTES DE PLANTAS E ORNAMENTOS AZULZINHA EM CAIXA"
"71","MUDAS,SEMENTES DE PLANTAS E ORNAMENTOS CRAVINHA (MUDA DE FLOR) CAIXA COM 15"
"72",""
"73","MUDAS"
"74","MUDAS,SEMENTES DE PLANTAS E ORNAMENTOS DIVERSAS"
"75","MUDAS,SEMENTES DE PLANTAS E ORNAMENTOS IMPATIANS EM CAIXA"
"76","MUDAS,SEMENTES DE PLANTAS E ORNAMENTOS IXORA MIDI"
"77","MUDAS,SEMENTES DE PLANTAS E ORNAMENTOS MUDA DE ALFACE"
"78","MUDAS,SEMENTES DE PLANTAS E ORNAMENTOS MUDA DE LANTANA AMARELA EM CAIXA"
"79","PLAINA AGRICOLA TRASEIRA"
"80","PLANTADEIRA DE ARRASTO, 4 LINHAS"
"81","PLANTADEIRA SEMEADEIRA"
"82","PLANTADEIRA/SEMEADORA E ADUBADORA PARA SER ACOPLADO A TRATOR"
"83","PLATAFORMA AGRICOLA TRASEIRA BASCULANTE (CAÇAMBA CARREGADEIRA)"
"84","PULVERIZADOR MANUAL"
"85","RACAO EM QUILO"
"86","RASTEL(ANCINHO) RASTELO"
"87","REGADOR PLASTICO CAPACIDADE,10 LITROS"
"88","ROCADEIRA PARA ACOPLAR AO TRATOR"
"89","SEMENTE BETERRABA"
"90","SEMENTE CENOURA"
"91","SEMENTE DIVERSAS"
"92","SOPRADOR DE FOLHAS/GRAMA/POEIRA (TIPO STIHL) A GASOLINA"
"93","TESOURA DE USO VETERINARIO ENTEROTOMO"
"94","ARMAS, MUNIÇÕES, PROD.PIROTÉCNICOS E UTENS. P/USO POLICIAL"
"95","ALGEMA DE ACO INOX"
"96","CAPA PARA COLETE BALISTICO PADRAO PMSC"
"97","CARABINA CALIBRE 40 S&W"
"98","CARTUCHO  CAL. 37/38MM COM PROJETIL EXPANSIVEL ? AM-470"
"99","CARTUCHO  CALIBRE 12/70 PROJSING PLAST HI-IMPACT"
"100","CARTUCHO  TIPO GL"
"101","CARTUCHO CALIBRE 12/70 CH-SGPLAST HI-IMPACT"
"102","CARTUCHO DE LANÇAMENTO DE DARDOS ENERGIZADOS 6M"
"103","CARTUCHO PARA MUNICAO (RECARGA) SPARK"
"104","CARTUCHO TIPO 30 CAR ETOG 110 GR"
"105","CONJUNTO DE EQUIPAMENTOS PARA ARROMBAMENTO TATICO"
"106","ESPARGIDOR DE AGENTE PIMENTA COLD SPRAY AGENTE LACRIMOGENIO (CS) GL-120"
"107","ESPARGIDOR DE AGENTE PIMENTA SPRAY DE PIMENTA MA GL 108 OC MAX I-REF"
"108","ESPARGIDOR DE AGENTE PIMENTA SPRAY DE PIMENTA MED 85ML GL108/E OC"
"109","ESPINGARDA ESPINGARDA PUMP 586.2"
"110","FUZIL CALIBRE 5.56 COM 4 CARREGADORES"
"111","GRANADA INDOOR DE LUZ E SOM GB-707/I-REF"
"112","GRANADA INDOOR PIMENTA GB-708/I-REF"
"113","GRANADA LACRIMOGENIA RUBBERBALL (CS) GL 309"
"114","GRANADA LACRIMONENEA TRIPLICE HYPER, GL-300/TH"
"115","GRANADA LUZ E SOM GL-307/I-REF"
"116","GRANADA OUTDOOR EXPLOSIVA EFEITO MORAL GL-304"
"117","GRANADA TIPO GA"
"118","MIRA MIRA HOLOGRAFICA TIPO RED DOR"
"119","MUNICAO CALIBRE 308 WIN HPBT SNIPER A"
"120","MUNICAO CALIBRE 40"
"121","MUNICAO CBC 5.56X45 COMUM M193 TREINA A"
"122","MUNICAO CBC 5.56X45 COMUM SS 109A"
"123","MUNICAO TREINAMENTO CBC 12/70"
"124","MUNICAO TREINAMENTO CBC CAL 38 SPL"
"125","MUNICAO TREINAMENTO CBC CAL 40 SW"
"126","MUNICAO TREINAMENTO CBC CAL 7,62X51 COMUM M80"
"127","PISTOLA CALIBRE 9 MM"
"128","PROJETIL CAL 37/38MM CARGA LACRIMOGENIA LONGO ALCANCE GL202"
"129","PROJETIL CAL 37/38MM CARGA LACRIMOGENIA MEDIO ALCANCE GL201"
"130","PROJETIL CAL 37/38MM CARGA MULTIPLA LACRIMOGENIA GL 203/T"
"131","TONFA EM POLIMERO, NA COR PRETA"
"132",""
"133","CAPACHO/TAPETE MEDINDO 0,80X0,40M"
"134","COBERTOR MANTA TERMICA(ALUMINIZADO)MED.2.10X1,40 METROS"
"135","COLCHAO DE ESPUMA COLCHAO ESPUMA P/BERCO,TIPO HOSPITALAR, DENSID.26, 0,60X0,31"
"136","COLCHAO DE ESPUMA DE SOLTEIRO,DENSIDADE 33,MED.0,88 X 0,14 METROS"
"137","COLCHAO DE ESPUMA DENSIDADE 33, SOLTEIRO"
"138","COLCHAO DE ESPUMA FLEXIVEL,SOLTEIRO,MED.0,78 X 1,88 X 14 CM, DENSIDADE 28"
"139","COLCHAO DE ESPUMA PARA BERCO, COM LADO PLASTIFICADO"
"140","COLCHAO DE ESPUMA PARA CAMA PEDIATRICA,NAPA,MED 1,20 X 0,65 X 0,10M APROX."
"141","COLCHAO DE ESPUMA PARA CASAL"
"142","COLCHAO DE ESPUMA PARA SOLTEIRO"
"143","COLCHAO DE ESPUMA PIRAMIDAL(HOSPITALAR),SOLTEIRO,MED.1,90 X 0,90M"
"144","COLCHAO DE ESPUMA SOLT.TIPO HOSP.,DENS.28,REV.EM COURVIM,MED.1,90X0,80X0,15CM"
"145","COLCHAO DE ESPUMA SOLT.TIPO HOSPIT.,DENS.28,REV.EM COURVIM,MED.1,90X0,50X0,05M"
"146","COLCHAO DE ESPUMA SOLTEIRO"
"147","COLCHAO DE ESPUMA SOLTEIRO, TIPO HOSPITALAR, DENS. 28, MED. 1,90X0,80X0,15"
"148","COLCHAO DE ESPUMA TIPO COLCHONETE REVEST.EM COURVIM,ESP.5 CM E DENSID.33"
"149","COLETOR DE PLASTICO PARA LIXO CAPACIDADE 120 LITROS"
"150","COLETOR DE PLASTICO PARA LIXO COM TAMPA"
"151","FITA PARA PERSIANA USO GERAL"
"152","FRONHA DE TECIDO PARA TRAVESSEIRO"
"153","LENCOL DE TECIDO SEM ELASTICO"
"154","LIXEIRA CAPACIDADE 100 LITROS, COM TAMPA E PEDAL"
"155","LIXEIRA DE PLASTICO COM TAMPA BASCULANTE, CAPACIDADE DE 50 LITROS"
"156","LIXEIRA DE PLASTICO COM TAMPA E CAPACIDADE PARA APROXIMADAMENTE 100 LITROS"
"157","LIXEIRA DE PLASTICO COM TAMPA E PEDAL CAPACIDADE DE 30 LITROS"
"158","LIXEIRA DE PLASTICO COM TAMPA E PEDAL, CAPACIDADE DE 240 LITROS"
"159","LIXEIRA DE PLASTICO COM TAMPA E PEDAL, CAPACIDADE PARA 15 LITROS"
"160","LIXEIRA DE PLASTICO COM TAMPA, CAPACIDADE 120 LITROS"
"161","LIXEIRA DE PLASTICO KIT COLETA SELETIVA"
"162","LIXEIRA DE PLASTICO LIXEIRA SEM TAMPA"
"163","PERSIANA VERTICAL"
"164","TOALHA DE BANHO COR LARANJA"
"165","TRAVESSEIRO DE ESPUMA INFANTIL, MED 0,30X0,40 M"
"166","TRAVESSEIRO DE ESPUMA MED.45 X 65CM,MAXIMO DE 10CM DE ALTURA,COR BRANCA"
"167","TRAVESSEIRO DE ESPUMA REVESTIDO COM TECIDO, MED 0,40X0,60X0,12 M"
"168","TRAVESSEIRO DE ESPUMA REVESTIDO EM TECIDO, MEDINDO 50 X 70 CM"
"169","VARAO PARA CORTINA EM FERRO"
"170","VELA EM PACOTE COM 8 VELAS"
"171","BALANÇAS"
"172","BALANCA BALANCA BOVINA"
"173","BALANCA DIGITAL"
"174","BALANCA MECANICA"
"175","CABOS, CORRENTES E CORDOALHAS"
"176","BARBANTE DE ALGODAO ROLO COM APROXIMADAMENTE 200M"
"177","BARBANTE DE ALGODAO ROLO COM APROXIMADAMENTE 400 GRAMAS"
"178","CORDA DE POLIESTER, COR BRANCA 6MM"
"179","FIO DE NYLON PARA ROCADEIRA"
"180","FIO ENCERADO TIPO CORDONE"
"181","COMBUSTÍVEIS E LUBRIFICANTES NÃO VEÍCULARES"
"182","CARGA DE GAS REFIL"
"183","DESENGRAXANTE CONCENTRADO"
"184","GAS GLP CARGA PARA BOTIJAO DE 13KG"
"185","GAS GLP CARGA PARA BOTIJAO DE 45KG"
"186","GAS GLP PARA BOTIJAO DE 20 KG"
"187","GRAXA DE ROLAMENTO, EMBALAGEM DE 1KG"
"188","LUBRIFICANTE DESINGRIPANTE SPRAY, FRASCO COM 300ML"
"189","NITROGENIO LIQUIDO"
"190","OLEO DESINGRIPANTE PARA FERRAGENS,TIPO SPRAY,EM FRASCO DE 300ML."
"191","OLEO/LUBRIFICANTE EM 1 LITRO"
"192","OLEO/LUBRIFICANTE MULTIUSO"
"193","OLEO/LUBRIFICANTE SPRAY, FRASCO COM 300ML, ESPECIFICO P/EQUIP.HILAN"
"194","CONDECORAÇÕES, BANDEIRAS E GALHARDETES"
"195","BANDEIRA DA POLICIA CIVIL"
"196","BANDEIRA DE SANTA CATARINA"
"197","BANDEIRA DO BRASIL"
"198","BANDEIRA OFICIAL DA DEFESA CIVIL DE SANTA CATARINA"
"199","MEDALHA DE BRONZE"
"200","MEDALHA DE OURO"
"201","MEDALHA DE PRATA"
"202","MEDALHAS MEDALHA"
"203","CONDICIONAMENTO E REFRIGERAÇÃO"
"204","BEBEDOURO ELETRICO DE COLUNA C/GARRAFAO, 220V"
"205","BEBEDOURO ELETRICO PROJETADO PARA PESSOAS COM NECESSIDADES ESPECIAIS."
"206","CAIXA TERMICA CAPACIDADE 145L"
"207","CONDICIONADOR DE AR TIPO PISO/TETO, CAPAC.DE 48.000 BTU'S"
"208","CONDICIONADOR DE AR TIPO SPLIT, COM 24.000 BTU`S"
"209","CONDICIONADOR DE AR CAPACIDADE DE 24.000 BTUS,QUENTE/FRIO"
"210","CONDICIONADOR DE AR CICLO QUENTE/FRIO,18.000 BTUS,220 VOLTS,MONOFASICO *"
"211","CONDICIONADOR DE AR TIPO SPLIT 18000 BTU'S"
"212","CONDICIONADOR DE AR MODELO SPLIT, CAPACIDADE 12.000 BTU"
"213","CONDICIONADOR DE AR QUENTE E FRIO, 12.000 BTU"
"214","CONDICIONADOR DE AR FRIO-SPLIT CAPACIDADE E 9.000 BTU/H,C/CONTROLE"
"215","CONDICIONADOR DE AR MODELO SPLIT, CAPACIDADE 30.000 BTU"
"216","FREEZER TIPO HORIZONTAL"
"217","PUXADOR ALCA DE ALUMINIO, TAMANHO MEDIO"
"218","PUXADOR DE ALCA EM PLASTICO"
"219","PUXADOR DE BOLA EM PLASTICO"
"220","REFRIGERADOR 280 LITROS PARA USO DOMESTICO, 220V"
"221","REFRIGERADOR 4 PORTAS"
"222","REFRIGERADOR CAPACIDADE DE 310 LITROS"
"223","REFRIGERADOR DOMESTICO CAPACIDADE DE 240 LITROS"
"224","REFRIGERADOR ELETRICO, 1500L, 6 PORTAS"
"225","REFRIGERADOR TIPO FRIGOBAR"
"226","REFRIGERADOR VERTICAL CAPACIDADE DE 262 LITROS, BRANCO 220 VOLTS"
"227","VALVULA REDUTORA PARA CILINDRO DE OXIGENIO C/FLUXOMETRO,SAIDA UNICA E FRON"
"228","VALVULA REDUTORA VÁLVULA REGULADORA PARA CILINDRO DE OXIGÊNIO,SEM FLUXÔMET"
"229","VENTILADOR DE PAREDE, 60CM DE DIAMETRO"
"230","VENTILADOR DE PRESSAO"
"231",""
"232","AGUA SANITARIA COM NO MINIMO 2GR% IONS CLORO ATIVO EMBALAGEM DE 1 LITRO *"
"233","BALDE DE FERRO PARA CONCRETO COM ALCA, CAPAC. 5 LITROS"
"234","BALDE PLASTICO COM ALCA,CAPAC.APROX. 10 LITROS,QUALQUER COR."
"235","BALDE PLASTICO COM CAPACIDADE DE 15 LITROS.*"
"236","BALDE PLASTICO COM CAPACIDADE DE 17 LITROS,"
"237","BALDE PLASTICO COM CAPACIDADE PARA 20 LITROS"
"238","BALDE PLASTICO COM TAMPA, LACRE E ALCA 2,2L"
"239","BALDE PLASTICO COM TAMPA, LACRE E ALCA 3,2L"
"240","BASE SELADORA PARA PISOS POROSOS, EMBALAGEM COM 5 LITROS *"
"241","BORRIFADOR DE AGUA COM 500 ML"
"242","BORRIFADOR DE PLASTICO PARA AGUA E ALCOOL PARA MOLHAR PLANTAS (DET)"
"243","CERA LIQUIDA EMBALAGEM DE 5 LITROS - INCOLOR, P/CONSERV.DIVERSOS PISOS"
"244","CERA LIQUIDA EMBALAGEM DE 5 LITROS COR BRANCA PARA ASSOALHO"
"245","DESENGRAXANTE/DESENCRUSTANTE/DESINGRIPANTE,P/REMOCAO GORDURA DE EFEITORAPIDO,P/USO EM FOGOES,FORNOS,GRELHAS E FRITADEIRA"
"246","DESENTUPIDOR DE BORRACHA DESENTUPIDOR DE BORRACHA COM CABO P/ VASO SANITARIO *"
"247","DESENTUPIDOR MANUAL PARA VASO SANITARIO"
"248","DESINFETANTE LIQUIDO ACAO GERMICIDA E BACTERICIDA GALAO COM 05 LITROS"
"249","DESINFETANTE LIQUIDO AROMA LAVANDA - EMBALAGEM 500ML*"
"250","DESINFETANTE LIQUIDO DESINFETANTE LIQUIDO, AROMA LAVANDA, 100% BIODEGRADAVEL"
"251","DESINFETANTE LIQUIDO EM LITRO"
"252","DESINFETANTE LIQUIDO SEM CLORO"
"253","DESODORIZADOR DE AR DESODORIZADOR DE AR"
"254","DESODORIZANTE AROMATICO PARA BANHEIRO COM REFIL E SUPORTE PERMANENTE COM NOMINIMO 35 GRAMAS *"
"255","DETERGENTE LIQUIDO NEUTRO CONCENTRADO P/PISOS E PAREDES,5L"
"256","DETERGENTE LIQ.NEUTRO,BIODEGR.P/LIMP.DE ART.,UTENC.P/ PREP.DE ALIMENTO*"
"257","DETERGENTE LIQUIDO CONCENTRADO,P/LIMPEZA PESADA,C/TAMPA DOSADORA,500ML*"
"258","DETERGENTE LIQUIDO,INSTANTANEO,P/LIMPEZA GERAL,MULTIUSO,FRASCO 500 ML*"
"259","DETERGENTE LIQUIDO, NEUTRO, BIODEGRADAVEL, 5 LITROS"
"260","DETERGENTE PARA LIMPEZA DE PISOS NEUTRO,USO DIARIO,P/PISOS C/ACABAMENTO ACRILICO"
"261","DETERGENTE PARA LIMPEZA DE PISOS REMOVEDOR DE CERAS E IMPERABILIZANTE,EMB.C/05LITROS"
"262","DESENTUPIDOR LIQUIDO"
"263","DISCO PARA ENCERADEIRA 510MM DE DIAMETRO, BRANCO"
"264","DISCO PARA ENCERADEIRA 510MM DE DIAMETRO, PRETO"
"265","DISCO PARA ENCERADEIRA COM 350MM DE DIAMETRO"
"266","DISCO PARA ENCERADEIRA DISCO PARA ENCERADEIRA ABRASIVO, PRETO, 350 MM DEDIAMETRO"
"267","DISCO PARA ENCERADEIRA LIMPEZA VERDE 410MM"
"268","DISCO PARA ENCERADEIRA LUSTRADOR MED.350MM DIAMETRO, COR BRANCA"
"269","ESCOVA PARA LIMPEZA COM CERDAS DE NYLON"
"270","ESCOVA PARA LIMPEZA COM CERDAS DE NYLON,MED.10 A 12 CM DE COMP. *"
"271","ESCOVA PARA LIMPEZA DE BALOES VOLUMETRICOS DE 250ML"
"272","ESCOVA PARA LIMPEZA DE GARRAFA TERMICA"
"273","ESCOVA PARA LIMPEZA DE INSTRUMENTAL CIRURGICO,MED.35 CM DE DIAMETRO DE 11MM"
"274","ESCOVA PARA LIMPEZA DE MAMADEIRA E BICO,COM CABO EM POLIPROPILENO *"
"275","ESCOVA PARA LIMPEZA DE TUBOS DE ENSAIO, 05MM DIAMETRO X 28CM DE COMPRIMENTO"
"276","ESCOVA PARA LIMPEZA DE VASO SANITARIO,COM CERDAS DE NYLON.*"
"277","ESCOVA PARA LIMPEZA EM KG"
"278","ESCOVA PARA LIMPEZA DE ENDOSCOPIO,CANAL DE TRABALHO DE 2,8MM"
"279","ESCOVA PARA LIMPEZA DE INSTRUMENTAL CIRURGICO,MED.35 CM, 2,5 MM"
"280","ESCOVA PARA LIMPEZA DE INSTRUMENTO CIRURGICO MED.35 CM DIAMETRO 7 MM"
"281","ESCOVA PARA LIMPEZA PARA BALOES DE FUNDO CHATO DE 12LITROS"
"282","ESCOVA PARA LIMPEZA PARA TUBOS DE ENSAIO"
"283","ESCOVAO PARA LIMPEZA COM CERDAS DE NYLON E CABO DE APROX.1,20 M *"
"284","ESFREGAO DE FIBRA SINTETICA PARA LIMPEZA DE PANELAS *"
"285","ESGUICHO REGULAVEL PARA MANGUEIRA DE ALTA PRESSAO"
"286","ESPONJA DE ACO PARA LIMPEZA*"
"287","ESPONJA PARA LIMPEZA DUPLA FACE, COM MATERIAL ABRASIVO *"
"288","ESTOPA BRANCA EMBALAGEM 500G"
"289","FLANELA PARA LIMPEZA FLANELA P/ LIMPEZA EM ALGODAO NA COR BRANCA MED. 30X40CM"
"290","FLANELA PARA LIMPEZA PELUCIADA,COM BORDAS CHULEADAS,MED.APROX.0,60X0,40 METROS*"
"291","IMPERMEABILIZANTE PARA PISOS METALIZANTE-EMBALAGEM COM 5 LITROS  (DET.)*"
"292","LA DE ACO TIPO BOM-BRIL EMBALAGEM COM 8 UNIDADES*"
"293","LIMPA VIDRO EM EMBALAGEM DE 500 ML*"
"294","LUSTRA MOVEIS CREMOSO EMBALAGEM DE 200 ML APROXIMADAMENTE.*"
"295","LUVA DE BORRACHA PARA LIMPEZA TAMANHO GRANDE *"
"296","LUVA DE BORRACHA PARA LIMPEZA TAMANHO MEDIO *"
"297","LUVA DE BORRACHA PARA LIMPEZA TAMANHO PEQUENO *"
"298","LUVA PARA LIMPEZA NITRILICA, TAMANHO G"
"299","LUVA PARA LIMPEZA NITRILICA, TAMANHO M"
"300","LUVA PARA LIMPEZA NITRILICA, TAMANHO P"
"301","MAQUINA SECADORA DE ROUPA 200 VOLTS"
"302","MAQUINA SECADORA DE ROUPA REFERENCIAL L-2400, VAZAO C/2400 LITROS"
"303","MOP PO COMPLETO, COM CABO,SUPORTE E ESTRUTURA DE ACRILICO DE 60CM"
"304","MOP UMIDO COMPLETO, COM CABO DE ALUMINIO,MANOPLA E SUPORTE"
"305","PA PARA LIXO DE PLASTICO*"
"306","PANO DE COPA EM TECIDO DE ALGODAO, MED 0,70X0,50 M*"
"307","PANO DESCARTAVEL ABSORVENTE PARA LIMPEZA PESADA 150M, PICOTADO, BRANCO"
"308","PASTA PARA LIMPEZA EMBALAGEM COM 500 GRAMAS *"
"309","PEDRA SANITARIA"
"310","PURIFICADOR DE AR DESODORIZANTE EM SPRAY, FRASCO COM APROXIMADAMENTE 350ML*"
"311","REFIL PARA VASSOURA MOP PO,CONFECCIONADA C/FIOS DE ALGODAO 60 CM,C/300 GRAMAS"
"312","REFIL PARA VASSOURA MOP UMIDO, CONFECCIONADA COM FIOS DE ALGODAO (DET)"
"313","RODO DE ALUMINIO C/1 METRO PARA LIMPEZA DE PISOS"
"314","RODO DE BORRACHA COM 30 CM, COM CABO DE APROXIMADAMENTE 1,20 M *"
"315","SABAO EM BARRA COMUM, COM 200 GRAMAS*"
"316","SABAO EM BARRA DE COCO, COM 200 GRAMAS*"
"317","SABAO EM PO EMBALAGEM COM 1 KG  *"
"318","SABAO GLICERINADO PARA USO EM COZINHA EM BARRA,PECA C/200 GR APROX,PACOTES C/5UNIDADES NO MAXIMO*"
"319","SACO DE TECIDO DE ALGODAO PRE-LAVADO PARA LIMPEZA*"
"320","SAPONACEO CREMOSO EMBALAGEM COM 300ML"
"321","SAPONACEO CREMOSO PARA LIMPEZA PESADA DE SUPERFICIE,C/300 ML"
"322","SAPONACEO EM PO EMBALAGEM COM 300 GRAMAS *"
"323","SECANTE PARA MAQUINA DE LAVAR LOUCAS INDUSTRIAL **"
"324","SILICONE COM BICO DOSADOR,TUBO COM 300 ML"
"325","SILICONE PARA USO EM PISTOLA, TUBO COM 280 GR"
"326","SOLUCAO LIMPADORA KIT LIMPA TELAS"
"327","SUPORTE PARA DISCO DE ENCERADEIRA C/ FLANGE"
"328","TELAS DE POLIETILENO"
"329","VASSOURA CABO P/MOP ÞMIDO EM ALUMINIO 22MM, C/ APROXIMADAMENTE 1,40 M"
"330","VASSOURA COM CERDAS DE NYLON, CABO DE MADEIRA *"
"331","VASSOURA DE NYLON COM CABO DE METAL, MEDINDO APROX. 1,20 METROS *"
"332","VASSOURA DE PALHA COM CABO DE APROX. 1,00 M, COM 5 FIOS *"
"333","VASSOURA PARA GRAMA"
"334","VASSOURA TIPO VASSOURAO"
"335",""
"336","ACENDEDOR DE FOGAO A GAS"
"337","ASSADEIRA RETANGULAR EM ALUMINIO"
"338","BACIA DE PLASTICO REDONDA"
"339","BANDEJA PLASTICA SUPERFICIE LISA,TAMANHO APROX.35X25CM PARA MEDICACAO"
"340","BATEDEIRA TIPO INDUSTRIAL(PLANETARIA) 4 LITROS"
"341","BATEDEIRA TIPO INDUSTRIAL(PLANETARIA) 8 VELOCIDADES"
"342","BATEDEIRA TIPO INDUSTRIAL(PLANETARIA) COM NO MÍNIMO 4 VELOCIDADES"
"343","BULE DE ALUMINIO COM TAMPA CAP DE 2 LITROS"
"344","CAFETEIRA ELETRICA TIPO INDUSTRIAL"
"345","CAIXA PLASTICA PARA HORTIFRUTI"
"346","CAIXA PLASTICA PARA USO COM ALIMENTOS 70L 70X35X35CM"
"347","CANECA DE ALUMINIO"
"348","CANECA PLASTICA EM POLIPROPILENO C/ALÇA CAPACIDADE DE 300ML CORES DIVERSAS"
"349","CHALEIRA DE ALUMINIO POLIDO, C/ ALCA, CAP. P/03 LITROS"
"350","CILINDRO PARA PREPARACAO DE MASSAS SOVADOR"
"351","COLHER DE ACO INOX COM GANCHO"
"352","COLHER DE ACO INOX PARA REFEICAO"
"353","COLHER DE ACO INOX PARA SERVIR ARROZ"
"354","COLHER DE ACO INOX PARA SOPA"
"355","COLHER DE PLASTICO/POLIPROPILENO PARA REFEICAO"
"356","CONCHA (PARA COZINHA) EM INOX"
"357","CONJUNTO DE UTENSILIOS PARA COZINHA KIT PARA CONFEITAR PROFISSIONAL"
"358","CONJUNTO DE UTENSILIOS PARA COZINHA UTENSILIOS PARA COZINHA EM CONJUNTO"
"359","COPO PLASTICO DESCARTAVEL CAPACIDADE 150 ML,COM 100 UNIDADES"
"360","COPO DE PLASTICO/POLIPROPILENO GRADUADO, CAPACIADE 240ML,TOTALMENTEARREDONDADO."
"361","COPO DE VIDRO LISO TRANSPARENTE,PARA AGUA"
"362","COPO DE VIDRO TRANSPARENTE"
"363","COPO PLASTICO DESCARTAVEL COR BRANCA, CAPACIDADE PARA NO MINIMO 200ML"
"364","COPO PLASTICO DESCARTAVEL COR BRANCA, CAPACIDADE PARA NO MINIMO 50ML"
"365","COPO PLASTICO DESCARTAVEL EM POLIPROPILENO CAPACIDADE P/200ML COM 100 UNIDADES"
"366","CORTADOR DE LEGUMES GRANDE, COM SUPORTE DE CHÃO"
"367","CORTADOR DE LEGUMES USO INDUSTRIAL EM ALUMINIO FUNDIDO"
"368","ESCORREDOR EM ALUMINIO PARA MACARRAO"
"369","ESCOVA DE ACO PARA FERRUGEM"
"370","ESCUMADEIRA (RESTRITO) DE ACO INOX C/ APROX. 9CM DE DIAMETRO, 30CM DE CABO E ALCA"
"371","ESPATULA EM ACO INOX EM 12 CM"
"372","ESPATULA ESPATULA TIPO COLHER EM PORCELANA VITRIFICADA, 250 MM"
"373","ESPATULA TIPO PINTOR ND4"
"374","EXTRATOR DE SUCO TIPO INDUSTRIAL, ELETRICO, COPO EM ACO INOX, COPO E PENEIRA"
"375","FACA DE ACO INOX PARA CARNE"
"376","FACA DE ACO INOX PARA REFEICAO"
"377","FACA PARA COZINHA FACA PARA LEGUMES OU SALADA"
"378","FACA PARA COZINHA PARA CARNE"
"379","FACA PARA COZINHA PARA PAO"
"380","FILTRO DE PAPEL PARA CAFE TAMANHO 103, CAIXA COM 30 UNIDADES"
"381","FOGAO A GAS COM MODULO CHAPA INOX"
"382","FOGAO A GAS COOK TOP 40 BOCAS, MESA EM VIDRO TEMPERADO, ACENDIM. AUT."
"383","FOGAO A GAS INDUSTRIAL DE CENTRO 6 BOCAS COM GRELHA"
"384","FOGAO A GAS TIPO INDUSTRIAL"
"385","FORMA (PARA COZINHA) EM ALUMINIO"
"386","FORMA (PARA COZINHA) PARA PIZZA"
"387","FORMA (PARA COZINHA) QUADRADA"
"388","FORNO A GAS COM DUAS CAMARAS"
"389","FORNO A GAS INDUSTRIAL COM 3 CAMARAS DE COZIMENTO"
"390","FORNO A GAS INDUSTRIAL DE LASTRO COM 1 CAMARA DE COZIMENTO"
"391","FORNO MICROONDAS CAPACIDADE 20 LITROS, 220 VOLTS"
"392","FORNO MICROONDAS FORNO MICROONDAS"
"393","FOSFORO DE USO DOMESTICO, CAIXA COM APROX.40 PALITOS"
"394","FRIGIDEIRA ANTIADERENTE"
"395","FRIGIDEIRA EM ALUMINIO"
"396","GARFO DE ACO INOX TRINCHANTE"
"397","GARRAFA TERMICA 5 LITROS"
"398","GARRAFA TERMICA CAPACIDADE 1,8 LITROS"
"399","GARRAFA TERMICA CAPACIDADE 12 LITROS COM ALÇA"
"400","GARRAFA TERMICA CAPACIDADE DE 02 LITROS"
"401","GARRAFA TERMICA COM ALCA, CAPACIDADE 01 LITRO"
"402","GUARDANAPO GUARDANAPO DE PAPEL COR BRANCA, EMBALAGEM COM 50 UNIDADES"
"403","JARRA DE VIDRO PARA AGUA"
"404","JARRA ELETRICA USO DOMESTICO 220 VOLTS"
"405","LIQUIDIFICADOR TIPO INDUSTRIAL CAPACIDADE APROX.8 LITROS, 220 VOLTS"
"406","LIQUIDIFICADOR TIPO INDUSTRIAL CAPACIDADE MINIMA DO COPO DE 15 LITROS"
"407","LIQUIDIFICADOR TIPO INDUSTRIAL CAPACIDADE P/ 04 LITROS"
"408","LUVA PARA COZINHA LUVA TERMICA"
"409","LUVA PARA COZINHA TRANSPARENTE P/MANIPULACAO DE ALIMENTOS EMBALAGEM C/100"
"410",""
"411","UND"
"412","MAMADEIRA EM COPOLIESTER, CAPACIDADE 240ML"
"413","MAMADEIRA EM COPOLIESTER, CAPACIDADE ENTRE 50 E 80ML"
"414","MAQUINA TIPO MASSEIRA DE PAO"
"415","MATERIAIS E UTENSILIOS PARA CONFEITARIA CONJUNTO DE PLACAS DE CORTE"
"416","MATERIAIS E UTENSILIOS PARA CONFEITARIA TABUA DE CORTE"
"417","MATERIAIS, ARTIGOS E UTENSILIOS PARA COZINHA CHAIRA - AFIADOR DE FACA EM ACO DURO"
"418","MOEDOR DE CARNE ELETRICO"
"419","PA DE POLIPROPILENO LISA, COM APROXIMADAMENTE 120 CM DE COMPRIMENTO"
"420","PA DE POLIPROPILENO PARA CALDEIRAO, COM FUROS"
"421","PA DE POLIPROPILENO PARA CALDEIRAO, LISA"
"422","PANELA CONJUNTO"
"423","PANELA DE ALUMINIO INDUSTRIAL, TIPO CACAROLA 60 LITROS"
"424","PANELA INDUSTRIAL CALDEIRAO 20L"
"425","PANELA INDUSTRIAL CAPACIDADE 10L"
"426","PANELA INDUSTRIAL CAPACIDADE 30L"
"427","PANELA INDUSTRIAL CAPACIDADE 40L"
"428","PANELA INDUSTRIAL CAPACIDADE 50L"
"429","PANELA INDUSTRIAL TIPO CALDEIRAO"
"430","PANELAO DE PRESSAO ELETRICA"
"431","PANELAO DE PRESSAO INDUSTRIAL 30 LITROS"
"432","PANELAO DE PRESSAO PROFISSIONAL EM ALUMINIO, CAPACIDADE 7.5 LITROS"
"433","PECAS,COMPONENTES E ACESSORIOS P/EQUIP.COZINHA E REFEITORIOS CONJUNTO NAVALHA"
"434",""
"435","FACA MACHO E FEMEA PARA CORTADOR DE LEGUMES"
"436","PEGADOR DE ALIMENTOS DE ACO INOX"
"437","PENEIRA EM ACO ACO INOXIDAVEL, MALHA FINA, DIAMETRO 12 A 14 CM"
"438","PENEIRA EM ACO INOX"
"439","PORTA COPOS DE AGUA, TIPO DISPENSER"
"440","POTE PLASTICO/RECIPIENTE PLASTICO P/FREEZER E MICROONDAS MULTI USO"
"441","PRATO EM VIDRO FUNDO"
"442","PRATO EM VIDRO RASO"
"443","RALADOR EM ACO INOXIDAVEL"
"444","ROLO PARA MASSA DE POLIPROPILENO"
"445","SOCADOR DE FEIJAO EM POLIPROPILENO ATOXICO C/CABO DE 60CM APROX"
"446","SUPORTE PARA COPOS DISPENSER PARA COPO PLASTICO DE 180/200ML"
"447","XICARA COM PIRES DE PORCELANA PARA CAFEZINHO * BRANCA COM LOGOMARCA GOVERNO"
"448",""
"449","DO ESTADO DE SANTA CATARINA"
"450","DISPOSITIVOS DE FIXACAO, TELAS E ARAMES"
"451","ABRACADEIRA DE NYLON"
"452","ABRACADEIRA PLASTICA"
"453","ARAME DE ACO GALVANIZADO"
"454","ARAME DE ACO RECOZIDO COM. P/CONSTRUCAO N.18"
"455","ARRUELA METALICA LISA"
"456","ARRUELA METALICA PARA PARAFUSO"
"457","ARRUELA METALICA TAMANHO 4 MM"
"458","BRACADEIRA ABRACADEIRA EM METAL 1"""
"459","BRACADEIRA ABRACADEIRA COM CUNHA 3/4"
"460","BUCHA PARA FIXACAO BUCHA DE NYLON S 6"
"461","BUCHA PARA FIXACAO BUCHA DE NYLON S-8"
"462","BUCHA PARA FIXACAO DE NYLON, NUEMRO 12"
"463","BUCHA PARA FIXACAO NUMERO 10"
"464","BUCHA PARA FIXACAO NUMERO 5"
"465","BUCHA PARA FIXACAO NUMERO 6"
"466","BUCHA PARA FIXACAO NUMERO 7"
"467","BUCHA PARA FIXACAO NUMERO 8"
"468","BUCHA PARA FIXACAO PLASTICA,"
"469","CORREDICA DE GAVETA MEDINDO 50CM"
"470","CORREDICA PARA GAVETA 40CM C/PARAFUSO"
"471","CORREDICA PARA GAVETA 45CM"
"472","GRAMPO PARA GRAMPEADOR PNEUMATICO MEDINDO 8MM"
"473","GRAMPO PARA GRAMPEADOR PNEUMATICO PARA PISTOLA DE ESTOFADOR 106/6,CAIXA COM"
"474",""
"475","5000 UNIDADES"
"476","PARAFUSO METALICO  TIPO PHILIPS MEDINDO 3 X 25"
"477","PARAFUSO METALICO  TIPO PHILIPS MEDINDO 3.5 X 25"
"478","PARAFUSO METALICO  TIPO PHILIPS MEDINDO 3.5 X 35"
"479","PARAFUSO METALICO CABECA CHATA"
"480","PARAFUSO METALICO CHIPBORD, CABEÇA CHATA, PHILIPS 3,5X14MM"
"481","PARAFUSO METALICO CHIPBORD, CABEÇA CHATA, PHILIPS 3,5X40MM"
"482","PARAFUSO METALICO CHIPBORD, CABEÇA CHATA, PHILIPS 4,5X60MM"
"483","PARAFUSO METALICO COM PORCA E ARRUELA 10MM C/10CM"
"484","PARAFUSO METALICO EM ACO"
"485","PARAFUSO METALICO EM ZINCO"
"486","PARAFUSO METALICO MED. 3,5 X 20, CABECA CHATA"
"487","PARAFUSO METALICO MED.4,0X35,CABECA CHATA"
"488","PARAFUSO METALICO MEDINDO 2,5X12"
"489","PARAFUSO METALICO MEDINDO 3,5 X 14 CABECA CHATA"
"490","PARAFUSO METALICO MEDINDO 4 X 50"
"491","PARAFUSO METALICO MEDINDO 4X40"
"492","PARAFUSO METALICO PARA BUCHA NR. 06"
"493","PARAFUSO METALICO PARA BUCHA NR. 08"
"494","PARAFUSO METALICO PARA BUCHA NR. 10"
"495","PARAFUSO METALICO PARA FIXAR VASO SANITARIO COM ARRUELA E BUCHA"
"496","PARAFUSO METALICO PARAFUSO 4 MM"
"497","PARAFUSO METALICO PARAFUSO PHILIPS 3.5 X 40"
"498","PARAFUSO METALICO PARAFUSO PHILIPS 6MM"
"499","PARAFUSO METALICO PARAFUSO PHILIPS 8MM"
"500","PARAFUSO METALICO PHILIPS"
"501","PARAFUSO METALICO PHILIPS CABECA CHATA 3.5X14"
"502","PARAFUSO METALICO PHILIPS CABECA CHATA 3.5X16"
"503","PARAFUSO METALICO PHILIPS CABECA CHATA 3.5X20"
"504","PARAFUSO METALICO PHILIPS CABECA CHATA 3.5X25"
"505","PARAFUSO METALICO PHILIPS CABECA CHATA 3.5X30"
"506","PARAFUSO METALICO PHILIPS CABECA CHATA 3.5X35"
"507","PARAFUSO METALICO PHILIPS CABECA CHATA 3.5X40"
"508","PARAFUSO METALICO PHILIPS CABECA CHATA 4.0MM X50M"
"509","PARAFUSO METALICO PHILIPS CABECA CHATA 4.0X16"
"510","PARAFUSO METALICO PHILIPS CABECA CHATA 4.0X16"
"511","PARAFUSO METALICO PHILIPS CABECA CHATA 4.0X16"
"512","PARAFUSO METALICO PHILIPS CABECA CHATA 4.8X65"
"513","PARAFUSO METALICO PHILIPS CABECA CHATA 6.3X50"
"514","PARAFUSO METALICO PITAO"
"515","PARAFUSO METALICO SEXTAVADO"
"516","PARAFUSO METALICO SEXTAVADO 1/4 X2 COM PORCA E ARRUELA"
"517","PARAFUSO METALICO SEXTAVADO 1/4X2'' MM"
"518","PARAFUSO METALICO SEXTAVADO 3/8 X 2 COM PORCA E ARRUELA"
"519","PARAFUSO METALICO SEXTAVADO 5/16X 1/34 COM PORCA E ARRUELA"
"520","PARAFUSO METALICO SEXTAVADO 5/16X2"
"521","PARAFUSO METALICO TAMANHOS DIVERSOS"
"522","PARAFUSO METALICO TIPO PHILIPS, DEDINDO 6.0 X 60"
"523","PARAFUSO METALICO TIPO PHILIPS, MEDINDO 4.5 X 60"
"524","PREGO DE ACO MEDINDO 10 X X10, COM CABECA"
"525","PREGO DE ACO MEDINDO 10 X X10, SEM CABECA"
"526","PREGO DE ACO MEDINDO 12X12 COM CABEÇA"
"527","PREGO DE ACO MEDINDO 14X18 C/C"
"528","PREGO DE ACO MEDINDO 15 X 15, COM CABECA"
"529","PREGO DE ACO MEDINDO 15 X 21, COM CABECA"
"530","PREGO DE ACO MEDINDO 16 X 24, COM CABECA"
"531","PREGO DE ACO MEDINDO 16X24 COM CABECA"
"532","PREGO DE ACO MEDINDO 17X27 COM CABECA"
"533","PREGO DE ACO MEDINDO 18X30 COM CABECA"
"534","PREGO DE ACO MEDINDO 19 X 36, COM CABECA"
"535","PREGO DE ACO PREGO 17X27"
"536","REBITE DE ALUMINIO"
"537","REBITE DE FERRO NIQUELADO N. 4"
"538","REBITE DE REPUXO"
"539","REBITE DE REPUXO 3.2X10.0MM"
"540","REBITE DE REPUXO 4.8X12.00MM"
"541","REBITE DE REPUXO"
"542","REBITE REPUXO ALUMINIO 4.0X12"
"543",""
"544","MOTO AQUATICA / JET-SKI MODELO JET-SKI, MOTOR 4 TEMPOS"
"545",""
"546","ASSENTO SANITARIO (TAMPA) ALMOFADADO OVAL BRANCO"
"547","ASSENTO SANITARIO (TAMPA) DE POLIPROPILENO"
"548","ASSENTO SANITARIO (TAMPA) EM PLASTICO, CORES DIVERSAS"
"549","ASSENTO SANITARIO (TAMPA) PVC , COR BRANCO, OVAL"
"550","CAIXA DE DESCARGA DE SOBREPOR"
"551","COMPONENTE E ACESSORIOS DE EQUIPAMENTOS BOLSA"
"552","DISPENSER PARA ALCOOL GEL"
"553","DISPENSER PARA SABONETE LIQUIDO"
"554","DUCHA CHUVEIRO ELETRICO, 3 TEMPERATURAS"
"555","ENGATE DE ALUMINIO FLEXIVEL PARA TORNEIRA"
"556","ENGATE PLASTICO COM BRACO"
"557","ENGATE PLASTICO FLEXIVEL 50 CM X 1/2"
"558","FLEXIVEL PARA BANHEIRO CAIXA DESCARGA"
"559","KIT PARA REPARO DE REGISTRO HIDRAULICO"
"560","MATERIAIS,COMPONENTES E ACESSORIOS HIDRAULICO-SANITARIOS PONTEIRA"
"561","MATERIAIS,COMPONENTES E ACESSORIOS HIDRAULICO-SANITARIOS RALO"
"562","MATERIAIS,COMPONENTES E ACESSORIOS HIDRAULICO-SANITARIOS TANQUE"
"563","MATERIAIS,COMPONENTES E ACESSORIOS HIDRAULICO-SANITARIOS TUBO DE DESCIDA"
"564","MOLDURA PARA VALVULA DE DESCARGA"
"565","PIA OVAL"
"566","PORTA PAPEL TOALHA INTER FOLHAS"
"567","PORTA PAPEL TOALHA PARA BOBINAS"
"568","PORTA PAPEL TOALHA TIPO DISPENSADOR"
"569","RALO PARA ESGOTO EM ACO INOX, QUADRADO, MED. 15 X 15"
"570","RALO PARA ESGOTO GRELHA EM ALUMINIO ABRE E FECHA, QUADRADO, 15CM"
"571","RALO PARA ESGOTO GRELHA REDONDA COM CAXILHO, 10CM"
"572","REFIL DE FILTRO PARA FILTRO DE AGUA"
"573","REGISTRO DE PLASTICO COM COLUNA, COR BRANCA"
"574","REGISTRO DE PLASTICO DE GAVETA 3/4 COMPLETO"
"575","REGISTRO DE PLASTICO PVC, 25 MM (3/4"")"
"576","REGISTRO DE PLASTICO REGISTRO DE METAL, TAMANHOS DIVERSOS"
"577","REPARO PARA TORNEIRA SIMPLES"
"578","REPARO VALVULA DOCOL ORIGINAL 1-1/2""."
"579","REPARO VALVULA HIDRA PARA BACIO"
"580","REPARO VALVULA PARA HYDRA ORIGINAL"
"581","REPARO VALVULA PARA INSTALACOES"
"582","SABONETEIRA FIXA DE PAREDE"
"583","SIFAO PARA LAVATORIO"
"584","SIFAO PARA PIA"
"585","SIFAO PLASTICO FLEXIVEL"
"586","SIFAO SANFONADO 1.1/2 X 40 MM"
"587","SUPORTE PARA PAPEL HIGIENICO CROMADO"
"588","TAMPA PARA VALVULA DE DESCARGA"
"589","TORNEIRA DE METAL CROMADA"
"590","TORNEIRA DE METAL CROMADA PARA LAVATORIO DE 1/2 POLEGADA"
"591","TORNEIRA DE METAL CROMADA, DE PAREDE, PARA LAVATORIO"
"592","TORNEIRA DE METAL PARA PIA DE COZINHA 1/2"", TIPO BICA MOVEL"
"593","TORNEIRA DE METAL TAMANHO 3/4"
"594","TORNEIRA DE METAL TORNEIRA BICA ALTA 1/4 DE VOLTA METALICA DE MESA"
"595","TORNEIRA DE PLASTICO PARA JARDIM COM BICO 3/4"""
"596","TORNEIRA DE PLASTICO PARA JARDIM,COM BICO 1 1/2"""
"597","TORNEIRA DE PLASTICO PARA JARDIM,MEDINDO 1/2"""
"598","TORNEIRA DE PLASTICO PARA LAVATORIO"
"599","TORNEIRA ELETRICA - CONSUMO MULTITEMPERATURA"
"600","TORNEIRA PARA BEBEDOURO PLASTICA"
"601","TORNEIRA PARA BEBEDOURO TIPO ESGUICHO"
"602","VALVULA  PARA CAIXA DE DESCARGA ACABAMENTO DE VALVULA DE DESCARGA"
"603","VALVULA  PARA CAIXA DE DESCARGA KIT ACIONAMENTO MED.1 1/2"""
"604","VALVULA PARA PIA (LAVATORIO) DE METAL"
"605","VALVULA PARA PIA (LAVATORIO) DE PLASTICO"
"606","VALVULA PARA PIA (LAVATORIO) SIMPLES"
"607","VASO SANITARIO DE LOUCA ACOPLADO COM DESCARGA."
"608","VASO SANITARIO DE LOUCA TIPO BACIA CONVENCIONAL"
"609",""
"610","CADARCO SARJADO(CHATO)100% ALGODAO,COR BRANCA,ROLO C/ 50M,LARG.18MM"
"611","LINHA DE COSTURA LINHA TIPO URSO,100% ALGODAO N.000 COM 183M OU 200 JARDAS"
"612","MATERIAIS E AVIAMENTOS P/COSTURA,ESTOFAMENTO E CALCADOS CADARCO SARJADO"
"613","METRO EM MADEIRA,MEDINDO 1 METRO"
"614","METRO EM MADEIRA,MEDINDO 2 METROS"
"615",""
"616","BROCA DENTARIA BROCA CARBIDE NÐ 702"
"617","IMPLANTE DE MILLES IMPLANTE DE MILLES NUMERO 18"
"618","IMPLANTE DE MILLES IMPLANTE DE MILLES NUMERO 16"
"619","IMPLANTE DE MILLES IMPLANTE DE MILLES NUMERO 12"
"620","IMPLANTE DE MILLES IMPLANTE DE MILLES NUMERO 13"
"621","IMPLANTE DE MILLES IMPLANTE DE MILLES NUMERO 14"
"622","IMPLANTE DE MILLES IMPLANTE DE MILLES NUMERO 15"
"623","IMPLANTE DE MILLES IMPLANTE DE MILLES NUMERO 17"
"624","LENTE PARA MOLDAGEM DE CAVIDADE LENTE P/MOLDAGEM DE CAVIDADE TAMANHO G"
"625","LENTE PARA MOLDAGEM DE CAVIDADE LENTE P/MOLDAGEM DE CAVIDADE TAMANHO M"
"626","LENTE PARA MOLDAGEM DE CAVIDADE LENTE P/MOLDAGEM DE CAVIDADE TAMANHO P"
"627","SUGADOR ODONTOLOGICO SUGADOR ODONTOLOGICO,SIMPLES PARA SALIVA, DESCARTAVEL"
"628","EQUIPAMENTOS, PROGRAMAS E SUPRIMENTOS DE INFORMATICA"
"629","MATERIAIS E COMPONENTES P/EQUIPAMENTOS DE INFORMÁTICA SSD PLUS 240GB"
"630","MONITOR DE VIDEO MEDINDO 19 POLEGADAS"
"631","MONITOR DE VIDEO LED DE 23 POLEGADAS"
"632","MONITOR DE VIDEO DE LED"
"633","MONITOR DE VIDEO 27 POLEGADAS"
"634","MONITOR DE VIDEO 24 POLEGADAS"
"635","MONITOR DE VIDEO PROFISSIONAL 49 POLEGADAS"
"636","MONITOR DE VIDEO LCD 55 POLEGADAS"
"637","SWITCH HUB"
"638","SWITCH PRINCIPAL"
"639","IMPRESSORA LASER"
"640","MICROCOMPUTADOR"
"641","MICROCOMPUTADOR ESTACAO DE TRABALHO"
"642","MICROCOMPUTADOR COMPLETO"
"643","MICROCOMPUTADOR ESTACAO DE TRABALHO INTERMEDIARIA"
"644","MICROCOMPUTADOR ESTACAO DE TRABALHO AVANCADA"
"645","MICROCOMPUTADOR ESTACAO DE TRABALHO BASICA"
"646","MICROCOMPUTADOR NOTEBOOK"
"647","MICROCOMPUTADOR TABLET"
"648","MATERIAIS E COMPONENTES P/ EQUIPAMENTOS DE INFORMATICA PLACA DE VIDEO"
"649","PROCESSADOR PARA MICROCOMPUTADOR"
"650","NOTEBOOK COMPLETO"
"651","NOTEBOOK COM MONITOR 14"""
"652","NOTEBOOK BASICO"
"653","NOTEBOOK AVANCADO"
"654","SERVIDOR DE REDE COMPLETO"
"655","EQUIPAMENTO DE INFORMATICA PROJETOR MULTIMIDIA"
"656","EQUIPAMENTO DE INFORMATICA HDD 3,5"" 12TB PARA SISTEMA DE BACKUP"
"657","SISTEMA DE ARMAZENAMENTO DE DISCO/DADOS STORAGE"
"658","DISCO RIGIDO (WINCHESTER) PARA SERVIDOR"
"659","EQUIPAMENTOS E PECAS PARA INFORMATICA CABO HEPR FLEX"
"660","HARD DISK (HD) CAP 2.0TB, 7200RPM, SATA II, 3.0GBITS, MB DE CACHE, WD20EARS"
"661","HARD DISK (HD) HD EXTERNO, 2TB"
"662","HARD DISK (HD) EXTERNO, CAPACIDADE 1TB"
"663","HARD DISK (HD) INTERNO"
"664","CHAVEADOR MODELO KVM DE 8 PORTAS USB"
"665","CHAVEADOR KVM 16 PORTAS"
"666","APARELHO WIRELESS DE ENLACE TIPO PONTO-A-PONTO"
"667","NOBREAK"
"668","NOBREAK 1200 VA"
"669","IPAD (RESTRITO) WI-FI 3G 64GB"
"670","SERVIDOR LOCAL - RACK"
"671","SERVIDOR SERVIDOR BACKUP"
"672","SERVIDOR SERVIDOR CFTV"
"673","HARDWARE PARA SERVIDORES DE BANCO DE DADOS"
"674","GAVETA DE EXPANSAO STORAGE"
"675","TABLET 10 POLEGADAS"
"676","TABLET TABLET 32 GB"
"677","SOFTWARE (LICENCA DE USO) SOFTWARE DE CONTROLE DE ACESSO"
"678","SOFTWARE (LICENCA DE USO) SOFTWARE DE CONTROLE DE PONTO ELETRONICO"
"679","SOFTWARE LICENCA DE USO,DIVERSOS"
"680","SOLUCOES PARA COLETA, PROCESSAMENTO E ANALISE DE DADOS PARA PLATAFORMAS"
"681",""
"682","ELETRONICAS  PORTATEIS"
"683","TECLADO (RESTRITO - CONSUMO) PARA MICROCOMPUTADOR"
"684","PLACA MAE PARA MICROCOMPUTADOR"
"685","MODULO MEMORIA CAPACIDADE DE 1 GB DDR 400"
"686","COOLER(VENTILADOR PARA PROCESSADOR) PARA MICROCOMPUTADOR"
"687","APOIO DE PUNHO (DIGITADOR) APOIO ERGONOMICO EM GEL PARA TECLADO PRETO"
"688","TECLADO(REPOSICAO) PARA COMPUTADOR"
"689","MOUSE PARA MICROCOMPUTADOR"
"690","MOUSE OPTICO USB"
"691","MOUSE OPTICO DE DOIS BOTOES C/BOTAO ROLAGEM USB"
"692","CARTAO DE MEMORIA 256GB"
"693","LEITOR DE MEMORIA"
"694","GABINETE PARA MICROCOMPUTADOR PARA CPU"
"695","MODEM ACESS POINT MODEM SEM FIO"
"696","LEITOR BIOMETRICO IMPRESSAO DIGITAL"
"697","LEITOR BIOMETRICO USB"
"698","HARDWARE SSD SATA"
"699","CABO ADAPTADOR USB"
"700","WEBCAM(CAMERA DE VIDEO) PARA COMPUTADOR"
"701","PEN DRIVE CAPACIDADE DE 8 GB"
"702","PEN DRIVE CAPACIDADE DE 16 GB"
"703","FITA PARA IMPRESSORA RIBBON CERA, MED. 100MM X 91M"
"704","MOUSEPAD MOUSEPAD"
"705","COMPACT DISC(CD) VIRGEM REFERENCIA 750 MBL"
"706","CABO DE REDE DE INFORMATICA"
"707","CABO DE REDE UTP CAT.5"
"708","CABO DE REDE UTP CAT 6 COR VERMELHA COM 300M OU MAIS"
"709","FONTE DE ALIMENTACAO PARA NOTEBOOK"
"710","FONTE DE ALIMENTACAO DIGITAL"
"711","FONTE DE ALIMENTACAO FONTE DE ALIMENTACAO 48VDC 4A"
"712","FONTE DE ALIMENTACAO FONTE DE ALIMENTACAO  48VDC 2A"
"713","PATCH PANEL CAT.5E 24 POSICOES"
"714","PATCH PANEL POE 12 PORTAS"
"715","PATCH PANEL POE 5 PORTAS"
"716",""
"717","ACESSORIOS DE VITRECTOMIA P/USO EM VITREOFAGO ESPONJA SILICONE/CIR.DE RETINA-506"
"718","ACESSORIOS DE VITRECTOMIA P/USO EM VITREOFAGO OLEO SILICONE 1300CST,COMP.C/(D)"
"719","ACESSORIOS DE VITRECTOMIA P/USO EM VITREOFAGO P/GAS PERFLUORPROPANO 3.6"
"720","ACESSORIOS DE VITRECTOMIA P/USO EM VITREOFAGO P/MANGA DE SILICONE (SLEEVE) 270"
"721","ACESSORIOS DE VITRECTOMIA P/USO EM VITREOFAGO PERFLUOROCTANO OKTALINE"
"722","ACESSORIOS DE VITRECTOMIA P/USO EM VITREOFAGO PNEU DE SIL./ CIRUR.DE RETINA- 277"
"723","ACESSORIOS DE VITRECTOMIA P/USO EM VITREOFAGO RETRATORES DE IRIS (CX C/4 UNID)"
"724","ACESSORIOS DE VITRECTOMIA P/USO EM VITREOFAGO TIRA DE SILICONE/CIR.DE RETINA-042"
"725","ACESSORIOS DE VITRECTOMIA P/USO EM VITREOFAGO CANULA BACKFLUSH 23G"
"726","ACESSORIOS DE VITRECTOMIA P/USO EM VITREOFAGO CANULA BACKFLUSH 25G"
"727","ACESSORIOS DE VITRECTOMIA P/USO EM VITREOFAGO CANULA BACKFLUSH 27G"
"728","ACESSORIOS DE VITRECTOMIA P/USO EM VITREOFAGO CANULA PARA ASPIRACAO DE FLUIDOSUB-RETINIANO"
"729","ACESSORIOS DE VITRECTOMIA P/USO EM VITREOFAGO CÅNULA PARA ASPIRACAO DE FLUIDOSUB-RETINIANO 25G"
"730","ACESSORIOS DE VITRECTOMIA P/USO EM VITREOFAGO CANULA PARA ASPIRACAO SUBRETINIANO 27G"
"731","ACESSORIOS DE VITRECTOMIA P/USO EM VITREOFAGO FAIXA DE SILICONE PARA CIRURGIA DERETINA - 240"
"732","ACESSORIOS DE VITRECTOMIA P/USO EM VITREOFAGO OLEO SILICONE 5000 A 5700 CST,SERINGA COM INJETOR DE OLEO"
"733","ACESSORIOS DE VITRECTOMIA P/USO EM VITREOFAGO MICROFORCEPS RETO DESCARTAVELPARA USO EM VITRECTOMIA 23G"
"734","ACESSORIOS DE VITRECTOMIA P/USO EM VITREOFAGO MICROTESOURA DESCARTAVEL VERT. P/"
"735",""
"736","USO EM VITRECTOMIA"
"737","ACESSORIOS PARA EQUIPAMENTOS MEDICOS BASE P.TORQUE PECA DE"
"738",""
"739","MAO36KHZ.COMP.ASP.ULTRASSONICO,INTEGRA"
"740","ACESSORIOS PARA EQUIPAMENTOS MEDICOS BATERIA RECARREGAVEL, 9,6V, COMP. MON."
"741",""
"742","MULTIP. NIHON KOHDEN"
"743","ACESSORIOS PARA EQUIPAMENTOS MEDICOS CABO ADAP.PES"
"744",""
"745","DESCART.CARDIOVERSOR.COMP.NIHONKOHDEN.TEC-5600"
"746","ACESSORIOS PARA EQUIPAMENTOS MEDICOS CHAVE DE TORQUE DE 23KHZ."
"747",""
"748","COMP.ASP.ULTRASSONICO,INTEGRA"
"749","ACESSORIOS PARA EQUIPAMENTOS MEDICOS CHAVE DE TORQUE DE 36KHZ."
"750",""
"751","COMP.ASP.ULTRASSONICO,INTEGRA"
"752","ACESSORIOS PARA EQUIPAMENTOS MEDICOS DISPOSITIVO CATA-COAGULO, TIPO ADAPTAVEL A"
"753",""
"754","SERINGA-GASOMETRO"
"755","ACESSORIOS PARA EQUIPAMENTOS MEDICOS MANGUEIRA PNEUMATICA DUPLA PRESSAO COM"
"756",""
"757","DIFUSOR"
"758","ACESSORIOS PARA EQUIPAMENTOS MEDICOS MEMBRANA INTERFACE DE COMANDOS,"
"759",""
"760","VENTILADOR MAQUET SERVO S"
"761","ACESSORIOS PARA EQUIPAMENTOS MEDICOS PECA MAO EXCEL"
"762",""
"763","SABERTIP36KHZ.COMP.ASP.ULTRASSONICO,INTEGRA"
"764","ACESSORIOS PARA EQUIPAMENTOS MEDICOS PECA DE MAO MICRO TIP PLUS DE"
"765",""
"766","36KHZ,COMPATIVEL C/ CUSA EXCEL"
"767","ACESSORIOS PARA EQUIPAMENTOS MEDICOS PLACA ELET. CONEXAO"
"768",""
"769","TRANSDUTORES.VENTILADOR MAQUET SERVO S"
"770","ALCA DE USO MEDICO ALCA PARA RESSECTOSCOPIO  N.24"
"771","ANEL EXPANSOR ANEL EXP.INTRACAPSULAR C/ABERTURA DE 12 MM COR TRANSP."
"772","APARELHO DESFIBRILADOR PARA PACIENTES ADULTOS"
"773","APARELHO PARA AUSCULTAÐAO DE SONS CARDIACOS E PULMONARES ESTETOSCOPIO"
"774",""
"775","CONVENCIONAL"
"776","ARMADILHA DE AGUA ARMADILHA DE AGUA (D-FEND) COMPATIVEL COM MONITOR(D)"
"777","ARMADILHA DE AGUA CAPNOGRAFIA SIDESTREAM"
"778","ARMADILHA DE AGUA COMPATIVEL COM MONITOR GE B650"
"779","ASPIRADOR DE SECRECAO ASPIRADOR PARA SECRECAO UTILIZADO EM REDE DE OXIGENIO"
"780","ASPIRADOR DE SECRECAO PARA AR COMPRIMIDO FRASCO 500ML"
"781","ASPIRADOR DE USO MEDICO CAIXA TIPO MALETA P/ARMAZ.DE LAMINAS 26X76MM,CAP.P/100"
"782",""
"783","LAMI."
"784","ASPIRADOR DE USO MEDICO PORTA LAMINA DE PLASTICO P/LAM.DE MICROSC.C/CAPAC.P/50"
"785",""
"786","LAM."
"787","ASPIRADOR DE USO MEDICO PORTA LAMINA DE PLASTICO,C/3 RACHADURAS,CAP.P/3 LAMINAS"
"788","BALAO EM LATEX BALAO DE REINALACAO ANESTESIA 1/2L"
"789","BALAO EM LATEX BALAO DE REINALACAO ANESTESIA 2L"
"790","BALAO EM LATEX BALAO DE REINALACAO,P/VENT.EM ANESTESIA,5 LT"
"791","BALAO EM LATEX BALAO DE REINALAÇÃO ANESTESIA 1L"
"792","BALAO EM LATEX BALAO DE REINALAÇÃO PARA VENTILAÇÃO EM ANESTESIA, 3 L"
"793","BATERIA RECARREGAVEL 12V DC 1,2 A/H 30344030 COMP.CARDIOVERSOR GE CARDIOSERV"
"794","BATERIA RECARREGAVEL BATERIA NIMH 14,4V DC 4,5A/H,COMPATIVEL"
"795",""
"796","C/CARDIOVERSOR(DET.)"
"797","BATERIA RECARREGAVEL BATERIA RECARREGAVEL NIMH, 12 V DC, 2.8 A/H"
"798","BATERIA RECARREGAVEL BATERIA RECARREGAVEL, CHUMBO ACIDO SELADA  2,5 AMPERES"
"799","BATERIA RECARREGAVEL COMPATIVEL COM O VENTILADOR PULMONAR DA MARCA MAQUET."
"800","BOCAL BOCAL DESC. COMPATIVEL C/ ESPIROMETRO DA MARCA MICROMEDICAL."
"801","BOCAL BOCAL DESCARTAVEL P/ESPIROMETRIA COMP.C/ESPIR.MARCA KOKO"
"802","BRACADEIRA DE USO MEDICO/HOSPITALAR BRACADEIRA DE PNI, PARA USO HOSPITALAR"
"803",""
"804","ADULTO, (DET)"
"805","BRACADEIRA DE USO MEDICO/HOSPITALAR BRACADEIRA P/ OBESO C/ CIRCUNFERENCIA DE 34"
"806",""
"807","A 44 CM  (D)"
"808","BRACADEIRA DE USO MEDICO/HOSPITALAR BRACADEIRA ADULTO 1 VIA, 21-33CM, MMP,"
"809",""
"810","DRAGER."
"811","BRACADEIRA DE USO MEDICO/HOSPITALAR BRACADEIRA COM MANGUITO, PARA USO EM MMP,"
"812",""
"813","DATASCOPE,SPECTRUM"
"814","BRACADEIRA DE USO MEDICO/HOSPITALAR BRACADEIRA OBESO 1 VIA, 31-40CM, MMP,"
"815",""
"816","DRAGER."
"817","BRACADEIRA DE USO MEDICO/HOSPITALAR PARA OBESO"
"818","BROCA PARA PERFURADOR OSSEO. BROCA INOX AUTOCLAVAVEL,DIAMETRO 1,5MM,COMP."
"819",""
"820","TOTAL 70MM"
"821","BROCA PARA PERFURADOR OSSEO. BROCA INOX AUTOCLAVAVEL,DIAMETRO 2,0MM,COMP."
"822",""
"823","TOTAL 100MM"
"824","BROCA PARA PERFURADOR OSSEO. BROCA INOX AUTOCLAVAVEL,DIAMETRO 2,5MM,COMP."
"825",""
"826","TOTAL 100MM"
"827","BROCA PARA PERFURADOR OSSEO. BROCA INOX AUTOCLAVAVEL,DIAMETRO 2,8MM,COMP."
"828",""
"829","TOTAL 100MM"
"830","BROCA PARA PERFURADOR OSSEO. BROCA INOX AUTOCLAVAVEL,DIAMETRO 3,0MM,COMP."
"831",""
"832","TOTAL 100MM"
"833","BROCA PARA PERFURADOR OSSEO. BROCA INOX AUTOCLAVAVEL,DIAMETRO 3,2MM,COMP."
"834",""
"835","TOTAL 100MM"
"836","BROCA PARA PERFURADOR OSSEO. BROCA INOX AUTOCLAVAVEL,DIAMETRO 4,5MM,COMP."
"837",""
"838","TOTAL 150MM"
"839","BROCA PARA PERFURADOR OSSEO. BROCA INOX AUTOCLAVAVEL,DIAMETRO 5,0MM,COMP."
"840",""
"841","TOTAL 160MM"
"842","BROCA PARA PERFURADOR OSSEO. BROCA INOX AUTOCLAVAVEL,DIAMETRO 6,0MM,COMP."
"843",""
"844","TOTAL 160MM"
"845","BROCAS DE CARBONETO DE TUNGSTENIO"
"846","CABO COMPATIVEL P/EQUIPAMENTO HOSPITALAR CABO DE ECG, 5 VIAS, DRAGER, INFINITY"
"847",""
"848","DELTA XL"
"849","CABO COMPATIVEL P/EQUIPAMENTO HOSPITALAR CABO MULTIMED 5 COMPATIVEL COM"
"850",""
"851","MARCA DRAGER (DET)"
"852","CABO COMPATIVEL P/EQUIPAMENTO HOSPITALAR CONJUNTO RABICHO ECG 5 VIAS, MMP,"
"853",""
"854","DRAGER."
"855","CABO COMPATIVEL P/EQUIPAMENTO HOSPITALAR PRÔ-CABO DE RCG 6 VIAS, PADRÃO DE"
"856",""
"857","CORES UEC, COMPATIVEL COM"
"858","CABO COMPATIVEL P/EQUIPAMENTO HOSPITALAR PRÔ-CABO DE TEMPERATURA"
"859",""
"860","REUTILIZAVEL,02CANAIS,COMPATIVEL COM"
"861","CABO COMPATIVEL P/EQUIPAMENTO HOSPITALAR PRÔ-CABO OXIMETRIA, COMPATIVEL COM"
"862",""
"863","TECNOLOGIA NIHON KOHDEN"
"864","CABO COMPATIVEL P/EQUIPAMENTO HOSPITALAR PRÔ-CABO PARA OXIMETRIA, CABO"
"865",""
"866","MULTIMED 5, DRAGER."
"867","CABO COMPATIVEL P/EQUIPAMENTO HOSPITALAR SENSOR DE SPO2, CLIP ADULTO, MMP,"
"868",""
"869","DRAGER."
"870","CABO DE MONITARACAO DE ECG COMP. COM A MARCA DIXTAL CABO DE ECG 10 VIAS"
"871",""
"872","COMPATIVEL COM EDAN MODELO SE-1"
"873","CABO DE MONITARACAO DE ECG COMP. COM A MARCA DIXTAL CABO DE ECG 10 VIAS NEONATAL"
"874",""
"875","COMPATIVEL C/DIXTAL MODELO EP-3"
"876","CABO DE MONITARACAO DE ECG COMP. COM A MARCA DIXTAL CABO DE MONITARACAO DE ECG"
"877",""
"878","COMP. COM A MARCA DIXTAL"
"879","CABO DE MONITARACAO DE ECG COMP. COM A MARCA DIXTAL CABO ECG, MMP, DATEX-"
"880",""
"881","OHMEDA, MODELO CARDIOCAP5"
"882","CABO DE MONITARACAO DE ECG COMP. COM A MARCA DIXTAL COMP. COM MONITORES MARCA"
"883",""
"884","DATASCOPE"
"885","CABO DE MONITARACAO DE ECG COMP. COM A MARCA DIXTAL KIT 5 VIAS DE ECG, MARCA"
"886",""
"887","DATEX-OHMEDA, MODELO CARDIOCAP5"
"888","CABO MONITOR P/ PACIENTE CABO DE ECG 10 VIAS, PADRÃO DE CORES UEC, PLUG BANANA"
"889",""
"890","4MM,"
"891","CABO MONITOR P/ PACIENTE CABO DE ECG 6 VIAS, PADRÃO DE CORES UEC, CONECTOR DE"
"892",""
"893","GARRA,"
"894","CABO MONITOR P/ PACIENTE CABO DE ECG PARA PACIENTE ADULTO,10 VIAS,CONECTOR TIPO"
"895",""
"896","GARRA"
"897","CABO MONITOR P/ PACIENTE CABO DE ECG PARA PACIENTE ADULTO,REUTILIZAVEL,05"
"898",""
"899","VIAS,CONECT"
"900","CABO MONITOR P/ PACIENTE CABO DE ECG PARA PACIENTE ADULTO,REUTILIZAVEL,05"
"901",""
"902","VIAS,PADRÃO"
"903","CABO MONITOR P/ PACIENTE CABO DE ECG, 10 VIAS, NIHON KOHDEN, CARDIOFAX"
"904","CABO MONITOR P/ PACIENTE CABO DE ECG, COMPATIVEL MMP, MARCA GE, MODELO DASH"
"905",""
"906","4000."
"907","CABO MONITOR P/ PACIENTE CABO ECG 5 VIAS,REUTILIZAVEL,COMPLETO,COMP. LIFEMED M12"
"908","CABO MONITOR P/ PACIENTE CABO ECG 5 VIAS,REUTILIZAVEL,COMPLETO,COMP. PROLIFE C120"
"909","CABO MONITOR P/ PACIENTE CABO MONITOR P/PACIENTE(ECG)C/10"
"910",""
"911","VIAS,P/ELETROCARDIOGRAFO(D)"
"912","CABO MONITOR P/ PACIENTE CABO MONITORAÇÃO TNM, CARDIOCAP5-DATEX-OHMEDA/GE"
"913","CABO MONITOR P/ PACIENTE CABO MONITORAÇÃO TNM, MOD. B650, MARCA GE"
"914","CANETA MONOPOLAR PARA BISTURI ELETRICO"
"915","CANETA P/ BISTURI MONOPOLAR, P/ BISTURI ELETRICO,2,5M,(DET)"
"916","CAPA PLASTICA ESTERIL CAPA PLASTICA ESTERIL (DETALHADA)"
"917","CARRO MACA DE TRANSFERENCIA CARRO PANTOGRAFICO HIDRAULICO PARA CADAVER"
"918","CARTUCHO PARA RESPIRADOR FACIAL PROTECAO CONTRA VAPORES ORGANICOS E GASES"
"919",""
"920","ACIDOS"
"921","CELULA UTILIZADA EM RESPIRADOR CÔLULA DE OXIGÕNIO COMPATIVEL C/APARELHO DE"
"922",""
"923","ANESTESIA DRAGER"
"924","CIRCUITO PARA VENTILADOR PULMONAR CIRCUITO DE PACIENTE ADULTO P/USO EM"
"925",""
"926","VENTILADOR PULMONAR"
"927","CIRCUITO PARA VENTILADOR PULMONAR CIRCUITO PACIENTE PARA VENTILADOR NAO"
"928",""
"929","INVASIVO, RESPIRONICS"
"930","CIRCUITO PARA VENTILADOR PULMONAR CIRCUITO VENTILATÎRIO, COMPATIVEL C/ VYAIRE IX5"
"931","COLCHAO HOSPITALAR(CONSUMO) COLCHAO HOSPITALAR IMPERMEAVEL"
"932","COLCHAO HOSPITALAR(CONSUMO) COLCHAO EM ESPUMA PARA CAMA RETRATEIS D-28 M-0,50X"
"933",""
"934","0;65 15CM"
"935","COLCHAO HOSPITALAR(CONSUMO) COLCHAO EM ESPUMA PARA CAMA RETRATEIS D-28 M-"
"936",""
"937","1.40X0.65 15CM"
"938","COLCHAO HOSPITALAR(CONSUMO) COLCHAO PIRAMIDAL ADULTO"
"939","COLCHAO HOSPITALAR(CONSUMO) COLCHONETE HOSPITALAR IMPERMEAVEL"
"940","COLCHAO HOSPITALAR(CONSUMO) COLCHONETE HOSPITALAR IMPERMEAVEL PARA CARRO"
"941",""
"942","MACA"
"943","COLCHAO HOSPITALAR(CONSUMO) CONJUNTO DE COLCHAO DE ESPUMA PARA USO EM CAMA"
"944",""
"945","PPP."
"946","COMPONENTES PARA VIDEOENDOSCOPIO PECA DE MAO AUTOCLAVAVEL, COMP. REF.  27630038"
"947",""
"948","KARL STORZ"
"949","COMPONENTES PARA VIDEOENDOSCOPIO PINCA C=38CM  1 CM. COMP. KARL STORZ"
"950","COMPONENTES PARA VIDEOENDOSCOPIO PINCA FLEXIVEL, D=7FR, C=40CM  1CM. COMP. KARL"
"951",""
"952","STORZ"
"953","COMPONENTES PARA VIDEOENDOSCOPIO PINCA STAMMBERGER, D= 3.5MM, C=17CM 1 CM."
"954",""
"955","COMP. KARL STORZ"
"956","CONECTOR TIPO Y CONECTOR TIPO Y DE DUAS VIAS"
"957","CONECTOR USO MEDICO/HOSPITALAR CONCTOR USO MEDICO/HOSPITALAR,Y, NEONATAL,"
"958",""
"959","AUTOCLAVAVEL(DET)"
"960","CONECTOR USO MEDICO/HOSPITALAR CONECTOR 90 GRAUS COMP.C/VENTILADOR PULMONAR"
"961",""
"962","DRAGER,OXYLOG"
"963","CONECTOR USO MEDICO/HOSPITALAR CONECTOR Y, ADULTO, AUTOCLAVAVEL, SEM FURO, COM"
"964",""
"965","SAIDA (DET)"
"966","CONECTOR USO MEDICO/HOSPITALAR CONECTOR Y, ADULTO, AUTOCLAVAVEL, SEM FURO, COM"
"967",""
"968","SAIDA (DET)"
"969","CONECTOR USO MEDICO/HOSPITALAR CONECTOR Y,ADULTO, AUTOCLAVAVEL, SEM FURO(D)"
"970","CONSERVANTE CONSERVANTE DE CÎRNEAS, (MEIO PARA), SOLUCAO, 20 ML"
"971","DIAFRAGMA PARA VALVULA EXPIRATORIO P/VENTILADOR PULMONAR(DET.)"
"972","DIAFRAGMA PARA VALVULA EXPIRATORIA COMPAT. KTK MICROTAK TOTALÄ"
"973","DIAFRAGMA PARA VALVULA DE EXALACAO RESPIRADORES INTERMED"
"974","DIAFRAGMA PARA VALVULA DE EXALAÇÃO,COMPATIVEL C/ VYAIRE IX50"
"975","DISPENSADOR TOTEN PARA ALCOOL GEL"
"976","DISTRATOR (CONSUMO) DISTRAÇÃO(DISTRATOR)OSTEOGÕNICA PEDIATRICA CRÅNIO-ORBITAL"
"977","DISTRATOR (CONSUMO) DISTRATOR FRONTO ORBITARIO,DISTRAÇÃO DE 30 MM"
"978","DISTRATOR (CONSUMO) DISTRATOR MANDIBULAR UNIDIRECIONAL EXTERNO"
"979","DISTRATOR (CONSUMO) DISTRATOR OSTEOGÕNICO INTRA-ORAL"
"980","ELETRODO DE AGULHA MONOPOLAR ELETRODO AGULHA MONOPOLAR, 38MM."
"981","ELETRODO DE AGULHA MONOPOLAR ELETRODO AGULHA MONOPOLAR, 50MM."
"982","ELETRODO PARA TGI ELETRODO PARA TGI NR. 09 PARA EXCISAO E CONIZAÇÃO."
"983","ELETRODO PARA TGI ELETRODO PARA TGI NR. 18 P/ EXCISAO E CONIZACAO"
"984","ELETRODO PARA TGI ELETRODO PARA TGI NR. 19 PARA EXCISAO E CONIZAÇÃO."
"985","ELETRODO PARA USO EM NEUROESTIMULADOR. ELETRODO DE 04 POLOS"
"986","ENDOSCOPIO RIGID,HOPKINGS.AV=30Ð,D=4MM,C=30CM 1CM.COMP.KARLSTORZ"
"987","ENXERTO EXERTO ACELULAR DE SUBMUCOSA DE INTESTINO SUINO, (DET)"
"988","EQUIPO/KIT PARA AQUECEDOR DE SANGUE E FLUIDOS KIT PARA AQUECEODR DE SANGUE E"
"989",""
"990","FLUIDOS"
"991","ESCOVA PARA CITOLOGIA ESCOVA DE CITOLOGIA, PARA VIDEOBRONCOSCÎPIOS"
"992","ESFERA PARA EBOLIZACAO DE TUMORES E MA FORMACAO ESFERA PARA EBOLIZACAO DE"
"993",""
"994","TUMORES E MA FORMACAO (D)"
"995","ESPACADOR OU AERO CAMARA ESPACADOR OU AERO CAMARA EM CORPO RETO,DE 0 A 2"
"996",""
"997","ANOS(DET)"
"998","ESPACADOR OU AERO CAMARA ESPACADOR OU AERO CÅMARA EM CORPO RETO,MAIORES DE"
"999",""
"1000","3NOS(DET)"
"1001","ESTABILIZADOR DE TECIDO ESTABILIZADOR DE TECIDO CONSTITUIDO POR UM APENDICE"
"1002",""
"1003","(DET)"
"1004","EXPANSOR EXPANSOR DE CAVIDADES TAMANHO G"
"1005","EXPANSOR EXPANSOR DE CAVIDADES TAMANHO M"
"1006","EXPANSOR EXPANSOR DE CAVIDADES TAMANHO P"
"1007","FIBRA PARA ENDOLASER SONDA DE CICLOFOTOCOAGULAÇÃO G-PROBE TRANSESCLERAL"
"1008","FILTRO BACTERIOLOGICO PARA ESPIROMETRIA"
"1009","FILTRO BACTERIOLOGICO ESTERILIZAVEL EM OXIDO DE ETILENO(D)"
"1010","FILTRO BACTERIOLOGICO FILTRO P/SISTEMA DE VACUO COMPATIVEL C/ASPIRADOR CUSA"
"1011",""
"1012","EXCEL"
"1013","FILTRO PARA VENTILADOR PULMONAR FILTRO VENTILADOR INTERNO/CAPA"
"1014",""
"1015","PROT.EXT.COMP.VP.MCC06532613"
"1016","FIO GUIA FIO GUIA SUPER STIFF COM 145 A 260CM"
"1017","FIO GUIA FIO GUIA SUPER STIFF COM 180CM"
"1018","FIO GUIA FIO GUIA SUPER STIFF COM 260CM"
"1019","FIO GUIA GUIA TEFLONADA EXTRA-STIFF."
"1020","FIO GUIA TEFLONADO FIO GUIA TEF. EM R/3MM/0,035 ESP. E COMP. DE 260CM"
"1021","FIO GUIA TEFLONADO FIO GUIA TEF. PONTA EM J/3MM/0,025ESP./COMP. 140 A 160CM"
"1022","FIO GUIA TEFLONADO FIO GUIA TEF. PONTA EM J/3MM/0,035/ESP. E CUMP. DE 260CM"
"1023","FIO GUIA TEFLONADO FIO GUIA TEF. PONTA EM R/3MM/0,035 ESP. E CUMP. DE 150CM"
"1024","FIO GUIA TEFLONADO FIO GUIA TEF. PONTA J/3MM/0,021ESP./COMP.140 A 160CM"
"1025","FIO GUIA TEFLONADO FIO GUIA TEF.PONTA EM J/3MM/0,032/ESP. CUMP. DE 140 A 160CM"
"1026","FIO GUIA TEFLONADO SISTEMA PARA FECHAMENTO PERC.DE DEFEITO DE SEPTO VENTRICULAR"
"1027","FRASCO FRASCO P/DETERM.DO TEMPO DE COAGULACAO - TCA/PROT"
"1028","FRESA DE USO MEDICO FRESA 2,3MM, PARA DIRLL COMP. MARCA AESCULAP MOD. GD792R"
"1029","FRESA DE USO MEDICO FRESA 2,3MM, PARA DIRLL COMP. MARCA AESCULAP MOD. GD792R"
"1030","FRESA DE USO MEDICO FRESA DE TREPANAÐAO 6/9MM AUTO STOP"
"1031","FRESA DE USO MEDICO FRESA PARA TREPANAÐAO 9/12MM AUTO STOP"
"1032","IMPLANTE IMPLANTE VAVULAR AHMED PARA GLAUCOMA"
"1033","INSTRUMENTAIS E COMPONENTES DE USO MEDICO AFASTADOR BALFOUR"
"1034",""
"1035","GRANDE,30CM,07X3,5CM,VALVULA CURVA 4,5X8CM"
"1036","INSTRUMENTAIS E COMPONENTES DE USO MEDICO AFASTADOR BALFOUR"
"1037",""
"1038","PEQUENO,18CM,6,3X3,5CM,VALVULA CURVA 4,5X8"
"1039","INSTRUMENTAIS E COMPONENTES DE USO MEDICO AFASTADOR DESMARRES (AFASTADOR DE"
"1040",""
"1041","SEIO RENAL) 16CMX16MM LARG"
"1042","INSTRUMENTAIS E COMPONENTES DE USO MEDICO AFASTADOR DINKHUYSEN PARA MAMARIA"
"1043",""
"1044","E MITRAL"
"1045","INSTRUMENTAIS E COMPONENTES DE USO MEDICO AFASTADOR DOYEN, 60 X 120 MM"
"1046","INSTRUMENTAIS E COMPONENTES DE USO MEDICO AFASTADOR FARABEUF (PAR) ADULTO 20"
"1047",""
"1048","MM X 17 CM"
"1049","INSTRUMENTAIS E COMPONENTES DE USO MEDICO AFASTADOR FARABEUF (PAR) ADULTO, 13"
"1050",""
"1051","MM X 15 CM"
"1052","INSTRUMENTAIS E COMPONENTES DE USO MEDICO AFASTADOR FARABEUF (PAR) INFANTIL,  07"
"1053",""
"1054","MM X 10 CM"
"1055","INSTRUMENTAIS E COMPONENTES DE USO MEDICO AFASTADOR FARABEUF (PAR), 13 CM"
"1056","INSTRUMENTAIS E COMPONENTES DE USO MEDICO AFASTADOR FARABEUF INFANTIL,"
"1057",""
"1058","MEDINDO 1 X 12 CM"
"1059","INSTRUMENTAIS E COMPONENTES DE USO MEDICO AFASTADOR FARABEUF, 15 CM"
"1060","INSTRUMENTAIS E COMPONENTES DE USO MEDICO AFASTADOR FARABEUF, 20 X 180 MM"
"1061","INSTRUMENTAIS E COMPONENTES DE USO MEDICO AFASTADOR MALEAVEL, 20 CM"
"1062","INSTRUMENTAIS E COMPONENTES DE USO MEDICO AFASTADOR MINI-LANGENBECK, 160 X 10 X"
"1063",""
"1064","6 MM"
"1065","INSTRUMENTAIS E COMPONENTES DE USO MEDICO AFASTADOR PARA ESTERNOTOMIA DE"
"1066",""
"1067","ANKENEY, MÔDIO"
"1068","INSTRUMENTAIS E COMPONENTES DE USO MEDICO AFASTADOR SENN-MILLER, AGUDO, 16CM"
"1069","INSTRUMENTAIS E COMPONENTES DE USO MEDICO AFASTADOR WEITLANER, 14 CM"
"1070","INSTRUMENTAIS E COMPONENTES DE USO MEDICO ALICATE COM DUPLA ARTICULAÇÃO, 20 CM"
"1071","INSTRUMENTAIS E COMPONENTES DE USO MEDICO ASPIRADOR FRAZIER, 8 MM 19 CM"
"1072","INSTRUMENTAIS E COMPONENTES DE USO MEDICO BACIA DE USO MÔDICO, 40 OU 41 CM"
"1073","INSTRUMENTAIS E COMPONENTES DE USO MEDICO BANDEJA MEDINDO 22 X 13 X 3,5 CM EM"
"1074",""
"1075","ACO INOXIDAVEL"
"1076","INSTRUMENTAIS E COMPONENTES DE USO MEDICO BANDEJA MEDINDO 30 X 20 X 04 CM EM ACO"
"1077",""
"1078","INOXIDAVEL"
"1079","INSTRUMENTAIS E COMPONENTES DE USO MEDICO BANDEJA MEDINDO 32 X 24 X 04 CM EM ACO"
"1080",""
"1081","INOXIDAVEL"
"1082","INSTRUMENTAIS E COMPONENTES DE USO MEDICO BANDEJA MEDINDO 42 X 30 X 04 CM,"
"1083",""
"1084","APROXIMADAMENTE"
"1085","INSTRUMENTAIS E COMPONENTES DE USO MEDICO BUGIA P/CIRURGIA DE CORONARIA"
"1086",""
"1087","(DILATADOR),JOGO C/06 TAMANHOS"
"1088","INSTRUMENTAIS E COMPONENTES DE USO MEDICO CABO DE BISTURI NÐ 03 L"
"1089","INSTRUMENTAIS E COMPONENTES DE USO MEDICO CABO DE BISTURI NÐ 04"
"1090","INSTRUMENTAIS E COMPONENTES DE USO MEDICO CABO DE BISTURI NÐ 3 EM ACO INOXIDAVEL"
"1091",""
"1092","COM POLIMENTO"
"1093","INSTRUMENTAIS E COMPONENTES DE USO MEDICO CAIXA FENESTRADA (PERFURADA) 26 X 12"
"1094",""
"1095","X 06 CM"
"1096","INSTRUMENTAIS E COMPONENTES DE USO MEDICO CAIXA FENESTRADA (PERFURADA) 28 X 14"
"1097",""
"1098","X 06 CM"
"1099","INSTRUMENTAIS E COMPONENTES DE USO MEDICO CAIXA FENESTRADA (PERFURADA) 30 X 16"
"1100",""
"1101","X 08 CM"
"1102","INSTRUMENTAIS E COMPONENTES DE USO MEDICO CAIXA FENESTRADA (PERFURADA) 36 X 22"
"1103",""
"1104","X 09 CM"
"1105","INSTRUMENTAIS E COMPONENTES DE USO MEDICO CAIXA FENESTRADA (PERFURADA) 42 X 18"
"1106",""
"1107","X 09 CM"
"1108","INSTRUMENTAIS E COMPONENTES DE USO MEDICO CLAMP BULDOG CURVO, 9 CM"
"1109","INSTRUMENTAIS E COMPONENTES DE USO MEDICO COMPASSO CASTROVIEJO, 18 CM"
"1110","INSTRUMENTAIS E COMPONENTES DE USO MEDICO CONJUNTO DE INSTRUMENTAL PARA"
"1111",""
"1112","CISTOSCOPIA"
"1113","INSTRUMENTAIS E COMPONENTES DE USO MEDICO CONJUNTO DE INSTRUMENTAL PARA"
"1114",""
"1115","MEDIASTINOSCOPIA"
"1116","INSTRUMENTAIS E COMPONENTES DE USO MEDICO CONJUNTO DE INSTRUMENTAL PARA VIDEO"
"1117",""
"1118","CIRURGIA TORACICA"
"1119","INSTRUMENTAIS E COMPONENTES DE USO MEDICO CUBA EM FORMA DE RIM 26 X 12 X 06 CM,"
"1120",""
"1121","750 ML"
"1122","INSTRUMENTAIS E COMPONENTES DE USO MEDICO CUBA EM FORMA DE RIM 260 X 120 X 0,5"
"1123",""
"1124","MM, 740 A 900 ML"
"1125","INSTRUMENTAIS E COMPONENTES DE USO MEDICO CUBA PARA USO HOSPITALAR, PEQUENA, 9"
"1126",""
"1127","CM"
"1128","INSTRUMENTAIS E COMPONENTES DE USO MEDICO CUBA PARA USO HOSPITALAR, REDONDA 10"
"1129",""
"1130","X 05 CM COM +- 5 MM"
"1131","INSTRUMENTAIS E COMPONENTES DE USO MEDICO CUBA PARA USO HOSPITALAR, REDONDA 13"
"1132",""
"1133","X 06 CM"
"1134","INSTRUMENTAIS E COMPONENTES DE USO MEDICO CUBA PARA USO HOSPITALAR, REDONDA"
"1135",""
"1136","INOX 08 X 04 CM, 160 ML"
"1137","INSTRUMENTAIS E COMPONENTES DE USO MEDICO CUBA PARA USO HOSPITALAR, REDONDA"
"1138",""
"1139","INOX 09 X 05 CM"
"1140","INSTRUMENTAIS E COMPONENTES DE USO MEDICO CUBA RIM 26X12X6CM, 750ML, ACO INOX"
"1141","INSTRUMENTAIS E COMPONENTES DE USO MEDICO CUMADRE PARA USO HOSPITALAR,"
"1142",""
"1143","400X300X0,5MM,  2200 A 3500ML"
"1144","INSTRUMENTAIS E COMPONENTES DE USO MEDICO CURETA MEYEHOEFER NÐ 02"
"1145","INSTRUMENTAIS E COMPONENTES DE USO MEDICO DESCOLADOR DE FREER DUPLO"
"1146","INSTRUMENTAIS E COMPONENTES DE USO MEDICO DESCOLADOR DE FREER, 22 CM"
"1147","INSTRUMENTAIS E COMPONENTES DE USO MEDICO DESCOLADOR DE JOSEPH, 17 CM"
"1148","INSTRUMENTAIS E COMPONENTES DE USO MEDICO DESCOLADOR DE MOLT NÐ 9, 18 CM"
"1149","INSTRUMENTAIS E COMPONENTES DE USO MEDICO DESCOLADOR PENFIELD, 16 CM"
"1150","INSTRUMENTAIS E COMPONENTES DE USO MEDICO DILATADOR LACRIMAL COM FINAL DUPLO"
"1151",""
"1152","CASTROVIEJO"
"1153","INSTRUMENTAIS E COMPONENTES DE USO MEDICO ELEVADOR HURD, 18 CM"
"1154","INSTRUMENTAIS E COMPONENTES DE USO MEDICO ESPECULO VAGINAL G"
"1155","INSTRUMENTAIS E COMPONENTES DE USO MEDICO ESPECULO VAGINAL M"
"1156","INSTRUMENTAIS E COMPONENTES DE USO MEDICO ESPECULO VAGINAL P"
"1157","INSTRUMENTAIS E COMPONENTES DE USO MEDICO ESPATULA FREER, 22 CM"
"1158","INSTRUMENTAIS E COMPONENTES DE USO MEDICO FÎRCEPS PIPER 44 CM"
"1159","INSTRUMENTAIS E COMPONENTES DE USO MEDICO GANCHO DE GILLIES, NÐ 02"
"1160","INSTRUMENTAIS E COMPONENTES DE USO MEDICO GANCHO MITRAL"
"1161","INSTRUMENTAIS E COMPONENTES DE USO MEDICO GENGIVOTOMO KIRKLAND 15/16"
"1162","INSTRUMENTAIS E COMPONENTES DE USO MEDICO HISTEROMETRO DE COLLIN, 28 CM."
"1163","INSTRUMENTAIS E COMPONENTES DE USO MEDICO PAPAGAIO EM ACO INOX PARA USO"
"1164",""
"1165","HOSPITALAR"
"1166","INSTRUMENTAIS E COMPONENTES DE USO MEDICO PINCA ADSON BROWN 12CM"
"1167","INSTRUMENTAIS E COMPONENTES DE USO MEDICO PINCA ADSON BROWN, 12CM"
"1168","INSTRUMENTAIS E COMPONENTES DE USO MEDICO PINCA ADSON COM DENTE, 12CM"
"1169","INSTRUMENTAIS E COMPONENTES DE USO MEDICO PINCA ADSON SEM DENTE 15CM"
"1170","INSTRUMENTAIS E COMPONENTES DE USO MEDICO PINCA ADSON SERRILHADA, 12CM"
"1171","INSTRUMENTAIS E COMPONENTES DE USO MEDICO PINCA ALLIS 5X6, COM DENTE, MEDINDO"
"1172",""
"1173","20CM"
"1174","INSTRUMENTAIS E COMPONENTES DE USO MEDICO PINCA ANATOMICA COM DENTE, 14 CM"
"1175","INSTRUMENTAIS E COMPONENTES DE USO MEDICO PINCA ANATOMICA COM DENTE, MEDINDO"
"1176",""
"1177","25CM"
"1178","INSTRUMENTAIS E COMPONENTES DE USO MEDICO PINCA ANATOMICA DE DISSECCAO COM"
"1179",""
"1180","SERRILHA (SEM DENTE) 16 CM."
"1181","INSTRUMENTAIS E COMPONENTES DE USO MEDICO PINCA ANATOMICA DE DISSECCAO COM"
"1182",""
"1183","SERRILHA (SEM DENTE) 18 CM."
"1184","INSTRUMENTAIS E COMPONENTES DE USO MEDICO PINCA BABY COCK 15CM"
"1185","INSTRUMENTAIS E COMPONENTES DE USO MEDICO PINCA BACKAUS, MEDINDO 15 CM"
"1186","INSTRUMENTAIS E COMPONENTES DE USO MEDICO PINCA CHERON 24CM"
"1187","INSTRUMENTAIS E COMPONENTES DE USO MEDICO PINCA CRILE RETA - MEDINDO 16CM"
"1188","INSTRUMENTAIS E COMPONENTES DE USO MEDICO PINCA DE DISSECCAO COM SERRILHA 16CM"
"1189","INSTRUMENTAIS E COMPONENTES DE USO MEDICO PINCA DE MAGILL"
"1190","INSTRUMENTAIS E COMPONENTES DE USO MEDICO PINCA DUVAL 01, MEDINDO 20 CM"
"1191","INSTRUMENTAIS E COMPONENTES DE USO MEDICO PINCA FOERSTER CURVA 22CM"
"1192","INSTRUMENTAIS E COMPONENTES DE USO MEDICO PINCA FOERSTER RETA 22 CM"
"1193","INSTRUMENTAIS E COMPONENTES DE USO MEDICO PINCA HALSTEAD CURVA 12CM"
"1194","INSTRUMENTAIS E COMPONENTES DE USO MEDICO PINCA HALSTEAD MOSQUITO RETA 18 CM"
"1195","INSTRUMENTAIS E COMPONENTES DE USO MEDICO PINCA HALSTEAD MOSQUITO, CURVA, 12CM"
"1196","INSTRUMENTAIS E COMPONENTES DE USO MEDICO PINCA HALSTEAD MOSQUITO, RETA,"
"1197",""
"1198","MEDINDO 12,5CM"
"1199","INSTRUMENTAIS E COMPONENTES DE USO MEDICO PINCA KELLY CURVA, 14CM"
"1200","INSTRUMENTAIS E COMPONENTES DE USO MEDICO PINCA KELLY RETA, 14CM"
"1201","INSTRUMENTAIS E COMPONENTES DE USO MEDICO PINCA KOCHER COM DENTE 25CM CURVA"
"1202","INSTRUMENTAIS E COMPONENTES DE USO MEDICO PINCA LAHEY 16CM, C/GARRAS 2 X 2 PARA"
"1203",""
"1204","HISTERECTOMIA"
"1205","INSTRUMENTAIS E COMPONENTES DE USO MEDICO PINCA LONGUETE CURVA 21 CM"
"1206","INSTRUMENTAIS E COMPONENTES DE USO MEDICO PINCA MIXTER MEDINDO 22CM"
"1207","INSTRUMENTAIS E COMPONENTES DE USO MEDICO PINCA PEAN 14 CM"
"1208","INSTRUMENTAIS E COMPONENTES DE USO MEDICO PINCA ROCHESTER  PEAN 22CM, RETA"
"1209","INSTRUMENTAIS E COMPONENTES DE USO MEDICO PINCA ROCHESTER PEAN OU OCHSNER RETA"
"1210",""
"1211","24CM"
"1212","INSTRUMENTAIS E COMPONENTES DE USO MEDICO PINCA ROCHESTER PEAN OU OCHSNER,"
"1213",""
"1214","RETA,  18 CM"
"1215","INSTRUMENTAIS E COMPONENTES DE USO MEDICO PINCA ROCHESTER PEAN, MEDINDO 20 CM"
"1216","INSTRUMENTAIS E COMPONENTES DE USO MEDICO PINCA CRILE RETA, 16 CM"
"1217","INSTRUMENTAIS E COMPONENTES DE USO MEDICO PINCA KELLY CURVA 16CM."
"1218","INSTRUMENTAIS E COMPONENTES DE USO MEDICO PINCA KOCHER RETA 16CM."
"1219","INSTRUMENTAIS E COMPONENTES DE USO MEDICO PINCA  BABCOCK 22 CM"
"1220","INSTRUMENTAIS E COMPONENTES DE USO MEDICO PINCA ADSON COM DENTE, 14 CM"
"1221","INSTRUMENTAIS E COMPONENTES DE USO MEDICO PINCA ADSON DELICADA, 12 CM"
"1222","INSTRUMENTAIS E COMPONENTES DE USO MEDICO PINCA ADSON SEM DENTE, 12CM"
"1223","INSTRUMENTAIS E COMPONENTES DE USO MEDICO PINCA ALLIS 5 X 6, COM DENTE, 16 CM"
"1224","INSTRUMENTAIS E COMPONENTES DE USO MEDICO PINCA ALLIS 5 X 6, COM DENTE, 20 CM"
"1225","INSTRUMENTAIS E COMPONENTES DE USO MEDICO PINCA ALLIS, 14 CM"
"1226","INSTRUMENTAIS E COMPONENTES DE USO MEDICO PINCA ALLIS, 18 CM"
"1227","INSTRUMENTAIS E COMPONENTES DE USO MEDICO PINCA ALLIS, 25 CM"
"1228","INSTRUMENTAIS E COMPONENTES DE USO MEDICO PINCA ANATOMICA COM DENTE, 20 CM"
"1229","INSTRUMENTAIS E COMPONENTES DE USO MEDICO PINCA ANATOMICA DELICADA, 20 CM"
"1230","INSTRUMENTAIS E COMPONENTES DE USO MEDICO PINCA ANATOMICA DENTE DE RATO, 16 CM"
"1231","INSTRUMENTAIS E COMPONENTES DE USO MEDICO PINCA ANATOMICA DENTE DE RATO, 18 CM"
"1232","INSTRUMENTAIS E COMPONENTES DE USO MEDICO PINCA ANATOMICA SEM DENTE, 14 CM"
"1233","INSTRUMENTAIS E COMPONENTES DE USO MEDICO PINCA ANATOMICA SEM DENTE, 25 CM"
"1234","INSTRUMENTAIS E COMPONENTES DE USO MEDICO PINCA ANATOMICA, 14 CM"
"1235","INSTRUMENTAIS E COMPONENTES DE USO MEDICO PINCA ANATOMICA, 18 CM"
"1236","INSTRUMENTAIS E COMPONENTES DE USO MEDICO PINCA BABY MIXTER, 20 CM"
"1237","INSTRUMENTAIS E COMPONENTES DE USO MEDICO PINCA BACKHAUS, 10 CM"
"1238","INSTRUMENTAIS E COMPONENTES DE USO MEDICO PINCA BACKHAUS, 15 CM"
"1239","INSTRUMENTAIS E COMPONENTES DE USO MEDICO PINCA BACKHAUS,13 CM"
"1240","INSTRUMENTAIS E COMPONENTES DE USO MEDICO PINCA CALAZIO, FECHADA, GRANDE"
"1241","INSTRUMENTAIS E COMPONENTES DE USO MEDICO PINCA CHERON, 24 CM"
"1242","INSTRUMENTAIS E COMPONENTES DE USO MEDICO PINCA COLLIN OVAL 17CM"
"1243","INSTRUMENTAIS E COMPONENTES DE USO MEDICO PINCA CRILE RANKIN COM DENTE, RETA, 16"
"1244",""
"1245","CM"
"1246","INSTRUMENTAIS E COMPONENTES DE USO MEDICO PINCA DENTE DE RATO, 14 CM"
"1247","INSTRUMENTAIS E COMPONENTES DE USO MEDICO PINCA DIETHRICH, 20 CM"
"1248","INSTRUMENTAIS E COMPONENTES DE USO MEDICO PINCA DISSECCAO ANATOMICA, 16 CM"
"1249","INSTRUMENTAIS E COMPONENTES DE USO MEDICO PINCA DISSECCAO SEM DENTE, COM WIDIA,"
"1250",""
"1251","20 CM"
"1252","INSTRUMENTAIS E COMPONENTES DE USO MEDICO PINCA FÎRCEPS SIMPSON PARA"
"1253",""
"1254","OBSTETRICIA, 30 CM"
"1255","INSTRUMENTAIS E COMPONENTES DE USO MEDICO PINCA FOERSTER COM SERRILHA CURVA,  25"
"1256",""
"1257","CM"
"1258","INSTRUMENTAIS E COMPONENTES DE USO MEDICO PINCA FOERSTER RETA, 18 CM"
"1259","INSTRUMENTAIS E COMPONENTES DE USO MEDICO PINCA FOERSTER RETA, 20CM"
"1260","INSTRUMENTAIS E COMPONENTES DE USO MEDICO PINCA FOERSTER RETA, 24 CM"
"1261","INSTRUMENTAIS E COMPONENTES DE USO MEDICO PINCA GOIVA LEKSELL, 230 X 8 MM"
"1262","INSTRUMENTAIS E COMPONENTES DE USO MEDICO PINCA GOIVA STILLE LUER RETA, 10 MM"
"1263","INSTRUMENTAIS E COMPONENTES DE USO MEDICO PINCA HALSTEAD MOSQUITO RETA 12 CM"
"1264","INSTRUMENTAIS E COMPONENTES DE USO MEDICO PINCA HALSTEAD MOSQUITO, CURVA, 12,5"
"1265",""
"1266","CM"
"1267","INSTRUMENTAIS E COMPONENTES DE USO MEDICO PINCA HALSTEAD MOSQUITO, CURVA,"
"1268",""
"1269","MEDINDO 12CM"
"1270","INSTRUMENTAIS E COMPONENTES DE USO MEDICO PINCA JACARÔ BICO DE PATO, 18 CM"
"1271","INSTRUMENTAIS E COMPONENTES DE USO MEDICO PINCA KELLY CURVA, 18 CM"
"1272","INSTRUMENTAIS E COMPONENTES DE USO MEDICO PINCA KELLY RETA 16CM."
"1273","INSTRUMENTAIS E COMPONENTES DE USO MEDICO PINCA KOCHER CURVA 16CM."
"1274","INSTRUMENTAIS E COMPONENTES DE USO MEDICO PINCA KOCHER RETA, 18 CM"
"1275","INSTRUMENTAIS E COMPONENTES DE USO MEDICO PINCA MICROVASCULAR DELICADA PARA"
"1276",""
"1277","CORONARIA DIETRICH, 20 CM"
"1278","INSTRUMENTAIS E COMPONENTES DE USO MEDICO PINCA MIXTER DELICADA, 20 CM"
"1279","INSTRUMENTAIS E COMPONENTES DE USO MEDICO PINCA MOYNIHAN, 21 CM"
"1280","INSTRUMENTAIS E COMPONENTES DE USO MEDICO PINCA POTTS SMITH, COM WIDIA, 18 CM"
"1281","INSTRUMENTAIS E COMPONENTES DE USO MEDICO PINCA ROCHESTER PEAN CURVA, 20 CM"
"1282","INSTRUMENTAIS E COMPONENTES DE USO MEDICO PINCA SACA BOCADO ANGULADA PARA"
"1283",""
"1284","DIREITA"
"1285","INSTRUMENTAIS E COMPONENTES DE USO MEDICO PINCA SACA BOCADO FENESTRADA RETA"
"1286","INSTRUMENTAIS E COMPONENTES DE USO MEDICO PINCA SACA CALCIO PARA ESQUERDA, 20 CM"
"1287","INSTRUMENTAIS E COMPONENTES DE USO MEDICO PINCA SACA TROMBO, 28 CM"
"1288","INSTRUMENTAIS E COMPONENTES DE USO MEDICO PINCA SUTURA DELICADA P/CORONARIA, C/"
"1289",""
"1290","WIDIA, 20 CM"
"1291","INSTRUMENTAIS E COMPONENTES DE USO MEDICO PONTA DE ASPIRADOR NÐ 30"
"1292","INSTRUMENTAIS E COMPONENTES DE USO MEDICO PORTA AGULHA CASTROVIEJO COM WIDIA,"
"1293",""
"1294","21CM"
"1295","INSTRUMENTAIS E COMPONENTES DE USO MEDICO PORTA AGULHA CRILE WOOD 15CM"
"1296","INSTRUMENTAIS E COMPONENTES DE USO MEDICO PORTA AGULHA CRILE WOOD 18 CM"
"1297","INSTRUMENTAIS E COMPONENTES DE USO MEDICO PORTA AGULHA MAYO HEGAR, 16 CM"
"1298","INSTRUMENTAIS E COMPONENTES DE USO MEDICO PORTA AGULHA MAYO HEGAR, 18 CM"
"1299","INSTRUMENTAIS E COMPONENTES DE USO MEDICO PORTA AGULHA MAYO HEGAR, 25 CM"
"1300","INSTRUMENTAIS E COMPONENTES DE USO MEDICO PORTA AGULHA MAYO HEGAR, SEM WIDIA,"
"1301",""
"1302","12 CM"
"1303","INSTRUMENTAIS E COMPONENTES DE USO MEDICO PORTA AGULHA MAYO-HEGAR, COM WIDIA"
"1304",""
"1305","DELICADA, 14 CM"
"1306","INSTRUMENTAIS E COMPONENTES DE USO MEDICO PORTA AGULHA MICROVASCULAR"
"1307",""
"1308","DELICADO, 18 CM"
"1309","INSTRUMENTAIS E COMPONENTES DE USO MEDICO PORTA AGULHA MICROVASCULAR"
"1310",""
"1311","DELICADO, 20 CM"
"1312","INSTRUMENTAIS E COMPONENTES DE USO MEDICO PORTA AGULHA PARA CORONARIA, 17 CM"
"1313","INSTRUMENTAIS E COMPONENTES DE USO MEDICO PORTA AGULHA PARA CORONARIA, 20 CM"
"1314","INSTRUMENTAIS E COMPONENTES DE USO MEDICO PORTA AGULHA RYDER DELICADO, LONGO,"
"1315",""
"1316","23 CM"
"1317","INSTRUMENTAIS E COMPONENTES DE USO MEDICO PORTA AGULHA RYDER DELICADO, MÔDIO,"
"1318",""
"1319","20 CM"
"1320","INSTRUMENTAIS E COMPONENTES DE USO MEDICO RUGINA FARABEUF CURVA, 15 CM"
"1321","INSTRUMENTAIS E COMPONENTES DE USO MEDICO TESOURA ÷RIS, 11 CM"
"1322","INSTRUMENTAIS E COMPONENTES DE USO MEDICO TESOURA CIRÞRGICA CURVA COM PONTA"
"1323",""
"1324","FINA, 15 CM"
"1325","INSTRUMENTAIS E COMPONENTES DE USO MEDICO TESOURA DE METZEMBAUM CURVA, 16 CM"
"1326","INSTRUMENTAIS E COMPONENTES DE USO MEDICO TESOURA DE POTTS SMITH, 75 GRAUS, 17"
"1327",""
"1328","CM"
"1329","INSTRUMENTAIS E COMPONENTES DE USO MEDICO TESOURA DE POTTS SMITH, 90 GRAUS, 17"
"1330",""
"1331","CM"
"1332","INSTRUMENTAIS E COMPONENTES DE USO MEDICO TESOURA DEBAKEY, 25 GRAUS"
"1333","INSTRUMENTAIS E COMPONENTES DE USO MEDICO TESOURA DEBAKEY, 45 GRAUS"
"1334","INSTRUMENTAIS E COMPONENTES DE USO MEDICO TESOURA DEBAKEY, 60 GRAUS"
"1335","INSTRUMENTAIS E COMPONENTES DE USO MEDICO TESOURA IRIS CURVA 12CM"
"1336","INSTRUMENTAIS E COMPONENTES DE USO MEDICO TESOURA IRIS RETA 10CM"
"1337","INSTRUMENTAIS E COMPONENTES DE USO MEDICO TESOURA MAYO RETA 15 CM"
"1338","INSTRUMENTAIS E COMPONENTES DE USO MEDICO TESOURA MAYO RETA, 18 CM"
"1339","INSTRUMENTAIS E COMPONENTES DE USO MEDICO TESOURA METZEMBAUM DELICADA, 20 CM"
"1340","INSTRUMENTAIS E COMPONENTES DE USO MEDICO TESOURA METZEMBAUM DELICADA, 23 CM"
"1341","INSTRUMENTAIS E COMPONENTES DE USO MEDICO TESOURA METZEMBAUM RETA, 16 CM"
"1342","INSTRUMENTAIS E COMPONENTES DE USO MEDICO TESOURA METZEMBAUM, RETA, 18 CM"
"1343","INSTRUMENTAIS E COMPONENTES DE USO MEDICO TESOURA METZENBAUM CURVA, 20 CM"
"1344","INSTRUMENTAIS E COMPONENTES DE USO MEDICO TESOURA METZENBAUM DELICADA CURVA,"
"1345",""
"1346","18 CM"
"1347","INSTRUMENTAIS E COMPONENTES DE USO MEDICO TESOURA SPENCER RETA 11CM OU 12 CM"
"1348","INSTRUMENTAIS E COMPONENTES DE USO MEDICO TESOURA WESTCOTT, CURVA, 11 CM"
"1349","INSTRUMENTAIS E COMPONENTES DE USO MEDICO VALVULOTOMOS MILLS PARA SAFENA, 30"
"1350",""
"1351","CM"
"1352","INSTRUMENTAIS E COMPONENTES DE USO MEDICO VELA DE HEGAR NÞMERO 01 AO 25, JOGO"
"1353",""
"1354","COMPLETO"
"1355","INTRUMENTAIS PARA ARTROSCOPIA KIT PARA DISCOPEXIA COM ANCORAS  POR VIA"
"1356",""
"1357","ARTROSCOPICA"
"1358","KIT DE LIGADURA KIT DE LIGADURA ELASTICA PARA VARIZES (DETALHADA)"
"1359","KIT PARA TRANSPORTE AEROMEDICO DE INCUBADORA NEONATAL PARA AERONAVE"
"1360","LAMINA LAMINA ESTERIL DESCART. COMPAT.C/DERMATOMO (DET)"
"1361","LAPIS DE USO MEDICO LAPIS DEERMATOGRAFICO NA COR AZUL"
"1362","LAPIS DE USO MEDICO LAPIS DEERMATOGRAFICO NA COR VERMELHA"
"1363","LENTE OFTALMOLOGICA LENTE PARA CIRURGIA DE RETINA."
"1364","LENTE PARA SEMBLEFARO LENTE P/ SEMBLEFARO TAMANHO G"
"1365","LENTE PARA SEMBLEFARO LENTE P/ SEMBLEFARO TAMANHO M"
"1366","LENTE PARA SEMBLEFARO LENTE P/ SEMBLEFARO TAMANHO P"
"1367","MACRONEBULIZADOR DE USO MEDICO MACRONEBULIZADOR C/COPO500ML,TRAQUEIA/MASCARA-ADULTO"
"1368","MANGUEIRA DE PRESSAO NAO INVASIVA MANGUEIRA DE PRESSAO NAOINVASIVA.COMP.MON.MULT.PROLIFE C120"
"1369","MANGUEIRA DE PRESSAO NAO INVASIVA UMA VIA COMPATIVEL C/ MINDRAY MEC 1000"
"1370","MANGUEIRA PARA MEDICAO DE PRESSAO NAO-INVASIVA MANGUEIRA DE PRESSAO NAOINVASIVA, PARA PACIENTES ADULTOS,"
"1371","MANGUEIRA PARA RESPIRADOR MANGUEIRA AR COMP.VENT.PULM.COMP.MAQUET-SERVO-S/-MCC06683942"
"1372","MANGUEIRA PARA RESPIRADOR MANGUEIRA OXIGÕNIO.VENT.PUL.COMP.MAQUET-SERVO-S/-MCC06683945"
"1373","MANGUITO MANGUEIRA DE PNI P/PACIENTE ADULTO,REUTILIZAVEL,02VIAS,COMPA"
"1374","MANGUITO MANGUITO ADULTO COM 01 (UMA) SAIDA"
"1375","MANGUITO MANGUITO ADULTO COM 02 (DUAS) SAIDAS"
"1376","MANGUITO MANGUITO DE PNI, COMPATIVEL MONITOR GE, DASH 4000, OBESO."
"1377","MANGUITO MANGUITO PARA PNI"
"1378","MANGUITO PNI ADULTO"
"1379","MANOPLA MANOPLA ESTERILIZAVEL P/FOCO CIR.COMP.C/MARCA BAUMER"
"1380","MASCARA DE OXIGENIO MASCARA DE OXIGENIO ADULTO PARA ALTA CONCENTRACAO, (DET)"
"1381","MASCARA DE OXIGENIO MASCARA DE VENTURI"
"1382","MASCARA DE OXIGENIO MASCARA DE OXIGÕNIO PARA TRAQUEOSTOMIA"
"1383","MASCARA LARINGEA MASCARA LARINGEA NUMERO 1,0 REUTILIZAVEL"
"1384","MASCARA LARINGEA MASCARA LARINGEA NUMERO 1,5 REUTILIZAVEL"
"1385","MASCARA LARINGEA MASCARA LARINGEA NUMERO 2,5 REUTILIZAVEL"
"1386","MASCARA LARINGEA MASCARA LARINGEA NUMERO 3,0  REUTILIZAVEL"
"1387","MASCARA LARINGEA MASCARA LARINGEA NUMERO 5, ADULTO  REUTILIZAVEL"
"1388","MASCARA LARINGEA MASCARA LARINGEA NUMERO 6, ADULTO  REUTILIZAVEL"
"1389","MASCARA LARINGEA MASCARA LARINGEA NÐ 4, ADULTO REUTILIZAVEL"
"1390","MASCARA PARA NEBULIZACAO MASCARA PARA NEBULIZACAO FACIAL C/BOLSARESERVATORIA(D)"
"1391","MASCARA PARA REANIMADOR PROTETOR OCULAR P/ FOTOTERAPIA, TAM PP (PREMATUROSEXTREMOS)"
"1392","MASCARA PARA REANIMADOR PROTETOR OCULAR P/ FOTOTERAPIA, TAMANHO M (NEONATOS)"
"1393","MASCARA PARA REANIMADOR PROTETOR OCULAR P/ FOTOTERAPIA, TAMANHO P(PREMATUROS)"
"1394","MATERIAIS DE REABILITAÇÃO PARA DOAÇÃO ANDADOR ADAPTADO, PARA DOAÇÃO"
"1395","MATERIAIS DE REABILITAÇÃO PARA DOAÇÃO CADEIRA DE RODAS (ACIMA 90KG) CÎDIGO SUS0701010215"
"1396","MATERIAIS DE REABILITAÇÃO PARA DOAÇÃO CADEIRA DE RODAS MONOBLOCO  CÎDIGO SUS0701010207"
"1397","MATERIAIS DE REABILITAÇÃO PARA DOAÇÃO CADEIRA DE RODAS P/BANHO C/ENCOSTOCOD.SUS 0701010240"
"1398","MATERIAIS DE REABILITAÇÃO PARA DOAÇÃO CADEIRA DE RODAS P/BANHO EM CONCHAINFANTIL COD.SUS 07010231"
"1399","MATERIAIS DE REABILITAÇÃO PARA DOAÇÃO CADEIRA RODAS MOTORIZADAADULTO/INFANTIL CÎD.SUS 0701010223"
"1400","MATERIAIS PARA VERTEBROPLASTIAS KIT DE VERTEBROPLASTIA COM AGULHAS DE LUMEN(DETALHADA)"
"1401","MATERIAL E ARTIGOS PARA CONSUMO MEDICO/CIRURGICO/HOSPITALAR COLCHAOPNEUMATICO"
"1402","MATERIAL E ARTIGOS PARA CONSUMO MEDICO/CIRURGICO/HOSPITALAR PAPAGAIO INOX 1L"
"1403","MEDIDOR DE PRESSAO ARTERIAL ESFIGMOMANOMETRO MECÄNICO ANERÎIDE - CB 27CM -"
"1404",""
"1405","34CM"
"1406","MEDIDOR DE PRESSAO ARTERIAL ESFIGMOMANOMETRO MECÄNICO ANERÎIDE - CB 35CM -"
"1407",""
"1408","44CM"
"1409","MICRO MOTOR CIRURGICO MICROMOTOR CIRÞRGICO"
"1410","MICRODISSECTOR MICRODISSECTOR PARA ELETROCAUTÔRIO MONOPOLAR 135X3MM,RETO"
"1411","MICRONEBULIZADOR MICRONEBILIZADOR COMP. ADULTO,P/REDE DE OXIG.CONJ.INALACAO"
"1412","MICRONEBULIZADOR MICRONEBULIZADOR COMP.P/REDE DE AR COMP.,ADULTO,CJ INALACAO"
"1413","MONITOR MULTIPARAMETRO DE USO MEDICO MONITOR TFT COLORIDO COMP.VENTILADOR"
"1414",""
"1415","MAQUET.SERVO S/I"
"1416","NEURO ESTIMULADOR NEUROESTIMULADOR IMPLANTÇVEL PROGR. NAO RECAR. UNILATERAL"
"1417","PAS DE USO MEDICO/HOSPITALAR PAS PARA DESFIBRILACAO"
"1418","PECAS E COMPONENTES AGULHA INJEÐAO DESCARTAVEL PARA ENDOSCOPIA (D)"
"1419","PECAS E COMPONENTES BRACADEIRA C/MANGUITO P/ADULTO P/MONITOR DE PRESSAO"
"1420","PECAS E COMPONENTES CASSETE EXPIRATORIO P/VENTILADOR PULMONAR MAQUET,SERVO S E"
"1421",""
"1422","I"
"1423","PECAS E COMPONETES PARA EQUIPAMENTOS MEDICO-HOSPITALAR ANCORAS DE 2MM EM"
"1424",""
"1425","TI6A14V.COMP. TROCATER KIT DISCOPEXIA"
"1426","PECAS E COMPONETES PARA EQUIPAMENTOS MEDICO-HOSPITALAR BOTAO"
"1427",""
"1428","CONT.AC.DIR.PAIN.COM.COMP.VENTILADOR MAQUETMCC06532514"
"1429","PECAS E COMPONETES PARA EQUIPAMENTOS MEDICO-HOSPITALAR BRACO DE SUPORTE"
"1430",""
"1431","ARTICULADO P/VENT.PULMONAR MAQUET"
"1432","PECAS E COMPONETES PARA EQUIPAMENTOS MEDICO-HOSPITALAR CAPA"
"1433",""
"1434","PROT.ACRILICO,BOTÏES INTERF.MONITOR.COMP.MCC06567353"
"1435","PECAS E COMPONETES PARA EQUIPAMENTOS MEDICO-HOSPITALAR CONEXAO ENTR.CASSETE"
"1436",""
"1437","EXP.VENT.PULM.COMP.MAQUET,MCC06695105"
"1438","PECAS E COMPONETES PARA EQUIPAMENTOS MEDICO-HOSPITALAR KIT REPARO DO BRAÐO DE"
"1439",""
"1440","SEGMENTO CURTO DE BRACO ARTICULADO"
"1441","PECAS E COMPONETES PARA EQUIPAMENTOS MEDICO-HOSPITALAR MODULO DE ENTRADA DE"
"1442",""
"1443","GASES COMPATIVEL MCC06671125"
"1444","PECAS E COMPONETES PARA EQUIPAMENTOS MEDICO-HOSPITALAR PECAS E COMPONENTES"
"1445",""
"1446","PARA MANUTENCAO - VENTILADOR PULMONAR"
"1447","PECAS E COMPONETES PARA EQUIPAMENTOS MEDICO-HOSPITALAR PLA"
"1448",""
"1449","EL.INV.RETROIL.VENT.COMP.MAQUETMCC006567312/MCC006670632"
"1450","PECAS E COMPONETES PARA EQUIPAMENTOS MEDICO-HOSPITALAR PLACA"
"1451",""
"1452","ELET.CONEX.CAS.EXP.VENT.PUL.COMP.S-S.MAQUETMCC06696972"
"1453","PECAS E COMPONETES PARA EQUIPAMENTOS MEDICO-HOSPITALAR PLACA"
"1454",""
"1455","ELET.INT.FONTE.AC/DC, VENT.PUL.COMP.MAQUET MCC06651413"
"1456","PECAS E COMPONETES PARA EQUIPAMENTOS MEDICO-HOSPITALAR PLACA"
"1457",""
"1458","ELETR.CONEC.PAIN.POST.VENT.PUL.COMP.MAQUET.MCC06651397"
"1459","PECAS E COMPONETES PARA EQUIPAMENTOS MEDICO-HOSPITALAR PLACA"
"1460",""
"1461","ELETR.CONTR.FORCA VENTIL. PULM.COMP.MAQUET.MCC06651405"
"1462","PECAS E COMPONETES PARA EQUIPAMENTOS MEDICO-HOSPITALAR PLACA"
"1463",""
"1464","ELETR.PAIN.TRAS.PNEUM.VENT.PUL.COMP.MAQUET.MCC06651389"
"1465","PESO (PARA CORRECAO) PESO P/CORRECAO DE OURO 1,0 GRAMAS (CORRECAO DE"
"1466",""
"1467","LAGOFTALMO)"
"1468","PESO (PARA CORRECAO) PESO P/CORRECAO DE OURO 1,2 GRAMAS (CORRECAO DE"
"1469",""
"1470","LAGOFTALMO)"
"1471","PESO (PARA CORRECAO) PESO P/CORRECAO DE OURO 1,4 GRAMAS (CORRECAO DE"
"1472",""
"1473","LAGOFTALMO)"
"1474","PESO (PARA CORRECAO) PESO P/CORRECAO,DE OURO 0,8 GRAMAS (CORRECAO DE"
"1475",""
"1476","LAGOFTALMO)"
"1477","PINCA CRILE PINCA CRILE CURVA DE 16 CM."
"1478","PINCA DE USO HOSPITALAR/LABORATORIAL PINCA ADSON BROWN 18CM"
"1479","PINCA DENTE DE RATO EM ACO INOX PINCA DENTE DE RATO EM ACO INOX DE 20 CM DE"
"1480",""
"1481","COMPRIMENTO."
"1482","PINÐA DE BIOPSIA PINCA DE BIÎPSIA PARA COLONO"
"1483","PINÐA DE BIOPSIA PINCA DE BIÎPSIA PARA GASTRO"
"1484","PLACA DE LISS PLACA DE LISS OU MISS TRATAMENTO DE FRATURA DE FEMUR DISTAL"
"1485","PLATAFORMA PLATAFORMA DESCARTAVEL P/EXPANSOR DE PELE, MEDINDO 1:6 (DET)"
"1486","PLATAFORMA PLATAFORMA DESCARTAVEL PARA EXPANSOR DE PELE (DET)"
"1487","PLATAFORMA PLATAFORMA DESCARTAVEL PARA EXPANSOR DE PELE,(DET)"
"1488","PONTA PONREIRA PADRÃO CURVA DE 36 KHZ, COMPATIVEL COM CUSA EXCEL"
"1489","PONTA PONTA DESC.EST.MICRO TIP 23KHZ.COMP.ASP.ULTRASSONICO,INTEGRA"
"1490","PONTA PONTEIRA CIRURGICA DE 23 KHZ. COMP.ASP.ULTRASSONICO,INTEGRA"
"1491","PONTA PONTEIRA CIRURGICA TIP  36 KHZ.COMP.ASP.ULTRASSONICO,INTEGRA"
"1492","PONTA PONTEIRA PADRAO RETA 36 KHZ. COMP.ASP.ULTRASSONICO,INTEGRA"
"1493","PRESSURISADOR PRESSURISADOR PARA RAPIDA INFUSAO DE SANGUE E SOLUCOES"
"1494","PRODUTOS QUIMICOS PRODUTOS QUIMICOS P/ INDOCIANINA VERDE (AMPOLA 5MG)"
"1495","PRODUTOS QUIMICOS SOLUCAO PARA TINGIMENTO DE MEMBRANA RETINIANAS"
"1496","PRODUTOS QUIMICOS SOLUCAO PARA TINGIMENTO,MEMBRANA RETINIANAS AZUL TRYPAN0,1%"
"1497","PRODUTOS QUIMICOS SOLUCAO SALINA BALANCEADA FISIOLOGICA"
"1498","PRODUTOS QUIMICOS SOLUCAO SALINA BALANCEADA,VIDRO 500ML"
"1499","RESSUSCITADOR MANUAL DE USO MEDICO RESERVATÎRIO, CAPACIDADE 2500ML"
"1500","RESSUSCITADOR MANUAL DE USO MEDICO RESSUSCITADOR MANUAL DE SILICONE P/PACIENTENEO. FECHADO (D)"
"1501","RESSUSCITADOR MANUAL RESSUSCITADOR MANUAL EM SILICONE P/USO PEDIATRICO (500ML)"
"1502","SENSOR DE FLUXO. EXTENSOR PARA SENSOR DE OXIMETRIA PARA MARCA MINDRAY"
"1503","SENSOR DE FLUXO. OXIMETRIA REUTILIZAVEL COMPLETO"
"1504","SENSOR DE FLUXO. SENSOR DE DEDO NEONATAL TIPO Y, MODELO M1193AN (DET)"
"1505","SENSOR DE FLUXO. SENSOR DE FLUXO EXPIRATÎRIO, ADULTO,COMPATIVEL C/VYAIRE IX5"
"1506","SENSOR DE FLUXO. SENSOR DE OXIMETRIA ADULTO CLIP COMP.MINDRAY MEC 1000"
"1507","SENSOR DE FLUXO. SENSOR DE OXIMETRIA NEO Y COMP.MINDRAY DO P1 E P2."
"1508","SENSOR DE FLUXO. SENSOR DE OXIMETRIA NEO Y COMP.MINDRAY MEC 1000"
"1509","SENSOR DE FLUXO. SENSOR DE OXIMETRIA REUT.TIPO Y,COMP. MONITOR MULTIPARÅMETRO"
"1510","SENSOR DE FLUXO. SENSOR DE OXIMETRIA REUTILIZAVEL COMP. GE B650."
"1511","SENSOR DE FLUXO. SENSOR DE OXIMETRIA REUTILIZAVEL COMPLETO,COMP. LIFEMED M12"
"1512","SENSOR DE FLUXO. SENSOR DE OXIMETRIA REUTILIZAVEL COMPLETO,COMP. PROLIFE C120"
"1513","SENSOR DE FLUXO. SENSOR DE OXIMETRIA REUTILIZAVEL,COMPLETO,CONECTOR TIPO CLIP"
"1514","SENSOR DE FLUXO. SENSOR DE OXIMETRIA REUTILIZAVEL,CONECTOR TIPO CLIPE,COMPLET"
"1515","SENSOR DE FLUXO. SENSOR DE OXIMETRIA TIPO CLIP REUTILIZAVEL (DET)"
"1516","SENSOR DE FLUXO. SENSOR DE OXIMETRIA TIPO CLIP REUTILIZAVEL (DETALHADA)"
"1517","SENSOR DE FLUXO. SENSOR DE OXIMETRIA TIPO CLIP REUTILIZAVEL, COMPATIVEL COM"
"1518","SENSOR DE FLUXO. SENSOR DE OXIMETRIA TIPO CLIP, MMP DATASCOPE"
"1519","SENSOR DE FLUXO. SENSOR DE OXIMETRIA TIPO CLIP, ORIGINAL, COMPATIVEL (DET)"
"1520","SENSOR DE FLUXO. SENSOR DE OXIMETRIA TIPO Y REUTILIZAVEL, COMPATIVEL COM TECN"
"1521","SENSOR DE FLUXO. SENSOR DE OXIMETRIA, CLIP, COMPATIVEL MONITOR GE, DASH 4000"
"1522","SENSOR DE FLUXO. SENSOR DE OXIMETRIA, PARA USO EM MMP, DATASCOPE, SPECTRUM"
"1523","SENSOR DE FLUXO. SENSOR DE OXIMETRIA, Y, COMPATIVEL COM MONITOR GE, DASH 4000"
"1524","SENSOR DE FLUXO. SENSOR DE OXIMETRIA,REUTILIZAVEL,COMPLETO,CONECTOR TIPO CLIP"
"1525","SENSOR DE FLUXO. SENSOR DE OXIMETRIA,REUTILIZAVEL,COMPLETO,CONECTOR TIPO Y,CO"
"1526","SENSOR DE FLUXO. SENSOR DE OXIMETRIA,TIPO Y,NEONATAL,PERMANENTE,NELLCOR OXIMA"
"1527","SENSOR DE FLUXO. SENSOR DE OXIMETRIA/CLIPE ADULTO,COMPAT.OXIM. MARCA DIXTAL"
"1528","SENSOR DE FLUXO. SENSOR DE TEMPERATURA, TIPO PELE, COMPAT. C/PROLIFE C12/C120"
"1529","SENSOR DE FLUXO. SENSOR DE TEMPERATURA, TIPO PELE, COMPATIVEL C/LIFEMED M12"
"1530","SENSOR DE FLUXO. SENSOR INFANTIL/NEONATAL EMY,MARCA DIXTAL"
"1531","SENSOR DE FLUXO. SENSOR INFANTIL/NEONATAL,TIPO FLEX EM Y,C/CABO (D)"
"1532","SENSOR DE FLUXO. SENSOR OXIMET. TEC. NONIN.ADULTO,SENSOR/PRÔ-CABO,WELCH ALLYN"
"1533","SENSOR DE FLUXO. SENSOR OXIMETRIA TECNOLOGIA NELLCOR,WELCH ALLYN MOD.LXI 45NE"
"1534","SENSOR DE FLUXO. SENSOR OXIMETRIA TECNOLOGIA,TIPO Y,WELCH ALLYN LXI 45NEO-E2."
"1535","SENSOR DE FLUXO. SENSOR TIPO CLIP DE DEDO, ADULTO, COM CABO EXTENSOR,(D)"
"1536","SENSOR DE FLUXO. SENSOR TIPO Y, MMP DATEX-OHMEDA, MODELO CARDIOCAP."
"1537","SENSOR DE TEMPERATURA SENSOR DE TEMPERATURA DA PELE,REUTILIZAVEL,COMPATIVEL"
"1538",""
"1539","C/MONI"
"1540","SERINGA PARA BOMBA INJETORA KIT 2 SERINGAS.200ML,CAR.FRONTAL,2HANDI-FILS.BOMBA"
"1541",""
"1542","INJETORA"
"1543","SERINGA PARA BOMBA INJETORA KIT SERINGA COMP.C/BOMBA SPECTRIS SOLARIS"
"1544","SERINGA PARA BOMBA INJETORA SERINGA DESC.20ML"
"1545","SERINGA PARA BOMBA INJETORA SERINGA DESC.60ML"
"1546","SERINGA PARA BOMBA INJETORA SERINGA DESCARTAVEL 10CC/ML (BOMBA DE INFUSAO)"
"1547","SERINGA PARA BOMBA INJETORA SERINGA DESCARTAVEL 5CC/ML"
"1548","SERRA DE USO MEDICO/HOSPITALAR SERRA DE GIGLI"
"1549","SERRA DE USO MEDICO/HOSPITALAR SERRA MATHIEU COM 1 LAMINA(D)"
"1550","SISTEMA DA BAIN SISTEMA DA BAIN RESPIRATORIO COM SISTEMA ANTI-POLUICAO"
"1551","TESOURA DE USO MEDICO TESOURA METZEMBAUM CURVA, 12,7CM COMP."
"1552","TESOURA PARA BISTURI TESOURA COAGULAD. ULTRASS.PONTA"
"1553",""
"1554","CURVA/RETA,5MM.APROX.35A39CM"
"1555","TESOURA PARA BISTURI TESOURA COAGULADORA ULTRASSONICA PONTA CURVA OU RETA,"
"1556",""
"1557","5MM"
"1558","TESOURA PARA BISTURI TESOURA COAGULADORA ULTRASSONICA CURVA OU RETA 5MM"
"1559","TOMADA DUPLA TOMADA DUPLA PARA AR COMPRIMIDO"
"1560","TOMADA DUPLA TOMADA DUPLA PARA REDE CANALIZADA DE OXIGENIO"
"1561","TRANSDUTOR TRANSDUTOR ENDOCAVITARIO,COMP.ULTRASSOM MINDRAY MODELO DC-70"
"1562","TREPANO A VACUO 9,25"
"1563","TREPANO PARA DRILL FRESA PARA TREPANO 12/15MM TE 563"
"1564","TREPANO PREPANO 9,5  A VACUO"
"1565","TREPANO PUNCH A VACUO 7,0"
"1566","TREPANO PUNCH A VACUO 9,0"
"1567","TREPANO PUNCH A VACUO 9,50"
"1568","TREPANO PUNCH A VACUO 7,5"
"1569","TREPANO TREPANO 7,0 - P/CIRURGIA DE TRANSPLANTE DE CORNEA"
"1570","TREPANO TREPANO 7,5 MODELO LE BARON, A VACUO"
"1571","TREPANO TREPANO 7,75 - P/CIRURGIA DE TRANSPLANTE DE CORNEA"
"1572","TREPANO TREPANO 8,0  A VACUO"
"1573","TREPANO TREPANO 8,2 - P/CIRURGIA DE TRANSPLANTE DE CORNEA"
"1574","TREPANO TREPANO 8,5  A VACUO"
"1575","TREPANO TREPANO 9,0  A VACUO"
"1576","TREPANO TREPANO A VACUO 8,75"
"1577","TREPANO TREPANO PUNCH 7,25  A VACUO"
"1578","TREPANO TREPANO PUNCH 7,7  A VACUO"
"1579","TREPANO TREPANO PUNCH 8,00  A VACUO"
"1580","TREPANO TREPANO PUNCH 8,2"
"1581","TREPANO TREPANO PUNCH 8,50  A VACUO"
"1582","TREPANO TREPANO PUNCH 8,7  A VACUO"
"1583","TREPANO TREPANO PUNCH 9,2 MODELO LEBARON, A VACUO"
"1584","TROCATER TROCATER P/REALIZAR CISTOSTOMIA,DISCO FIXACAO,S.FOLEY18-20FR"
"1585","TUBO CIRURGICO TUBO CIRURGICO EM  SILICONE 0,9 X 0,6 X 50CM"
"1586","TUBO CIRURGICO TUBO CIRURGICO EM SILICONE  0,07 X 0,03 X 125 MM"
"1587","TUBO CONECTOR CONJUNTO DE TUBOS MULTIPLOS COMP. C/CUSA EXCEL 23KHZ"
"1588","TUBO CONECTOR CONJUNTO DE TUBOS MULTIPLOS COMP. C/CUSA EXCEL 36KHZ"
"1589","TUBO CONECTOR TRAQUEAL EM T, SILICONE, P/ADULTO,C/12MM,TIPO MONTGOMERY"
"1590","TUBOS FLEXIVEIS PARA HISTEROSCOPIA TUBO FLEXIVEL P/HISTEROSCOPIA"
"1591",""
"1592","COMP.C/IRRIGADOR KARL STORZ"
"1593","UMIDIFICADOR DE OXIGENIO UMIDIFICADOR DE OXIGENIO, PLASTICO,FR C/250 ML,C/TAMPA"
"1594","UMIDIFICADOR DE OXIGENIO VALVULA DE FECH. TIPO BI P/ UTILIZACAO EM (D)"
"1595","UMIDIFICADOR DE OXIGENIO VALVULA DE FECH. TIPO BI P/ UTILIZACAO EM PTO. DE VACUO"
"1596","VALVULA DE USO MEDICO VALVULA BI PARA VACUO"
"1597","VALVULA DE USO MEDICO VALVULA DE EXALAÇÃO, COMPATIVEL C/ VYAIRE IX5"
"1598","VALVULA DE USO MEDICO VALVULA EXPIRATÎRIO AUTOCLAVAVEL P/VENTILADOR"
"1599",""
"1600","PULMONAR(DET.)"
"1601","VALVULA PARA HIDROCEFALIA VALVULA P/HIDROCEFALIA  C/REGULAGEM EXTERNA DE"
"1602",""
"1603","PRESSAO"
"1604","FORMULARIOS E IMPRESSOS"
"1605","ETIQUETA AUTO-ADESIVA PARA IDENTIFICACAO EM PAPEL"
"1606",""
"1607","COUCHE,BRANCA,MED.100MMX39MM, ROLO C/835 ETIQUETAS"
"1608","IMPRESSO ANESTESIOLOGIA MODELO SMA/3 - 001"
"1609","IMPRESSO CADERNETA DE SAUDE DA CRIANCA - MENINAS"
"1610","IMPRESSO CADERNETA DE SAUDE DA CRIANCA - MENINOS"
"1611","IMPRESSO CAPA DE INQUERITO POLICIAL - IOESC 61423"
"1612","IMPRESSO CAPA PRONTUARIO C-054"
"1613","IMPRESSO CERTIFICADO CONCLUSAO DE CURSO"
"1614","IMPRESSO COMUNICACAO DE NASCIMENTO MODELO FMCD - 001"
"1615","IMPRESSO CONTROLE DE SORO"
"1616","IMPRESSO ENVELOPE PARA MEDICAMENTO FHCS-074"
"1617","IMPRESSO FICHA ALVARA"
"1618","IMPRESSO FOLDERS/CARTAZ COMO TIRAR O LEITE DO PEITO"
"1619","IMPRESSO LIVRO - AMAMENTAR"
"1620","IMPRESSO MCP MODELO 003 - CAPA DE PROCESSO"
"1621","IMPRESSO MCP MODELO 027 - ENVELOPE OFICIO C/TIMBRE DO ESTADO"
"1622","IMPRESSO MCP MODELO 028 - ENVELOPE SACO C/TIMBRE DO ESTAO - TAM. PEQ."
"1623","IMPRESSO MCP MODELO 029 - ENVELOPE SACO/TIMBRE DO ESTADO TAM. MEDIO"
"1624","IMPRESSO MCP MODELO 030 - ENVELOPE SACO C/TIMBRE DO ESTADO-TAM. GRANDE"
"1625","IMPRESSO MCP MODELO 091 - ENVELOPE CARTA OU CARTAO"
"1626","IMPRESSO MCP MODELO 124 - RASCUNHO S/TIMBRE"
"1627","IMPRESSO MCP MODELO 174 - ENVELOPE SACO C/TIMBRE"
"1628","IMPRESSO NOTIFICACAO DE RECEITA"
"1629","IMPRESSO RECEITUARIO DE CONTROLE ESPECIAL"
"1630","IMPRESSO REGISTRO INDIVIDUAL DE NOTIFICACAO"
"1631","IMPRESSO REQUISICAO PSICOTROPICO M-002"
"1632","FOTOGRAFIA, CINEMATOGRAFIA E FONOGRAFIA"
"1633","BATERIA BATERIA A23 - 12V"
"1634","BATERIA RECARREGAVEL, DE LITIO"
"1635","BOLSA PARA CAMERA FOTOGRAFICA"
"1636","CAMERA DE VIDEO PACK/KIT PARA EXPANSAO"
"1637","CAMERA FOTOGRAFICA DIGITAL"
"1638","CAPA PARA CD EM ACRILICO,"
"1639","COMPONENTES E ACESSORIOS PARA MAQUINA FOTOGRAFICA FLASH"
"1640","DVD - VIRGEM PARA GRAVACAO"
"1641","DVD - VIRGEM PARA GRAVACAO, RW + REGRAVAVEL"
"1642","FILMADORA DO TIPO DIGITAL FULL HD"
"1643","ILUMINADOR ILUMINACAO CAMERA"
"1644","LENTE FOTOGRAFICA E FILMOGRAFICA PARA MAQUINA FOTOGRAFICA"
"1645","MESA DE SOM MESA DE SOM"
"1646","MICROFONE DINAMICO"
"1647","PROJETOR MULTIMIDIA"
"1648","TELEVISOR TELEVISAO SMART 50"""
"1649","TRIPE PARA MAQUINA FOTOGRAFICA"
"1650","FERRAMENTAS"
"1651","ALICATE BOMBA D3⁄4AGUA"
"1652","ALICATE COM CABO ISOLANTE"
"1653","ALICATE DE BICO"
"1654","ALICATE DE CORTE"
"1655","ALICATE DE CORTE LATERAL"
"1656","ALICATE DE PRESSAO"
"1657","ALICATE TIPO ELETRICISTA 8"" COM ISOLAMENTO"
"1658","ALICATE UNIVERSAL"
"1659","ARCO COM SERRA REGULAVEL"
"1660","BROCA 10MM PARA CONCRETO"
"1661","BROCA 6MM PARA CONCRETO"
"1662","BROCA COM 8,00MM"
"1663","BROCA DE ACO RAPIDO MEDINDO 10,00 MM"
"1664","BROCA DE ACO RAPIDO MEDINDO 12 MM"
"1665","BROCA DE ACO RAPIDO MEDINDO 2,00MM"
"1666","BROCA DE ACO RAPIDO MEDINDO 2,50 MM"
"1667","BROCA DE ACO RAPIDO MEDINDO 3,0 MM"
"1668","BROCA DE ACO RAPIDO MEDINDO 3,5MM"
"1669","BROCA DE ACO RAPIDO MEDINDO 4,00 MM"
"1670","BROCA DE ACO RAPIDO MEDINDO 4,50MM"
"1671","BROCA DE ACO RAPIDO MEDINDO 5,00 MM"
"1672","BROCA DE ACO RAPIDO MEDINDO 5,5 MM"
"1673","BROCA DE ACO RAPIDO MEDINDO 6,00 MM"
"1674","BROCA DE ACO RAPIDO MEDINDO 6,5 MM"
"1675","BROCA DE ACO RAPIDO MEDINDO 7,00 MM"
"1676","BROCA DE ACO RAPIDO MEDINDO 7,50 MM"
"1677","BROCA DE ACO RAPIDO MEDINDO 8MM"
"1678","BROCA DE ACO RAPIDO MEDINDO 9,00 MM"
"1679","BROCA DE ACO RAPIDO MEDINDO 9,5 MM"
"1680","BROCA DE VIDEA MEDINDO 10,00 MM"
"1681","BROCA DE VIDEA MEDINDO 12 MM"
"1682","BROCA DE VIDEA MEDINDO 13MM"
"1683","BROCA DE VIDEA MEDINDO 5,00 MM"
"1684","BROCA DE VIDEA MEDINDO 6,00 MM"
"1685","BROCA DE VIDEA MEDINDO 7,00 MM"
"1686","BROCA DE VIDEA MEDINDO 8,00 MM"
"1687","BROCA EM ACO"
"1688","CAIXA PARA FERRAMENTAS EM PLASTICO"
"1689","CAVADEIRA CABO MADEIRA"
"1690","CHAVE DE FENDA MEDIA 1/4 POR 6"
"1691","CHAVE DE FENDA TAMANHO GRANDE 3/16 POR 6"
"1692","CHAVE DE FENDA TIPO TESTE"
"1693","CHAVE TIPO FENDA/PHILLIPS DE FENDA 1/4 X 10"
"1694","CHAVE TIPO FENDA/PHILLIPS DE FENDA 1/4 X 8"""
"1695","CHAVE TIPO FENDA/PHILLIPS DE FENDA 3/16 X 6"
"1696","CHAVE TIPO FENDA/PHILLIPS PHILLIPS 1/4 X 6"""
"1697","CHAVE TIPO FENDA/PHILLIPS PHILLIPS 1/8 X 3"""
"1698","CHAVE TIPO FENDA/PHILLIPS TAMANHO 5/16 X 6"""
"1699","CHAVES DIVERSAS JOGO DE CHAVE ALLEN"
"1700","CHAVES DIVERSAS MANDRIL"
"1701","COLHER DE PEDREIRO (UTILIZADA NA CONSTRUCAO CIVIL)"
"1702","COMPONENTES E ACESSORIOS DE FERRAMENTAS PERNA DE SERRA"
"1703","DISCO DE CORTE 2.5MMX115MM FURO 7/8''"
"1704","DISCO DE CORTE DIAMANTADO UNIVERSAL SEGMENTADO 110MM"
"1705","DISCO DE CORTE DISCO DE CORTE 4.1/2X2X7/8"
"1706","DISCO DE CORTE DISCO PARA SERRA DE MADEIRA"
"1707","DISCO DE CORTE DISCO SERRA MARMORE CORTE A SECO DIAMENTADO"
"1708","DISCO DE CORTE MULTIUSO 3X1115X2.2X22.2MM 1 1/2X3/32X''7/8''"
"1709","DISCO DE CORTE PARA CERAMICA"
"1710","DISCO DE CORTE PARA FERRO"
"1711","ENXADA ENXADA"
"1712","ESPATULA DE ACO  MEDINDO 5 CM"
"1713","ESPATULA DE ACO MEDINDO 9 CM"
"1714","ESQUADRO PARA PEDREIRO"
"1715","ESQUADRO REFERENCIA 160 PARA PEDREIRO"
"1716","FACAO DE ACO CABO DE MADEIRA"
"1717","FERRAMENTA MANUAL BICO PARA PNEU"
"1718","FERRAMENTAS MANUAIS CONSUMO CORTADOR DE VIDRO"
"1719","FERRAMENTAS MANUAIS CONSUMO TORQUES"
"1720","FERRAMENTAS MANUAIS CONSUMO VENTOSA DUPLA PROFISSIONAL"
"1721","FURADEIRA DE IMPACTO POTENCIA 600 WATTS"
"1722","GROSA PARA MADEIRA 10"""
"1723","LAMINA DE SERRA ACO RAPIDO"
"1724","LAMINA DE SERRA CIRCULAR COM 24 DENTES"
"1725","LAMINA PARA SERRA KIT COM 8 LAMINAS PARA SERRA TICO TICO"
"1726","LIXA DE CINTA"
"1727","LIXA FINA 220"
"1728","LIXA G 125 MADEIRA 080  - MEDIA"
"1729","LIXA GRAO NR.100"
"1730","LIXA GRAO NR.60"
"1731","LIXA LIXA FERRO NUMERO 50"
"1732","LIXA PARA FERRO NR.100"
"1733","LIXA PARA MASSA N120"
"1734","LIXA PARA MASSA,150"
"1735","MAQUINA SERRA SABRE EQUIP. PARA USO GERAL"
"1736","MAQUINAS, UTENSILIOS E EQUIPAMENTOS DIVERSOS FURADEIRA/PARAFUSADEIRA"
"1737","MARRETA COM CABO DE MADEIRA"
"1738","MARTELO PROFISSIONAL P/CARPINTARIA, COM CABO DE MADEIRA"
"1739","PA COM CABO DE MADEIRA"
"1740","PA DE JUNTAR COM CABO DE MADEIRA"
"1741","PLAINA ELETRICA COM POTENCIA DE 700 WATTS"
"1742","REBITADEIRA MANUAL TIPO ALICATE"
"1743","SERRA ELETRICA MARMORE POTENCIA MINIMA 1400 WATS"
"1744","SERRA PARA FERRO - PARA ARCO MANUAL ACO RAPIDO, COM APROX. 30CM"
"1745","TALHADEIRA . COM PONTEIRA DE ACO, MEDINDO 30 CM"
"1746","TALHADEIRA . PROFISSIONAL PARA CARPINTARIA"
"1747","TRENA 50M EM LAMINA DE AÇO"
"1748","TRENA DE ACO ESMALTADA COM 05 METROS"
"1749",""
"1750","AGUA MINERAL BOMBONA DE 20 LITROS*"
"1751","ACUCARES ACUCAR CRISTAL (EMB. C/ 1KG)"
"1752","ACUCARES ACUCAR DE CONFEITEIRO PCTE.C/1 KG."
"1753","ACUCARES ACUCAR MASCAVO,(1KG)"
"1754","ACUCARES ACUCAR REFINADO"
"1755","ACUCARES ACUCAR REFINADO (EMB. C/ 1KG)  *"
"1756","ACUCARES E ADOCANTES ADOCANTE 100ML"
"1757","ACUCARES E ADOCANTES ADOCANTE DIETETICO LIQUIDO,FRASCO COM 100 ML"
"1758","ACUCARES E ADOCANTES ADOCANTE EM PO - POTE"
"1759","ACUCARES E ADOCANTES MODULO DE MALTODEXTRINA PARA NUTRICAO ENTERAL E ORAL"
"1760","ACUCARES E ADOCANTES MODULO DE MALTODEXTRINA SEM TRACOS DE LEITE"
"1761","AGUA MINERAL AGUA MINERAL, SEM GAS, EM COPO DE 200ML"
"1762","AGUA MINERAL SEM GAS, 20 LITROS"
"1763","ALIMENTO PARA DIETA ENTERAL  FORMULA ENTERAL E ORAL OLIGOMERICA, EM PO"
"1764","ALIMENTO PARA DIETA ENTERAL  FORMULA ENTERAL E ORAL P/ PACIENTES C/ DII, EM PO"
"1765","ALIMENTO PARA DIETA ENTERAL  FORMULA PEDIATRICA ENTERAL COM 1,0 KCAL/ML, LIQUIDA,SF"
"1766","ALIMENTO PARA DIETA ENTERAL FORMULA ENTERAL > 1,5 KCAL/ML, HIPERPROTÔICA, 1000ML, SF"
"1767","ALIMENTO PARA DIETA ENTERAL FORMULA ENTERAL > 1,5 KCAL/ML, RESTRITA EM NA, K E P,"
"1768",""
"1769","SF"
"1770","ALIMENTO PARA DIETA ENTERAL FORMULA ENTERAL COM > 1,5 KCAL/ML, OLIGOMÔRICA, SF"
"1771","ALIMENTO PARA DIETA ENTERAL FORMULA ENTERAL COM 1,5 KCAL/ML, HIPERPROTÔICA, 500"
"1772",""
"1773","ML, SF"
"1774","ALIMENTO PARA DIETA ENTERAL FORMULA ENTERAL COM DE NORMAL, OLIGOMÔRICA, 1000"
"1775",""
"1776","ML, SF"
"1777","ALIMENTO PARA DIETA ENTERAL FORMULA ENTERAL COM DE NORMAL, OLIGOMÔRICA, 500 ML,"
"1778",""
"1779","SF"
"1780","ALIMENTO PARA DIETA ENTERAL FORMULA ENTERAL OLIGOMÔRICA, 90 G/L DE PROTEINAS, SF"
"1781","ALIMENTO PARA DIETA ENTERAL FORMULA ENTERAL P/ CONTROLE GLICÕMICO 0,9 A 1,2"
"1782",""
"1783","KCAL/ML, SF"
"1784","ALIMENTO PARA DIETA ENTERAL FORMULA ENTERAL P/ CONTROLE GLICÕMICO COM DE ALTA,"
"1785",""
"1786","SF"
"1787","ALIMENTO PARA DIETA ENTERAL FORMULA ENTERAL PARA CICATRIZAçãO, SF"
"1788","ALIMENTO PARA DIETA ENTERAL FORMULA ENTERAL PARA PACIENTES CRITICOS, SF"
"1789","ALIMENTO PARA DIETA ENTERAL FORMULA ORAL P/ PCTES. C/ DRC EM DIALISE LIQ. C/ SABOR"
"1790","ALIMENTO PARA DIETA ENTERAL FORMULA ORAL P/ PCTES. C/ DRC TTO. CONSERVADOR LIQ. C/"
"1791",""
"1792","SABOR"
"1793","ALIMENTO PARA DIETA ENTERAL FORMULA PADRAO PARA NUTRICAO ENTERAL COM FIBRAS,"
"1794",""
"1795","SF"
"1796","ALIMENTO PARA DIETA ENTERAL FORMULA PADRAO PARA NUTRICAO ENTERAL, 1000 ML, SF"
"1797","ALIMENTO PARA DIETA ENTERAL FORMULA PADRÃO PARA NUTRICAO ENTERAL, 500 ML, SF"
"1798","ALIMENTO PARA DIETA ENTERAL FORMULA PADRAO PARA NUTRICAO ENTERAL, EM PÎ"
"1799","ALIMENTO PARA DIETA ENTERAL FORMULA PADRÃO PARA NUTRICAO ENTERAL, LIQUIDA"
"1800","ALIMENTO PARA DIETA ENTERAL FORMULA PEDIATRICA ENTERAL COM 1,5 KCAL/ML, LIQUIDA,"
"1801",""
"1802","SF"
"1803","ALIMENTO PARA DIETA ENTERAL FORMULA PEDIATRICA ENTERAL E ORAL OLIGOMERICA, EM"
"1804",""
"1805","PO"
"1806","ALIMENTO PARA DIETA ENTERAL FORMULA PEDIATRICA ENTERAL E ORAL, EM PO, SEM SABOR"
"1807","ALIMENTO PARA DIETA ENTERAL FORMULA PEDIATRICA ENTERAL OLIGOMERICA, LIQUIDA, SF"
"1808","ALIMENTO PARA DIETA ENTERAL FORMULA PEDIATRICA ENTERAL POLIMÔRICA,EM PÎ, SABOR"
"1809",""
"1810","BAUNILHA."
"1811","ALIMENTO PARA DIETA ENTERAL FORMULA PEDIATRICA ORAL C/ 1,5 KCAL/ML LIQ. SABOR"
"1812",""
"1813","BAUNILHA"
"1814","ALIMENTO PARA DIETA ENTERAL FORMULA PEDIATRICA ORAL C/ 1,5 KCAL/ML LIQ. SABOR"
"1815",""
"1816","CHOCOLATE"
"1817","ALIMENTO PARA DIETA ENTERAL FORMULA PEDIATRICA ORAL C/ 1,5 KCAL/ML LIQ. SABOR"
"1818",""
"1819","MORANGO"
"1820","ALIMENTOS NAO PERECIVEIS (ORDENS JUDICIAIS) BISCOITO RECHEADO, COM RESTRICAO DE"
"1821",""
"1822","FENILALANINA, ATÔ 160G"
"1823","ALIMENTOS NAO PERECIVEIS (ORDENS JUDICIAIS) BOLACHA DE MEL ESPECIAL P/"
"1824",""
"1825","FENILCETONURICOS, PACOTE 200 G"
"1826","ALIMENTOS NAO PERECIVEIS (ORDENS JUDICIAIS) BOLACHA DE POLVILHO ESPECIAL P/"
"1827",""
"1828","FENILCETONURICOS 200MG"
"1829","ALIMENTOS NAO PERECIVEIS (ORDENS JUDICIAIS) FARINHA DE SOJA, PACOTE 1 KG"
"1830","ALIMENTOS NAO PERECIVEIS (ORDENS JUDICIAIS) FARINHA PARA FENILCETONÞRICOS, PACOTE"
"1831",""
"1832","1 KG - RILA"
"1833","ALIMENTOS NAO PERECIVEIS (ORDENS JUDICIAIS) GELATINA DE ORIGEM VEGETAL, PACIENTES"
"1834",""
"1835","FENILCETONÞRICOS"
"1836","ALIMENTOS NAO PERECIVEIS (ORDENS JUDICIAIS) LEITE DE CABRA EM PÎ, LATA 400 G"
"1837","ALIMENTOS NAO PERECIVEIS (ORDENS JUDICIAIS) LEITE DE SOJA, CAIXA 1 L"
"1838","ALIMENTOS NAO PERECIVEIS (ORDENS JUDICIAIS) LEITE UHT SEMI-DESNATADO, ZERO"
"1839",""
"1840","LACTOSE, LITRO"
"1841","ALIMENTOS NAO PERECIVEIS (ORDENS JUDICIAIS) MACARRAO ESPECIAL PARA"
"1842",""
"1843","FENILCETONURICOS, PACOTE 500 G"
"1844","ALIMENTOS NAO PERECIVEIS (ORDENS JUDICIAIS) MILK SHAKE, PÎ PARA PREPARO - XUKY"
"1845","ALIMENTOS NAO PERECIVEIS (ORDENS JUDICIAIS) OLEODE GIRASSOL, APROXIMADAMENTE 1 L"
"1846","ALIMENTOS NAO PERECIVEIS (ORDENS JUDICIAIS) SUCO A BASE DE SOJA, LITRO"
"1847","AVES E  DERIVADOS COXA DE FRANGO"
"1848","AVES E  DERIVADOS EMPANADO DE FRANGO"
"1849","AVES E  DERIVADOS FILE DE PEITO DE FRANGO"
"1850","AVES E  DERIVADOS OVOS"
"1851","AVES E  DERIVADOS OVOS - BANDEJA COM 30 UNIDADES"
"1852","AVES E  DERIVADOS SOBRECOXA DE FRANGO"
"1853","BATATA PALHA BATATA PALHA PACOTE COM 400 GRAMAS"
"1854","BEBIDAS PRONTAS BATIDA LACTEA E PREPARO AGUA DE COCO(EMBALAGEM COM 1 LITRO)"
"1855","BEBIDAS PRONTAS BATIDA LACTEA E PREPARO AGUA MINERAL NATURAL C/ GAS"
"1856",""
"1857","(EMB.DESCARTAVEL 500ML)"
"1858","BEBIDAS PRONTAS BATIDA LACTEA E PREPARO BEBIDA ACHOCOLATADA TIPO"
"1859",""
"1860","TODINHO,PRONTA P/BEBER,COM 200 ML"
"1861","BEBIDAS PRONTAS BATIDA LACTEA E PREPARO BEBIDA LACTEA"
"1862","BEBIDAS PRONTAS BATIDA LACTEA E PREPARO BEBIDA LACTEA FERMENTADA"
"1863","BEBIDAS PRONTAS BATIDA LACTEA E PREPARO DE SOJA,DIVERSOS SABORES"
"1864","BEBIDAS PRONTAS BATIDA LACTEA E PREPARO NECTAR DE FRUTAS"
"1865","BEBIDAS PRONTAS BATIDA LACTEA E PREPARO NECTAR DE FRUTAS, SABORES DIVERSOS"
"1866","BEBIDAS PRONTAS BATIDA LACTEA E PREPARO SUCO CONCENTRADO SABORES DIVERSOS"
"1867",""
"1868","(EMBALAGEM COM 01 LITRO)"
"1869","BISCOITOS OU BOLACHAS, BOMBONS, BALAS E CARAMELOS BALA DE BANANA"
"1870","BISCOITOS OU BOLACHAS, BOMBONS, BALAS E CARAMELOS BALA DE GOMA"
"1871","BISCOITOS OU BOLACHAS, BOMBONS, BALAS E CARAMELOS BALA DE SABORES E PESOS"
"1872",""
"1873","DIVERSOS"
"1874","BISCOITOS OU BOLACHAS, BOMBONS, BALAS E CARAMELOS BISCOITO"
"1875","BISCOITOS OU BOLACHAS, BOMBONS, BALAS E CARAMELOS BISCOITO SALGADO, TIPO AGUA E"
"1876",""
"1877","SAL"
"1878","BISCOITOS OU BOLACHAS, BOMBONS, BALAS E CARAMELOS Biscoito sem lactose, pacote com"
"1879",""
"1880","aproximadamente 200 g"
"1881","BISCOITOS OU BOLACHAS, BOMBONS, BALAS E CARAMELOS BISCOITO SORTIDO"
"1882","BISCOITOS OU BOLACHAS, BOMBONS, BALAS E CARAMELOS BISCOITO TIPO ROSQUINHA"
"1883","BISCOITOS OU BOLACHAS, BOMBONS, BALAS E CARAMELOS DOCE TIPO PACOCA"
"1884","BISCOITOS OU BOLACHAS, BOMBONS, BALAS E CARAMELOS GOMA DE MASCAR"
"1885","BISCOITOS OU BOLACHAS, BOMBONS, BALAS E CARAMELOS PIPOCA PRONTA - FARDO"
"1886","BISCOITOS OU BOLACHAS, BOMBONS, BALAS E CARAMELOS PIRULITO"
"1887","CACAU EM PO"
"1888","CAFE EM PO, AVACUO"
"1889","CAFE EMBALAGEM 500G"
"1890","CAFE TORRADO E MOIDO EM EMB. A VACUO OU ALMOFADA PCTE 500 G"
"1891","CARNES SUINAS, BOVINA E VICERAS (CARNE BOVINA MOIDA KG)"
"1892","CARNES SUINAS, BOVINA E VICERAS CARNE BOVINA"
"1893","CARNES SUINAS, BOVINA E VICERAS CARNE BOVINA (PALETA)"
"1894","CARNES SUINAS, BOVINA E VICERAS CARNE BOVINA, COXAO MOLE"
"1895","CARNES SUINAS, BOVINA E VICERAS CARNE SUINA"
"1896","CARNES SUINAS, BOVINA E VICERAS CARNE SUINA, LOMBO"
"1897","CARNES SUINAS, BOVINA E VICERAS LOMBO BOVINO"
"1898","CEREAIS E LEGUMINOSAS AMENDOIM SEM CASCA (500 GR) - PACOTE"
"1899","CEREAIS E LEGUMINOSAS AMENDOIM TIPO XEREM"
"1900","CEREAIS E LEGUMINOSAS ARROZ BRANCO (EMB. C/ 1KG)"
"1901","CEREAIS E LEGUMINOSAS ARROZ PARBORIZADO TIPO 1"
"1902","CEREAIS E LEGUMINOSAS BARRA DE CEREAL"
"1903","CEREAIS E LEGUMINOSAS CANJICA (EMBALAGEM COM 500 GR)"
"1904","CEREAIS E LEGUMINOSAS FARINHA DE CEREAIS"
"1905","CEREAIS E LEGUMINOSAS FEIJAO PRETO"
"1906","CEREAIS E LEGUMINOSAS FEIJAO PRETO:GRUPO 1 - ANAO, CLASSE PRETO TIPO 1 (D)"
"1907","CEREAIS E LEGUMINOSAS FLOCOS DE CEREAIS EM PACOTE"
"1908","CEREAIS E LEGUMINOSAS GRANOLA DIET"
"1909","CEREAIS E LEGUMINOSAS GRAO DE BICO"
"1910","CEREAIS E LEGUMINOSAS MILHO DE PIPOCA (500 GR)"
"1911","CEREJA EM CALDA EMBALAGEM DE  3,6 KG"
"1912","CHAS CHA CAMOMILA, SACHE COM NO MINIMO 1 GRAMA."
"1913","CHAS CHA DE MACA, SACHE COM NO MINIMO 1 GRAMA."
"1914","CHAS CHA DIVER. AROMAS/ERVAS, EMB. CAIXA COM 10 SACHES DE 20 GR."
"1915","CHOCOLATE AO LEITE"
"1916","CHOCOLATE BRANCO"
"1917","CHOCOLATE CHOCOLATE EM BARRA MEIO AMARGO COM 01 KG"
"1918","CHOCOLATE EM BARRINHA"
"1919","CHOCOLATE EM CAIXA"
"1920","CHOCOLATE TIPO CONFETIŸ"
"1921","CHOCOLATE TIPO OVO DE PASCOA"
"1922","CONDIMENTOS, TEMPEROS E ESPECIARIAS CANELA EM PO"
"1923","CONDIMENTOS, TEMPEROS E ESPECIARIAS CANELA EM RAMA (EMB. C/ 20G APROX.)"
"1924","CONDIMENTOS, TEMPEROS E ESPECIARIAS COLORAU"
"1925","CONDIMENTOS, TEMPEROS E ESPECIARIAS COMINHO EM PO"
"1926","CONDIMENTOS, TEMPEROS E ESPECIARIAS CONDIMENTO COLORIFICO EM PO"
"1927","CONDIMENTOS, TEMPEROS E ESPECIARIAS CRAVO DA INDIA"
"1928","CONDIMENTOS, TEMPEROS E ESPECIARIAS ERVA DOCE"
"1929","CONDIMENTOS, TEMPEROS E ESPECIARIAS ESSENCIA DE BAUNILHA FRASCO COM 30 ML"
"1930","CONDIMENTOS, TEMPEROS E ESPECIARIAS ESSENCIA DE PANETONE (30 ML)"
"1931","CONDIMENTOS, TEMPEROS E ESPECIARIAS NOZ MOSCADA EM PO"
"1932","CONDIMENTOS, TEMPEROS E ESPECIARIAS NOZ MOSCADA GRAO"
"1933","CONDIMENTOS, TEMPEROS E ESPECIARIAS OREGANO DESIDRATADO"
"1934","CONDIMENTOS, TEMPEROS E ESPECIARIAS PIMENTA DO REINO PRETA EM PÎ"
"1935","CONDIMENTOS, TEMPEROS E ESPECIARIAS PIMENTA EM KG"
"1936","CONDIMENTOS, TEMPEROS E ESPECIARIAS SAL REFINADO IODADO (EMB. C/ 1KG)"
"1937","CONDIMENTOS, TEMPEROS E ESPECIARIAS VINAGRE DE ALCOOL"
"1938","CONDIMENTOS, TEMPEROS E ESPECIARIAS VINAGRE, FRASCO COM 750ML"
"1939","CONSERVA E DERIVADOS ANIMAIS CREME DE LEITE (EMBALAGEM LONGA VIDA C/200 GRAMAS)"
"1940","CONSERVA E DERIVADOS ANIMAIS LEITE CONDENSADO EMBALAGEM COM 395 GRAMAS"
"1941","CONSERVAS DE PEIXE CONSERVA DE ATUM"
"1942","CONSERVAS DE VEGETAIS E FRUTAS ABACAXI EM CALDA"
"1943","CONSERVAS DE VEGETAIS E FRUTAS AMEIXA EM CALDA"
"1944","CONSERVAS DE VEGETAIS E FRUTAS AMEIXA SEM CAROCO"
"1945","CONSERVAS DE VEGETAIS E FRUTAS AZEITONA"
"1946","CONSERVAS DE VEGETAIS E FRUTAS ERVILHA EM CONSERVA"
"1947","CONSERVAS DE VEGETAIS E FRUTAS MILHO VERDE EM CONSERVA, LATA 300 GR"
"1948","CONSERVAS DE VEGETAIS E FRUTAS PALMITO EM CONSERVA, EMBALAGEM COM 300 GRAMAS"
"1949","CONSERVAS DE VEGETAIS E FRUTAS PESSEGO EM CALDA (EMB. C/ 450G)"
"1950","CONSERVAS DE VEGETAIS E FRUTAS TOMATE SECO"
"1951","DIETAS (ORDENS JUDICIAIS) ALIM COMPL P CRIANCAS1 A 10 ANOS,MORANGO,900G-PEDIASURE"
"1952","DIETAS (ORDENS JUDICIAIS) ALIM NUTRIC COMPLETO P CONTROLE GLICêMICO, Pó, 400G-GLUCE"
"1953","DIETAS (ORDENS JUDICIAIS) ALIM.HIPERCAL.HIPERPRO.LIQ.SIST.FECH.1L-NUTRISON ENERGY1,5"
"1954","DIETAS (ORDENS JUDICIAIS) ALIMENTO A BASE DE AMINOACIDOS LIVRES, BAUNILHA, 400G"
"1955","DIETAS (ORDENS JUDICIAIS) ALIMENTO A BASE DE AMINOACIDOS LIVRES,VIT.MINERAIS-LATA400G"
"1956","DIETAS (ORDENS JUDICIAIS) ALIMENTO COMPL.P/CRIANCAS1 A 10 ANOS,BAUNILHA,900G-PEDIASURE"
"1957","DIETAS (ORDENS JUDICIAIS) ALIMENTO PARA DIETA C/ RESTRICAO FENILALANINA E TIROSINA"
"1958","DIETAS (ORDENS JUDICIAIS) COMP. ALIM.ISENTO METIONINA,ACIMA DE 1 ANO-HCYSMED B"
"1959",""
"1960","PLUS"
"1961","DIETAS (ORDENS JUDICIAIS) DIET.NUTR..COMPL.HIPERPR.PACK 1.000ML-NUTRISON PROTEIN"
"1962",""
"1963","PLUS"
"1964","DIETAS (ORDENS JUDICIAIS) DIETA A BASE DE PEPTIDEOS, LATA 430 G - PEPTAMEN"
"1965","DIETAS (ORDENS JUDICIAIS) DIETA EM PÎ P/ CRIANCAS DE 1 A 10 ANOS, LATA 400 G-NUTREN JR"
"1966","DIETAS (ORDENS JUDICIAIS) DIETA ENTERAL COMPLETA RICA EM FIBRAS,FR.1000ML-FIBER"
"1967",""
"1968","SOURCE"
"1969","DIETAS (ORDENS JUDICIAIS) DIETA NUTRICIONAL.COMPL.LATA 800G-NUTRISON SOYA MULTI"
"1970",""
"1971","FIBER"
"1972","DIETAS (ORDENS JUDICIAIS) DIETA SINT.POLIM.PÎ,ENTE.RESTR.SODIO E SAC.800G-NUTRISON"
"1973",""
"1974","SOY"
"1975","DIETAS (ORDENS JUDICIAIS) DIETA SINTETICA COMPLETA PÎ,SABOR CHOCOLATE,LATA -"
"1976",""
"1977","PEDIASURE"
"1978","DIETAS (ORDENS JUDICIAIS) DIT.NUTR.COMP.PROTEINA DE SOJA,TETRA-NUTRI ENTERAL SOYA"
"1979",""
"1980","FIBE"
"1981","DIETAS (ORDENS JUDICIAIS) FÎRM PED ORAL ENTERAL LIQ CHOCOLATE,200ML-FORTINI"
"1982",""
"1983","MULTIFIBER"
"1984","DIETAS (ORDENS JUDICIAIS) FÎRM. DIETÔT PEDIAT ELEMENTAR - USO ORAL - 400G ALFAMINO"
"1985","DIETAS (ORDENS JUDICIAIS) FÎRM. MOD. NUTR ENTERAL-ORAL, AUX CONTR. GLIC. DIANUTRI"
"1986","DIETAS (ORDENS JUDICIAIS) FORMULA DE AMINOACIDOS ISENTO DE LEUCINA LEUMED B"
"1987","DIETAS (ORDENS JUDICIAIS) FORMULA DIETÔTICA PEDIATRICA - USO ORAL - NEOCATE LCP"
"1988",""
"1989","400G"
"1990","DIETAS (ORDENS JUDICIAIS) FORMULA INFANTIL Ç BASE DE PROTEINA DE ARROZ - LATA 400G"
"1991","DIETAS (ORDENS JUDICIAIS) FORMULA INFANTIL ENFAMIL GENTLEASE PREMIUM"
"1992","DIETAS (ORDENS JUDICIAIS) FORMULA INFANTIL NAN SENSITIVE"
"1993","DIETAS (ORDENS JUDICIAIS) FORMULA ISENTA FENILAL. E TIROSINA,P/MENOR 1ANO-XPT"
"1994",""
"1995","MAXMAID"
"1996","DIETAS (ORDENS JUDICIAIS) FORMULA LIQ.ENT.COMPLETA, EMB. 1 LITRO - NOVASOURCE"
"1997",""
"1998","SENIOR"
"1999","DIETAS (ORDENS JUDICIAIS) FORMULA P NUTRICAO ENTERAL PROT VEGETAL FRESUBIN SOYA"
"2000",""
"2001","FIBRE"
"2002","DIETAS (ORDENS JUDICIAIS) FORMULA PADRÃO P NUTRICAO ENTERAL, PÎ NUTRI ENTERAL"
"2003",""
"2004","SOYA"
"2005","DIETAS (ORDENS JUDICIAIS) FORMULA PEDIATRICA -MARCA: MILNUTRI COMPLETE"
"2006","DIETAS (ORDENS JUDICIAIS) LUTEINA 10MG + ZEAXANTINA 2MG + VIT + MINERAIS - NEOVITE"
"2007",""
"2008","MAX"
"2009","DIETAS (ORDENS JUDICIAIS) MISTURA CONCENTR.AMINOACIDOS ESSENCIAIS,500G-AOC MED B"
"2010",""
"2011","PLUS"
"2012","DIETAS (ORDENS JUDICIAIS) MISTURA P/PREPARO MINGAU A BASE DE AMINOACIDOS"
"2013",""
"2014","LIVRES,400 G"
"2015","DIETAS (ORDENS JUDICIAIS) NUTR.ENTERAL, HIPERPROT. HIPERCAL. 1,5KCAL/ML,1L-"
"2016",""
"2017","ISOSOURCE"
"2018","DIETAS (ORDENS JUDICIAIS) SUPLEMENTO NUTRICIONAL LIQUIDO P/DIABÔTICOS-NOVASOURCE"
"2019",""
"2020","GC"
"2021","DIETAS DIET.LIQ. NUTRICIONALMENTE COMP.1,5CAL/ML 1000ML-TROPHIC1.5"
"2022","DOCES E GELEIAS DOCE DE FRUTA (DETALHADA)"
"2023","DOCES E GELEIAS DOCE DE FRUTA EM PASTA (EMB.1KG)"
"2024","DOCES E GELEIAS DOCE DE FRUTAS DIET"
"2025","DOCES E GELEIAS DOCE DE LEITE"
"2026","DOCES E GELEIAS DOCE DE LEITE 400G"
"2027","DOCES E GELEIAS DOCE TIPO COCADA"
"2028","DOCES E GELEIAS DOCE TIPO DOCE DE LEITE"
"2029","DOCES E GELEIAS DOCE TIPO NUTRELA, EMBALAGEM DE 350 GRAMAS"
"2030","DOCES E GELEIAS DOCE TIPO PE DE MOLEQUE"
"2031","DOCES E GELEIAS DOCE TIPO TETA DE NEGA"
"2032","DOCES E GELEIAS FLAN DE BAUNILHA"
"2033","DOCES E GELEIAS GELEIA 400 GRAMAS"
"2034","DOCES E GELEIAS GOIABADA EM BARRA"
"2035","DOCES E GELEIAS PE DE MOLEQUE KG"
"2036","EMBUTIDOS LINGUICA CALABREZA"
"2037","EMBUTIDOS LINGUICA DE CARNE SUINA"
"2038","EMBUTIDOS MORTADELA"
"2039","EMBUTIDOS PRESUNTO FATIADO"
"2040","EMBUTIDOS SALSICHA"
"2041","FARINHAS E AMIDOS AMIDO DE MILHO"
"2042","FARINHAS E AMIDOS AMIDO DE MILHO OU MAISENA,EMB.EXTERNA DE PAPELAO (EMB.C/500G"
"2043","FARINHAS E AMIDOS ARARUTA, EMBALAGEM DE 500G A 1KG"
"2044","FARINHAS E AMIDOS AVEIA EM FLOCOS - PACOTE"
"2045","FARINHAS E AMIDOS DE MILHO EM FLOCOS,TIPO QUIRERA"
"2046","FARINHAS E AMIDOS DE TRIGO EM PACOTE"
"2047","FARINHAS E AMIDOS FARINHA DE AVEIA, EMBALAGEM DE 200G A 500G"
"2048","FARINHAS E AMIDOS FARINHA DE MANDIOCA"
"2049","FARINHAS E AMIDOS FARINHA DE MANDIOCA - PACOTE"
"2050","FARINHAS E AMIDOS FARINHA DE MILHO"
"2051","FARINHAS E AMIDOS FARINHA DE MILHO MEDIA (EMB. C/ 1KG)"
"2052","FARINHAS E AMIDOS FARINHA DE ROSCA"
"2053","FARINHAS E AMIDOS FARINHA DE TRIGO"
"2054","FARINHAS E AMIDOS FARINHA DE TRIGO ESPECIAL"
"2055","FARINHAS E AMIDOS FARINHA DE TRIGO INTEGRAL,EMBALAGEM COM 01 KG"
"2056","FARINHAS E AMIDOS POLVILHO AZEDO, EMBALAGEM DE 500G"
"2057","FARINHAS E AMIDOS POLVILHO DOCE (500 GR)"
"2058","FERMENTOS BIOLOGICO"
"2059","FERMENTOS FERMENTO EM PO - 250 GRAMAS"
"2060","FERMENTOS FERMENTO QUIMICO"
"2061","FORMULAS INFANTIS (ORDENS JUDICIAIS) COMP. LAC. INFANTIL, PRÔBIOTICOS E DHA, 800G-NESLAC COMFOR"
"2062","FORMULAS INFANTIS (ORDENS JUDICIAIS) COMP.LACTEO P/CRIANCAS+1 ANO,C/DHA E FIBRASPREBIÎT.LATA800G"
"2063","FORMULAS INFANTIS (ORDENS JUDICIAIS) DIETA NUT.COMP.SIST.FECHADO1000ML-NUTRISONENERGY MULTIFIBER"
"2064","FORMULAS INFANTIS (ORDENS JUDICIAIS) FÎRM.INFANTIL DE SEGUI.C/PREBIÎTICOS,LATA 800G-NAN 2 CONFOR"
"2065","FORMULAS INFANTIS (ORDENS JUDICIAIS) FÎRM.P/CRIANCAS +1 ANO C/DISTÞRBIO CICLO UREIAURCMED B PLUS"
"2066","FORMULAS INFANTIS (ORDENS JUDICIAIS) FORM.INF.PROT.EXTENSAM.HIDROLISADA,LATA400G-ALTHERA"
"2067","FORMULAS INFANTIS (ORDENS JUDICIAIS) FORM.INF.SEGUIMENTO P/ LACTENTES, LATA 800GAPTANUTRI 3"
"2068","FORMULAS INFANTIS (ORDENS JUDICIAIS) FORM.P/CRIANCAS -1 ANO C/DISTURBIO CICLOUREIA-URCMED A"
"2069","FORMULAS INFANTIS (ORDENS JUDICIAIS) FORMULA DIETÔTICA PEDIATRICA SEMI-ELEMENTAR- APTAMIL PEPTI'"
"2070","FORMULAS INFANTIS (ORDENS JUDICIAIS) FORMULA INFANTIL DE SEGUIMENTO PARALACTENTES 800G APTAMIL 2"
"2071","FORMULAS INFANTIS (ORDENS JUDICIAIS) FORMULA INFANTIL SEMI-ELEMENTAR, LATA 400 G-PREGOMIN PEPTI"
"2072","FORMULAS INFANTIS (ORDENS JUDICIAIS) FORMULA LACTEA PÎ PEDIATRICOANTIREGURGITAÇÃO - APTAMIL AR"
"2073","FORMULAS INFANTIS (ORDENS JUDICIAIS) LEITE EM PÎ,LATA 400 G - NINHO FASES 1"
"2074","FORMULAS INFANTIS (ORDENS JUDICIAIS) LEITE HIPOALERGÔNICO (H. A.), LATA 400 G"
"2075","FORMULAS INFANTIS (ORDENS JUDICIAIS) MISTURA DE AMINOACIDOS ISENTA DE LISINA."
"2076","FRUTAS ABACATE"
"2077","FRUTAS ABACAXI"
"2078","FRUTAS BANANA"
"2079","FRUTAS BANANA:(NANICA/CATURRA)GRUPO I-CAVENDISH,ESPECIAL (D)"
"2080","FRUTAS CAQUI"
"2081","FRUTAS COCO RALADO"
"2082","FRUTAS CRISTALIZADAS/SECAS/PASSA MISTAS"
"2083","FRUTAS DAMASCO SECO - PACOTE"
"2084","FRUTAS GOIABA VERMELHA"
"2085","FRUTAS LARANJA"
"2086","FRUTAS LARANJA PERA:GRUPO 1,CLASSE 4 CAT.ESPECIAL (D)"
"2087","FRUTAS LIMAO"
"2088","FRUTAS LIMAO TAHITI"
"2089","FRUTAS MACA FUGI OU GALA EM QUILO"
"2090","FRUTAS MACA NACIONAL"
"2091","FRUTAS MAMAO"
"2092","FRUTAS MANGA"
"2093","FRUTAS MARACUJA"
"2094","FRUTAS MELANCIA"
"2095","FRUTAS MELAO AMARELO (EM KG)"
"2096","FRUTAS MORANGO EM BANDEJA"
"2097","FRUTAS PERA"
"2098","FRUTAS POLPA DE FRUTA CONGELADA"
"2099","FRUTAS TANGERINA EM KG"
"2100","GENEROS ALIMENTICIOS CESTA - ACUCAR E LEITE"
"2101","GENEROS ALIMENTICIOS CESTA - CAFE"
"2102","GENEROS ALIMENTICIOS CESTA - PAES"
"2103","GENEROS ALIMENTICIOS CHOCOLATE AO LEITE DIET"
"2104","GENEROS ALIMENTICIOS COBERTURA FRACIONADA BRANCA"
"2105","GENEROS ALIMENTICIOS COBERTURA FRACIONADA MEIO AMARGA"
"2106","GENEROS ALIMENTICIOS CORANTE COMESTIVEL"
"2107","GENEROS ALIMENTICIOS FECULA DE BATATA"
"2108","GENEROS ALIMENTICIOS FIGO EM CALDA"
"2109","GENEROS ALIMENTICIOS GERGELIM"
"2110","GENEROS ALIMENTICIOS MELHORADOR DE FARINHA"
"2111","GENEROS ALIMENTICIOS PAPINHA INFANTIL"
"2112","HORTALICAS, RIZOMAS, TUBERCULOS E DERIVADOS IN NATURA ABOBORA"
"2113","HORTALICAS, RIZOMAS, TUBERCULOS E DERIVADOS IN NATURA ABOBRINHA"
"2114","HORTALICAS, RIZOMAS, TUBERCULOS E DERIVADOS IN NATURA AIPIM"
"2115","HORTALICAS, RIZOMAS, TUBERCULOS E DERIVADOS IN NATURA ALFACE CRESPA"
"2116","HORTALICAS, RIZOMAS, TUBERCULOS E DERIVADOS IN NATURA ALFACE LISA"
"2117","HORTALICAS, RIZOMAS, TUBERCULOS E DERIVADOS IN NATURA ALHO NACIONAL"
"2118","HORTALICAS, RIZOMAS, TUBERCULOS E DERIVADOS IN NATURA ALHO PORO"
"2119","HORTALICAS, RIZOMAS, TUBERCULOS E DERIVADOS IN NATURA ALHO:GRUPO BRANCO OUROXO,SUB GRUPO NOBRE,CLASSE 6 (D)"
"2120","HORTALICAS, RIZOMAS, TUBERCULOS E DERIVADOS IN NATURA BATATA DOCE"
"2121","HORTALICAS, RIZOMAS, TUBERCULOS E DERIVADOS IN NATURA BATATA INGLESA"
"2122","HORTALICAS, RIZOMAS, TUBERCULOS E DERIVADOS IN NATURA BATATA INGLESA (SUJA) COMNO MINIMO 150 GRAMAS"
"2123","HORTALICAS, RIZOMAS, TUBERCULOS E DERIVADOS IN NATURA BATATA TIPO SALSA EM KG"
"2124","HORTALICAS, RIZOMAS, TUBERCULOS E DERIVADOS IN NATURA BETERRABA"
"2125","HORTALICAS, RIZOMAS, TUBERCULOS E DERIVADOS IN NATURA BROCOLIS (MOLHO)"
"2126","HORTALICAS, RIZOMAS, TUBERCULOS E DERIVADOS IN NATURA CEBOLA DE CABECA EM KG"
"2127","HORTALICAS, RIZOMAS, TUBERCULOS E DERIVADOS IN NATURA CEBOLA EM CABECA"
"2128","HORTALICAS, RIZOMAS, TUBERCULOS E DERIVADOS IN NATURA CEBOLINHA VERDE"
"2129","HORTALICAS, RIZOMAS, TUBERCULOS E DERIVADOS IN NATURA CENOURA"
"2130","HORTALICAS, RIZOMAS, TUBERCULOS E DERIVADOS IN NATURA CENOURA,EM KG"
"2131","HORTALICAS, RIZOMAS, TUBERCULOS E DERIVADOS IN NATURA CHUCHU COMUM"
"2132","HORTALICAS, RIZOMAS, TUBERCULOS E DERIVADOS IN NATURA COUVE FLOR"
"2133","HORTALICAS, RIZOMAS, TUBERCULOS E DERIVADOS IN NATURA ESPINAFRE - MOLHO"
"2134","HORTALICAS, RIZOMAS, TUBERCULOS E DERIVADOS IN NATURA FOLHOSOS VERDES"
"2135","HORTALICAS, RIZOMAS, TUBERCULOS E DERIVADOS IN NATURA GENGIBRE IN NATURA"
"2136","HORTALICAS, RIZOMAS, TUBERCULOS E DERIVADOS IN NATURA HORTELA"
"2137","HORTALICAS, RIZOMAS, TUBERCULOS E DERIVADOS IN NATURA INHAME (TIPO BATATA)"
"2138","HORTALICAS, RIZOMAS, TUBERCULOS E DERIVADOS IN NATURA PIMENTAO"
"2139","HORTALICAS, RIZOMAS, TUBERCULOS E DERIVADOS IN NATURA PIMENTAO AMARELO"
"2140","HORTALICAS, RIZOMAS, TUBERCULOS E DERIVADOS IN NATURA PINHAO: MADURO, LIMPO E"
"2141",""
"2142","ISENTO DE BROTACOES (D)"
"2143","HORTALICAS, RIZOMAS, TUBERCULOS E DERIVADOS IN NATURA REPOLHO VERDE"
"2144","HORTALICAS, RIZOMAS, TUBERCULOS E DERIVADOS IN NATURA RUCULA (MOLHO)"
"2145","HORTALICAS, RIZOMAS, TUBERCULOS E DERIVADOS IN NATURA TEMPERO VERDE DIVERSOS"
"2146","HORTALICAS, RIZOMAS, TUBERCULOS E DERIVADOS IN NATURA TEMPEROS VERDES"
"2147","HORTALICAS, RIZOMAS, TUBERCULOS E DERIVADOS IN NATURA TOMATE COMUM"
"2148","HORTALICAS, RIZOMAS, TUBERCULOS E DERIVADOS IN NATURA VAGEM (DET)"
"2149","LEITE CONDENSADO DE SOJA"
"2150","LEITE EM PO INTEGRAL, EM LATA COM 400 GRAMAS"
"2151","LEITE IN NATURA E DERIVADOS CHATILLY"
"2152","LEITE IN NATURA E DERIVADOS CREAM CHEESE"
"2153","LEITE IN NATURA E DERIVADOS IOGURTE NATURAL"
"2154","LEITE IN NATURA E DERIVADOS LEITE"
"2155","LEITE IN NATURA E DERIVADOS LEITE DE COCO (500 ML)"
"2156","LEITE IN NATURA E DERIVADOS LEITE DE VACA INTEGRAL, EMBALAGEM LONGA VIDA"
"2157",""
"2158","C/1000ML *"
"2159","LEITE IN NATURA E DERIVADOS LEITE PASTEURIZADO TIPO""C""COM 3,2% DE"
"2160",""
"2161","GORDURA,EMB.PLASTICA *"
"2162","LEITE IN NATURA E DERIVADOS LEITE ZERO LACTOSE"
"2163","LEITE IN NATURA E DERIVADOS MANTEIGA 200G"
"2164","LEITE IN NATURA E DERIVADOS NATA EMBALAGEM COM 300 GRAMAS"
"2165","LEITE IN NATURA E DERIVADOS PETISUISSE TIPO DANONINHO (BANDEJA COM 8 UNIDADES)"
"2166","LEITE IN NATURA E DERIVADOS QUEIJO MUSSARELA FATIADO"
"2167","LEITE IN NATURA E DERIVADOS QUEIJO MUSSARELA ZERO LACTOSE"
"2168","LEITE IN NATURA E DERIVADOS QUEIJO PRATO FATIADO"
"2169","LEITE IN NATURA E DERIVADOS QUEIJO RALADO, EMBALAGEM COM 1 QUILO"
"2170","LEITE IN NATURA E DERIVADOS QUEIJO TIPO MINAS FRESCAL"
"2171","LEITE IN NATURA E DERIVADOS REQUEIJAO CREMOSO, EMBALAGEM 200G"
"2172","LEITE IN NATURA E DERIVADOS RICOTA EMBALAGEM COM 500 GRAMAS"
"2173","LEITE IN NATURA E DERIVADOS SORVETE SABORES DIVERSOS, POTE C/2 LITROS"
"2174","LEITES ESPECIAIS OU MODIFICADOS COMPOSTO LACTEO PEDIATRICO."
"2175","LEITES ESPECIAIS OU MODIFICADOS FORMULA DE BAIXO TEOR LIPIDICO PARA PACIENTES DE 0"
"2176",""
"2177","A 10 ANOS"
"2178","LEITES ESPECIAIS OU MODIFICADOS FORMULA DIETOTERAPICA, PACIENTES C/"
"2179",""
"2180","FENILCETONURIA + 8 ANOS"
"2181","LEITES ESPECIAIS OU MODIFICADOS FORMULA DIETOTERAPICA,PACIENTES C/"
"2182",""
"2183","FENILCETONURIA MENOR 1ANO"
"2184","LEITES ESPECIAIS OU MODIFICADOS FORMULA DIETOTERAPICA,PACIENTES C/"
"2185",""
"2186","FENILCETONURIA,1 A 8 ANOS"
"2187","LEITES ESPECIAIS OU MODIFICADOS FORMULA INFANTIL COM 1,0 KCAL/ML"
"2188","LEITES ESPECIAIS OU MODIFICADOS FORMULA INFANTIL DE SEGUIMENTO PARA LACTENTES"
"2189","LEITES ESPECIAIS OU MODIFICADOS FORMULA INFANTIL PARA LACTENTES"
"2190","LEITES ESPECIAIS OU MODIFICADOS FORMULA INFANTIL PARA LACTENTES, COM"
"2191",""
"2192","MALTODEXTRINA"
"2193","LEITES ESPECIAIS OU MODIFICADOS LEITE INTEGRAL, EM PÎ."
"2194","MASSAS MACARRAO COM OVOS TIOI ESPAGUETI PACOTE COM 500 GR"
"2195","MASSAS MASSA TIPO MACARRAO (500 GR)"
"2196","MASSAS MASSA TIPO MACARRAO (EMB.C/1KG)"
"2197","MEL DE ABELHAS E MELADO DE CANA MEL DE ABELHAS (EMB. C/ 1KG)"
"2198","MOLHOS E PREPAROS CREME DE SOJA 200G"
"2199","MOLHOS E PREPAROS EXTRATO DE TOMATE"
"2200","MOLHOS E PREPAROS EXTRATO DE TOMATE 350G"
"2201","MOLHOS E PREPAROS EXTRATO DE TOMATE COM APROX.350 GR"
"2202","MOLHOS E PREPAROS MOLHO DE MAIONESE TRADICIONAL (EMB.C/500G)"
"2203","NOZES SEM CASCA, 500GR"
"2204","OLEOS E GORDURAS AZEITE DE OLIVA EMBALAGEM COM 500 ML."
"2205","OLEOS E GORDURAS BANHA DE PORCO (PECA C/ 1KG)"
"2206","OLEOS E GORDURAS MANTEIGA COM SAL, EMBALAGEM DE 500 G A 1 KG, C/LACRE INTERNO"
"2207","OLEOS E GORDURAS MARGARINA COM SAL (EMB. C/ 500GR)"
"2208","OLEOS E GORDURAS OLEO DE SOJA (EMB.C/APROX.900ML)"
"2209","OLEOS E GORDURAS OLEO DE SOJA EMBALAGEM DE 900 ML"
"2210","OLEOS E GORDURAS OLEODE MILHO EMBALAGEM COM 900 ML"
"2211","POS E MISTURAS P/O PREPARO DE ALIMENTOS INFANTIS (DIETETICO) ALIMENTO PARAALERGIAS ALIMENTARES PEDIATRICO, ELEMENTAR"
"2212","POS E MISTURAS P/O PREPARO DE ALIMENTOS INFANTIS (DIETETICO) FORMULADIETOTERAPICA,PACIENTES C/ LEUCINOSE MENOR 1ANO"
"2213","POS E MISTURAS P/O PREPARO DE ALIMENTOS INFANTIS (DIETETICO) FORMULA INFANTIL ÇBASE DE SOJA."
"2214","POS E MISTURAS P/O PREPARO DE ALIMENTOS INFANTIS (DIETETICO) FORMULA INFANTIL COMRESTRICAO DE LACTOSE."
"2215","POS E MISTURAS P/O PREPARO DE ALIMENTOS INFANTIS (DIETETICO) FORMULA INFANTILELEMENTAR."
"2216","POS E MISTURAS P/O PREPARO DE ALIMENTOS INFANTIS (DIETETICO) FORMULA INFANTILOLIGOMÔRICA."
"2217","POS E MISTURAS P/O PREPARO DE ALIMENTOS INFANTIS (DIETETICO) FORMULA INFANTILPARA RECÔM-NASCIDOS PRÔ-TERMO."
"2218","POS E MISTURAS P/O PREPARO DE ALIMENTOS INFANTIS (DIETETICO) MODULO DENUTRIENTES PARA RECÔM-NASCIDOS DE ALTO RISCO."
"2219","POS E MISTURAS PARA O PREPARO DE  ALIMENTOS ACHOCOLATADO EM PO"
"2220","POS E MISTURAS PARA O PREPARO DE  ALIMENTOS ALIMENTO EM PÎ SABOR CHOCOLATE"
"2221","POS E MISTURAS PARA O PREPARO DE  ALIMENTOS ALIMENTO PARA DIETA CETOGÕNICA, 4:1."
"2222","POS E MISTURAS PARA O PREPARO DE  ALIMENTOS ESPESSANTE ALIMENTAR"
"2223","POS E MISTURAS PARA O PREPARO DE  ALIMENTOS ESPESSANTE INSTANTÅNEO PARAALIMENTOS"
"2224","POS E MISTURAS PARA O PREPARO DE  ALIMENTOS ESPESSANTE INSTANTANEO PARAALIMENTOS SEM TRACOS DE LEITE"
"2225","POS E MISTURAS PARA O PREPARO DE  ALIMENTOS FORMULA ENTERAL E ORAL ORAL, EM PO,SEM SABOR"
"2226","POS E MISTURAS PARA O PREPARO DE  ALIMENTOS FORMULA ORAL > 1,5 KCAL/MLHIPERPROTEICA LIQ. C/ SABOR"
"2227","POS E MISTURAS PARA O PREPARO DE  ALIMENTOS FORMULA ORAL > 1,5 KCAL/MLHIPERPROTEICA LIQ. SABOR BAUNILHA"
"2228","POS E MISTURAS PARA O PREPARO DE  ALIMENTOS FORMULA ORAL > 1,5 KCAL/MLNORMOPROTEICA LIQ. BAUNILHA"
"2229","POS E MISTURAS PARA O PREPARO DE  ALIMENTOS FORMULA ORAL > 1,5 KCAL/MLNORMOPROTEICA LIQ. CHOCOLATE"
"2230","POS E MISTURAS PARA O PREPARO DE  ALIMENTOS FORMULA ORAL > 1,5 KCAL/MLNORMOPROTEICA LIQ. MORANGO"
"2231","POS E MISTURAS PARA O PREPARO DE  ALIMENTOS FORMULA ORAL OLIGOMÔRICA C/ SABOR"
"2232","POS E MISTURAS PARA O PREPARO DE  ALIMENTOS FORMULA ORAL P/ CICATRIZACAO LIQ.SABOR CHOCOLATE"
"2233","POS E MISTURAS PARA O PREPARO DE  ALIMENTOS FORMULA ORAL P/ CONTROLE GLICEMICOLIQ. C/ SABOR"
"2234","POS E MISTURAS PARA O PREPARO DE  ALIMENTOS FORMULA ORAL P/ CONTROLE GLICEMICOLIQ. SABOR BAUNILHA"
"2235","POS E MISTURAS PARA O PREPARO DE  ALIMENTOS FORMULA ORAL P/ PACIENTESONCOLOGICOS LIQ. C/ SABOR"
"2236","POS E MISTURAS PARA O PREPARO DE  ALIMENTOS FORMULA ORAL P/ PACIENTES PRE E POS-"
"2237",""
"2238","CIRURGICO LIQ. C/ SABOR"
"2239","POS E MISTURAS PARA O PREPARO DE  ALIMENTOS MODULO DE FIBRAS PARA NUTRICAO"
"2240",""
"2241","ENTERAL E ORAL"
"2242","POS E MISTURAS PARA O PREPARO DE  ALIMENTOS MODULO DE FIBRAS SOLÞVEIS, COM GOMA"
"2243",""
"2244","GUAR."
"2245","POS E MISTURAS PARA O PREPARO DE  ALIMENTOS MODULO DE FRUTOOLIGOSSACARIDEOS P/"
"2246",""
"2247","NUTRICAO ENTERAL E ORAL."
"2248","POS E MISTURAS PARA O PREPARO DE  ALIMENTOS MODULO DE L-GLUTAMINA PARA NUTRICAO"
"2249",""
"2250","ENTERAL E ORAL."
"2251","POS E MISTURAS PARA O PREPARO DE  ALIMENTOS MODULO DE PROBIÎTICOS PARA NUTRICAO"
"2252",""
"2253","ENTERAL E ORAL."
"2254","POS E MISTURAS PARA O PREPARO DE  ALIMENTOS MODULO DE PROTEINA HIDROLISADA PARA"
"2255",""
"2256","NUTRICAO ENTERAL E ORAL"
"2257","POS E MISTURAS PARA O PREPARO DE  ALIMENTOS MODULO DE PROTEINA INTACTA PARA"
"2258",""
"2259","NUTRICAO ENTERAL E ORAL"
"2260","POS E MISTURAS PARA O PREPARO DE  ALIMENTOS MODULO DE TCM COM AGE PARA NUTRICAO"
"2261",""
"2262","ENTERAL E ORAL."
"2263","POS E MISTURAS PARA O PREPARO DE  ALIMENTOS MODULO DE TCM COM AGE SEM TRACOS DE"
"2264",""
"2265","LEITE"
"2266","POS E MISTURAS PARA O PREPARO DE  ALIMENTOS MODULO DE TCM SEM AGE PARA NUTRICAO"
"2267",""
"2268","ENTERAL E ORAL"
"2269","POS E MISTURAS PARA O PREPARO DE  ALIMENTOS SUPLEMENTO ALIMENTAR DE PROTEINA"
"2270",""
"2271","HIDROLISADA COM HMB"
"2272","POS E MISTURAS PARA O PREPARO DE  ALIMENTOS SUPLEMENTO NUTRICIONAL EM PÎ SABOR"
"2273",""
"2274","BAUNILHA"
"2275","POS E MISTURAS PARA O PREPARO DE  ALIMENTOS SUPLEMENTO NUTRICIONAL EM PÎ SABOR"
"2276",""
"2277","MORANGO"
"2278","POS E MISTURAS PARA O PREPARO DE  ALIMENTOS SUPLEMENTO NUTRICIONAL LIQUIDO PARA"
"2279",""
"2280","CICATRIZAÇÃO, BAUNILHA"
"2281","POS E MISTURAS PARA O PREPARO DE  ALIMENTOS SUPLEMENTO NUTRICIONAL LIQUIDO PARA"
"2282",""
"2283","CICATRIZAÇÃO, COM SABOR"
"2284","POS E MISTURAS PARA O PREPARO DE ALIMENTOS ACHOCOLATADO EM PO"
"2285","POS E MISTURAS PARA O PREPARO DE ALIMENTOS ALIMENTO ACHOCOLATADO EM PO"
"2286",""
"2287","(DETALHADA)"
"2288","POS E MISTURAS PARA O PREPARO DE ALIMENTOS BICARBONATO DE SODIO GRAU"
"2289",""
"2290","ALIMENTICIOŸ"
"2291","POS E MISTURAS PARA O PREPARO DE ALIMENTOS CEREAL DE FARINHA DE ARROZ"
"2292","POS E MISTURAS PARA O PREPARO DE ALIMENTOS CEREAL DE FARINHA DE ARROZ."
"2293","POS E MISTURAS PARA O PREPARO DE ALIMENTOS CHOCOLATE EM PÎ C/ NO MINIMO 70%"
"2294",""
"2295","CACAU,EMBALAGEM MINIMO 200G"
"2296","POS E MISTURAS PARA O PREPARO DE ALIMENTOS CHOCOLATE EM PO 200G"
"2297","POS E MISTURAS PARA O PREPARO DE ALIMENTOS CHOCOLATE GRANULADO, PCTE. C/ 1KG."
"2298","POS E MISTURAS PARA O PREPARO DE ALIMENTOS EM QUILOGRAMA"
"2299","POS E MISTURAS PARA O PREPARO DE ALIMENTOS EMULSIFICANTE E ESTABILIZANTE"
"2300",""
"2301","P/SORVETE EMB.C/200 GR"
"2302","POS E MISTURAS PARA O PREPARO DE ALIMENTOS FARINHA DE ARROZ, EMBALAGEM DE 1 KG"
"2303","POS E MISTURAS PARA O PREPARO DE ALIMENTOS FARINHA LACTEA."
"2304","POS E MISTURAS PARA O PREPARO DE ALIMENTOS GELATINA EM PO, DIVERSOS SABORES"
"2305","POS E MISTURAS PARA O PREPARO DE ALIMENTOS GOMA XANTANA"
"2306","POS E MISTURAS PARA O PREPARO DE ALIMENTOS GRANOLA 1KG"
"2307","POS E MISTURAS PARA O PREPARO DE ALIMENTOS PO PARA PUDIM (DETALHADA)"
"2308","POS E MISTURAS PARA O PREPARO DE ALIMENTOS PREPARO PARA MARIA MOLE PACOTE COM"
"2309",""
"2310","50 G"
"2311","PRODUTOS DE PANIFICACAO MINI PANETONE"
"2312","PRODUTOS DE PANIFICACAO PAO DE CACHORRO QUENTE"
"2313","PRODUTOS DE PANIFICACAO PAO DE FORMA FATIADO"
"2314","PRODUTOS DE PANIFICACAO PAO DE FORMA S/CASCA"
"2315","PRODUTOS DE PANIFICACAO PAO DE LEITE FATIADO (UNIDADE)"
"2316","PRODUTOS DE PANIFICACAO PAO DE TRIGO COM 50 GR"
"2317","PRODUTOS DE PANIFICACAO PAO DOCE COM 50 GR"
"2318","PRODUTOS DE PANIFICACAO PAO DOCE CONGELADO"
"2319","PRODUTOS DE PANIFICACAO PAO FRANCES CONGELADO"
"2320","PRODUTOS DE PANIFICACAO PAO INTEGRAL FATIADO"
"2321","PRODUTOS DE PANIFICACAO TORRADA INTEGRAL"
"2322","SUPLEMENTOS (ORDENS JUDICIAIS) COLAGENO + HIBISCOS + VITAMINA C, SACHE 12 G"
"2323","SUPLEMENTOS (ORDENS JUDICIAIS) COLAGENO HIDROLISADO (PEPTIDEOS), SACHE 10 G"
"2324","SUPLEMENTOS (ORDENS JUDICIAIS) COLAGENO HIDROLISADO + VITAMINA C, SACHE 3G"
"2325","SUPLEMENTOS (ORDENS JUDICIAIS) COLÇGENO, PEPT÷DEOS + CÇLCIO, CITRATO MALATO"
"2326","SUPLEMENTOS (ORDENS JUDICIAIS) COMPLEMENTO ALIMENTAR,SABOR CHOCOLATE,LATA400GNUTREN ACTIVE"
"2327","SUPLEMENTOS (ORDENS JUDICIAIS) ESPESSANTE P/ALIMENTOS LIQUIDOS,125G-RESOURCETHICKEN UP CLE"
"2328","SUPLEMENTOS (ORDENS JUDICIAIS) FORMULA DE BAIXO TEOR LIPIDICO, 0 A 10 ANOS MONOGEN"
"2329","SUPLEMENTOS (ORDENS JUDICIAIS) LACTOBACILLUS ACIDOPHILUS 10 8 UFC + VITAMINAS +MINERAIS"
"2330","SUPLEMENTOS (ORDENS JUDICIAIS) MIX DE FIBRAS P NUTRICAO FIBER NORM"
"2331","SUPLEMENTOS (ORDENS JUDICIAIS) MODULO DE FIBRAS PARA NUTRICAO ENTERAL. MARCASTIMULANCE"
"2332","SUPLEMENTOS (ORDENS JUDICIAIS) MODULO DE SIMBIOTICOS COM FRUTOLIGOSSACARIDEOS"
"2333","SUPLEMENTOS (ORDENS JUDICIAIS) MODULO FIBRAS SOLÞVEIS C/PROBIÎTICO,SACHE5G-FIBERMAIS FLORA"
"2334","SUPLEMENTOS (ORDENS JUDICIAIS) SUP.NUTRICIONAL HIPERCALORICO E NORMOPROTEICO-FRESUBIN ENERG"
"2335","SUPLEMENTOS (ORDENS JUDICIAIS) SUPL. HIPERPROT EM PÎ, C/ COLAG, VIT D E CALCIO-FORTIFIT PRO"
"2336","SUPLEMENTOS (ORDENS JUDICIAIS) SUPL. NUT. PÎ MORANGO OU BAUNILHA, 400 G - ENSURE"
"2337","SUPLEMENTOS (ORDENS JUDICIAIS) SUPL. NUTRICIONAL PÎ CHOCOLATE, 400 G - ENSURE"
"2338","SUPLEMENTOS (ORDENS JUDICIAIS) SUPL.NUTR.HIPERCAL.NORMOPROTÔICO,FR 125ML-NUTRIDRINK COMPACT"
"2339","SUPLEMENTOS (ORDENS JUDICIAIS) SUPLEMENTO  ALIMENTAR OFOLATO G"
"2340","SUPLEMENTOS (ORDENS JUDICIAIS) SUPLEMENTO ALIMENTAR COLAGENO EXTIMA"
"2341","SUPLEMENTOS (ORDENS JUDICIAIS) SUPLEMENTO ALIMENTAR NUTREN ACTIVE BAUNILHA"
"2342","SUPLEMENTOS (ORDENS JUDICIAIS) SUPLEMENTO ALIMENTAR SEM LACTOSE, LATA 300 G -SUPRA SOY"
"2343","SUPLEMENTOS (ORDENS JUDICIAIS) SUPLEMENTO EM PÎ CREATINA MONOIDRATADA, SEMSABOR, POTE 100G"
"2344","SUPLEMENTOS (ORDENS JUDICIAIS) SUPLEMENTO LIQUIDO L-CARNITINA 1.000 MG, FRASCO 473ML"
"2345","SUPLEMENTOS (ORDENS JUDICIAIS) SUPLEMENTO NUTRICIONAL COMPLETO 350G -NUTRIDRINK PROTEIN"
"2346","SUPLEMENTOS (ORDENS JUDICIAIS) SUPLEMENTO NUTRICIONAL EM PO SEM SABOR NUTRENSENIOR"
"2347","SUPLEMENTOS (ORDENS JUDICIAIS) SUPLEMENTO NUTRICIONAL, LATA 400 G - ENSURE"
"2348","SUPLEMENTOS (ORDENS JUDICIAIS) SUPLEMENTO P/NUTRICAO ENTERAL OU ORAL, LATA 400G-NUTREN 1.0."
"2349","SUPLEMENTOS (ORDENS JUDICIAIS) SUPLEMENTO VITAMINICO E MINERAL - CALDÔ KM"
"2350","SUPLEMENTOS (ORDENS JUDICIAIS) ZINCO, GLICONATO 2 MG/ 0,5 ML, 75ML"
"2351","SUPLEMENTOS COENZIMA Q10 400MG - MANIPULADO"
"2352","SUPLEMENTOS FORMULA ORAL > 2,0 KCAL/ML HIPERPTN. LIQ. BAUNILHA 125 ML"
"2353","SUPLEMENTOS FORMULA ORAL > 2,0 KCAL/ML HIPERPTN. LIQ. C/ SABOR 125 ML"
"2354","SUPLEMENTOS FORMULA ORAL CLARIFICADA LIQ. C/ SABORCADO"
"2355","SUPLEMENTOS L-CARNITINA 1000MG, MANIPULADO"
"2356","SUPLEMENTOS RIBOFLAVINA 200MG - MANIPULADO"
"2357","SUPLEMENTOS SUPLEMENTO ALIMENTARÄMAGNESIO 50MG E ZINCO 2,8MG, 1G"
"2358","UVA PASSAS UVA PASSAS PRETA,EMBALAGEM COM 500 GR"
"2359",""
"2360","BATERIA SECA  9 VOLTS"
"2361","BATERIA SECA ALCALINA 9V"
"2362","BATERIA SECA BATERIA DE 3,6V DE LITHIUN 300MAH"
"2363","BATERIA SECA BATERIA ESTACIONARIA"
"2364","BATERIA SECA BATERIA ION LITIO, 14,4V"
"2365","BATERIA SECA COM CAPACIDADE 12 V"
"2366","CARREGADOR DE PILHA CAPACIDADE PARA 04 PILHAS"
"2367","PILHA RECARREGAVEL AA ALCALINA 1.5V, 2000MAH (CARTELA COM 4 UNIDADES)"
"2368","PILHA RECARREGAVEL AAA - CAPACIDADE DE AMPERAGEM DE 1000MAH, COM 4 PILHAS"
"2369","PILHA RECARREGAVEL TIPO NIQUEL METAL HIDRETO (NI-MH),TAM.AAA,TENSAO 1,2V"
"2370","PILHA RECARREGAVEL TIPO NIQUEL METAL HIDRETO,TAMANHO AA,TENSAO DE 1,2V"
"2371","PILHA SECA NAO RECARREGAVEL ALCALINA AA"
"2372","PILHA SECA NAO RECARREGAVEL ALCALINA, PEQUENA, CARTELA COM 2 PILHAS"
"2373","PILHA SECA NAO RECARREGAVEL ALCALINA, TAMANHO GRANDE, 1,5 VOLTS"
"2374","PILHA SECA NAO RECARREGAVEL ALCALINA, TAMANHO MEDIO, 1,5 VOLTS"
"2375","PILHA SECA NAO RECARREGAVEL ALCALINA, TAMANHO PEQUENO, 1,5 VOLTS"
"2376","PILHA SECA NAO RECARREGAVEL ALCALINA, TIPO PALITO, AAA, 1,5 V"
"2377","PILHA SECA NAO RECARREGAVEL DE LITIO 3V,MODELO CR 2032"
"2378","PILHA SECA NAO RECARREGAVEL PILHA ALCALINA, TIPO AAA MX22400B2, LR03, 1,5 V"
"2379",""
"2380","ABSORVENTE HIGIENICO ABSORVENTE HIGIENICO, ADERENTE, TAMANHO NORMAL, SEM ABAS"
"2381","ABSORVENTE HIGIENICO HOSPITALAR,MED.APROX.10X30CM, ANTIALERGICO DE BOAABSORCAO"
"2382","APARELHO DE BARBEAR DESCARTAVEL COM 2 LAMINAS *"
"2383","CREME DE BARBEAR EMBALAGEM 65 GRAMAS *"
"2384","CREME DENTAL COM NO MINIMO 50 GRAMAS, EMBALADO EM CAIXA INDIVIDUAL"
"2385","DESODORANTE SPRAY FRASCO COM 90 ML *"
"2386","ESCOVA PARA HIGIENE PESSOAL DENTAL-CORES DIVERSAS, TAMANHO ADULTO, CERDASMEDIAS"
"2387","FRALDA DESCARTAVEL FRALDA DESCARTAVEL  PARA LACTANTES DE 13 A 15 KG, TAMANHO GG"
"2388","FRALDA DESCARTAVEL FRALDA DESCARTAVEL PARA LACTENTES DE 9 A 13 KG, TAMANHO G*"
"2389","FRALDA DESCARTAVEL FRALDA DESCARTAVEL TAMANHO G P/ USO ADULTO C/POLPACELULOSE"
"2390","FRALDA DESCARTAVEL FRALDA DESCARTAVEL TAMANHO GG USO ADULTO C/POLPA CELULOSE"
"2391","FRALDA DESCARTAVEL FRALDA DESCARTAVEL TAMANHO M  P/USO ADULTO C/POLPACELULOSE"
"2392","FRALDA DESCARTAVEL FRALDA DESCARTAVEL TAMANHO P, USO ADULTO C/ POLPA CELULOSE"
"2393","FRALDA DESCARTAVEL PARA LACTENTES DE 5 A 11 KG, TAMANHO M"
"2394","FRALDA DESCARTAVEL PARA RECEM-NASCIDOS DE 2 A 5 KG, TAMANHO P"
"2395","GUARDANAPO DE PAPEL COR BRANCA, EMBALAGEM COM 50 UNIDADES"
"2396","HASTE DE PLASTICO HASTE COM ALGODAO NAS EXTREMIDADES CX C/ 70 A 90 UNIDADES"
"2397","KIT PARA HIGIENE FEMININO"
"2398","KIT PARA HIGIENE KIT HIGIENE/PROTECAO CUTANEA PACIENTES ACAMADOS - HIJG/HMTR"
"2399","KIT PARA HIGIENE MASCULINO"
"2400","LAMINA DE BARBEAR LAMINA GIRATORIO DESCARTAVEL P/TRICOTOMIZADOR A BATERIA"
"2401","LENCOL DESCARTAVEL EM TNT"
"2402","LOCAO HIDRATANTE EQUILIBRANTE DÔRMICO,LOCAO HIDRATANTE E PREVENTIVA"
"2403","MATERIAIS E COMPONENTES PARA HIGIENE PESSOAL SABONETEIRA"
"2404","PAPEL HIGIENICO BRANCO, ROLO COM 30 METROS *"
"2405","PAPEL HIGIENICO FOLHA DUPLA,COR BRANCO,ALTA ALVURA,GOFRADO,PICOTADO,COM 30M*"
"2406","PAPEL HIGIENICO FOLHA SIMPLES,COR BRANCA(ALTA ALVURA),ROLO COM 30 METROS *"
"2407","PAPEL HIGIENICO PAPEL HIGIENICO, TIPO ROLAO, FARDO COM 08 ROLOS."
"2408","PAPEL HIGIENICO TIPO ROLAO COM 300 METROS*"
"2409","PAPEL TOALHA INTERCALADA, FORMATO 23CM X 21CM PACOTE COM 1000 FOLHAS*"
"2410","PAPEL TOALHA INTERCALADA, FORMATO 23CM X 21CM PACOTE COM 1250 FOLHAS*"
"2411","PAPEL TOALHA INTERCALADA,FORMATO23 CM X 21 CM (APROX.)"
"2412","PAPEL TOALHA TIPO ROLAO MED.0,20X100 METROS *"
"2413","PENTE COM CABO GROSSO EM MATERIAL PLASTICO *"
"2414","PENTE DE BOLSO"
"2415","PENTE DE BOLSO INQUEBRAVEL, DE RESINA PLASTICA, TAM.10 A 12CM LARG"
"2416","PENTE FINO PARA PENDICULOSE"
"2417","PROTETOR SOLAR/CREME DE PROTECAO BLOQUEADOR COM FATOR DE PROTECAO MINIMA DE30 UVB = FATOR 30"
"2418","PROTETOR SOLAR/CREME DE PROTECAO PROTETOR SOLAR FPS 30, LOCAO/CREME, 100 A 130ML"
"2419","REPELENTE REPELENTE PARA INSETOS, USO DERMATOLOGICO,EMB. 150 A 200ML"
"2420","SABONETE EM BARRA (MINI), 20 GRAMAS"
"2421","SABONETE EM BARRA, USO GERAL, 90 GRAMAS*"
"2422","SABONETE EM BARRA, USO INFANTIL, 90 GRAMAS"
"2423","SABONETE EM SPRAY"
"2424","SABONETE LIQUIDO, DE GLICERINA, FRASCO COM 1 LITRO"
"2425","SABONETE LIQUIDO,EMBALAGEM COM 5 LITROS*"
"2426","SABONETE PARA USO EM RECEM-NASCIDO HIPOALERGICO,NEUTRO C/200 ML *"
"2427","SHAMPOO P/CABELOS NORMAIS,FRAGR.SUAVE,FRASCO ENTRE 350 A 400 ML"
"2428",""
"2429","COMPONENTES E MATERIAIS DE ILUMINACAO SENSOR RELE FOTOELETRICO"
"2430","FITA DUPLA FACE ADESIVA"
"2431","FOTOCELULA"
"2432","FOTOCELULA RELE COM BASE"
"2433","LAMPADA ELETRICA A VAPOR DE SODIO,250 W,220 VOLTS"
"2434","LAMPADA ELETRICA LED BULBO"
"2435","LAMPADA ELETRICA LED BULBO 12W"
"2436","LAMPADA ELETRICA LED BULBO 15W"
"2437","LAMPADA ELETRICA BULBO LED COR BRANCA POTENCIA 16 WATTS"
"2438","LAMPADA ELETRICA BULBO/LED 22W"
"2439","LAMPADA ELETRICA BULBO DE LED - 40W"
"2440","LAMPADA ELETRICA COMPACTA 12 WATTS, 220 VOLTS"
"2441","LAMPADA ELETRICA COMPACTA 13 WATTS, 220 VOLTS"
"2442","LAMPADA ELETRICA COMPACTA 15 WATTS, 220 VOLTS"
"2443","LAMPADA ELETRICA COMPACTA 20 WATTS, 220 VOLTS"
"2444","LAMPADA ELETRICA LED"
"2445","LAMPADA ELETRICA DE LED, 12W"
"2446","LAMPADA ELETRICA DE LED, 18W"
"2447","LAMPADA ELETRICA LED 20 WATTS"
"2448","LAMPADA ELETRICA DE LED, 40W"
"2449","LAMPADA ELETRICA LED 65 WATTS"
"2450","LAMPADA ELETRICA DE LED, 9W"
"2451","LAMPADA ELETRICA LAMPADA LED TKL 900 - 6500K"
"2452","LAMPADA ELETRICA LED ALTA POTENCIA 50W"
"2453","LAMPADA ELETRICA DE PARTIDA RAPIDA 2 X 16 W,220 V"
"2454","LAMPADA ELETRICA ECONOMICA 24 WATTS, 220 WOLTS"
"2455","LAMPADA ELETRICA ECONOMICA 25W"
"2456","LAMPADA ELETRICA ELETRONICO PARTIDA RAPIDA 1X18/20W - 220V"
"2457","LAMPADA ELETRICA ELETRONICO PARTIDA RAPIDA 2 X 32 WATTS, 220 VOLTS"
"2458","LAMPADA ELETRICA FLUORESCENTE 16 WATTS,220 VOLTS  *"
"2459","LAMPADA ELETRICA FLUORESCENTE TUBULAR 14W"
"2460","LAMPADA ELETRICA FLUORESCENTE TUBULAR 28W"
"2461","LAMPADA ELETRICA FLUORESCENTE - T8 - 18~20WA"
"2462","LAMPADA ELETRICA LÅMPADA FLUORESCENTE COMPACTA 25W"
"2463","LAMPADA ELETRICA FLUORESCENTE, 32 WATTS, 220 VOLTS"
"2464","LAMPADA ELETRICA FLUOSRESCENTE, 36 WATTS, 220 VOLTS"
"2465","LAMPADA ELETRICA FLUORESCENTE,40 WATTS,220 VOLTS *"
"2466","LAMPADA ELETRICA ELETRONICA,FLUORESCENTE,COMPACTA,E-27,45/48 WATTS,220V*"
"2467","LAMPADA ELETRICA DE LED - TUBULAR - 9W"
"2468","LAMPADA ELETRICA LED DE 9.9W TUBULAR"
"2469","LAMPADA ELETRICA LED TUBULAR 18W"
"2470","LAMPADA ELETRICA DE LED - TUBULAR - 20W"
"2471","LAMPADA ELETRICA"
"2472","LAMPADA ELETRICA PARA LAMPADA A VAPOR DE SODIO 250 W,220 VOLTS"
"2473","REATOR ELETRONICO P/LAMPADA FLUORESCENTE TUBULAR-2X14W"
"2474","REATOR ELETRONICO P/LAMPADA FLUORESCENTE TUBULAR-2X14W"
"2475","REATOR ELETRONICO P/LAMPADA FLUORESCENTE TUBULAR-2X28W"
"2476","LANTERNAS A PILHA/BATERIA LANTERNA SUPER TOCHA C/BATERIA RECARREGAVEL, 55WATTS"
"2477","LUMINARIA COMPLETA SOBREPOR"
"2478","LUMINARIA DE EMERGENCIA 30 LEDS,ALTO BRILHO,BIVOLT,(21X8X6CM),AUTOMATICA CIMA 4HRS"
"2479","LUMINARIA DE EMERGENCIA COM BATERIA"
"2480","LUMINARIA DE EMERGENCIA COM TEMPO DE AUTONOMIA DE 6 HORAS C/01LAMPADA,BATERIA RE"
"2481","LUMINARIA DE EMERGENCIA LUMINARIA DE EMERGÕNCIA, COM 30 LEDS"
"2482","LUMINARIA FLUORESCENTE TUBULAR COMPLETA 1 X 20W"
"2483","LUMINARIA LED"
"2484","LUMINARIA TIPO SPOT"
"2485","LUSTRE MODELO PLAFON"
"2486","REFLETOR DE LUZ DE LED"
"2487","REFLETOR DE LUZ LED 100 WATTS"
"2488","REFLETOR DE LUZ DE LED 50 WATS"
"2489","SPOT PARA LAMPADA DUPLO"
"2490",""
"2491","ACESSORIOS E COMPONENTES PARA SISTEMA DE CROMATOGRAFIA ANILHA (FERRULE) COMCOMPOSICAO DE 15% GRAFITE E 85% VESP"
"2492","ACESSORIOS E COMPONENTES PARA SISTEMA DE CROMATOGRAFIA KIT SPLIT VENTTRAP(AG5188-6495)"
"2493","ACESSORIOS PARA EQUIPAMENTOS CONJUNTO AQUECEDOR DA FONTE DE IONS"
"2494","ACESSORIOS PARA EQUIPAMENTOS FILAMENTO PARA TEMPERATURAS ELEVADAS PARA FONTEDE IONIZACAO"
"2495","ACESSORIOS PARA EQUIPAMENTOS ION TRAP MS"
"2496","ACESSORIOS PARA EQUIPAMENTOS SENSOR"
"2497","AGULHA PARA COLETA DE SANGUE AGULHAMULTIPLA/VACUO,25X7MM/PEDIATRICO/GERIATRICO,SILIC."
"2498","ALCA DE DRIGALSKEY/ESPALHAR MEIO SUPERFICIE,TRIANGULAR,30"
"2499","ALCA ESTERIL,P/SEMEAR EM MEIOS,C/AGULHA E ALCA,1 UL"
"2500","ALCA ESTERIL,P/SEMEAR EM MEIOS,C/AGULHA E ALCA,10 UL"
"2501","ALCA SIMPLES/MICROBIOLOGIA/CABO ALUMINIO,C/LOOP, 3MM APRO"
"2502","ALCOOMETRO ESCALA GAY LUSSAC E CARTIER"
"2503","ANILHAS PARA USO EM LABORATORIO ANILHA DE GRAFITE"
"2504","ANILHAS PARA USO EM LABORATORIO ANILHA DE GRAFITE 0.5MM"
"2505","BAFOMETRO BAFOMETRO INSTRUMENTO DE MED.DE TEOR ALCOOLICO(ETILOMETRO)"
"2506","BAFOMETRO ETILOMETRO PASSIVO"
"2507","BALAO DE VIDRO,DE FUNDO CHATO,S/TAMPA,GARGALO LONGO - 100"
"2508","BALAO DE VIDRO,DE FUNDO CHATO,S/TAMPA,GARGALO LONGO - 200"
"2509","BALAO DE VIDRO,DE FUNDO CHATO,S/TAMPA,GARGALO LONGO - 500"
"2510","BALAO FUNDO CHATO,GARGALO LONGO,BOCA REFORCADA - 6000ML"
"2511","BALAO VOLUMETRICO 250ML,LIM.ERRO 0,015 ML,CLASSE(D)"
"2512","BALAO VOLUMETRICO 50ML,LIM. ERRO 0,06ML, CLASSE A,(D)"
"2513","BALAO VOLUMETRICO C/TAMPA VIDRO ESMERI.,AMBAR - 50ML,(D)"
"2514","BALAO VOLUMETRICO C/TAMPA VIDRO ESMERILHADA(D)"
"2515","BALAO VOLUMETRICO COM TAMPA DE VIDRO ESMER. 25ML (DET)"
"2516","BALAO VOLUMÔTRICO CAPACIDADE 250ML."
"2517","BALAO VOLUMETRICO EM VIDRO, DE 10ML"
"2518","BARRA MAGNETICA LISA, 7 X 30MM"
"2519","BARRA MAGNETICA MOD. LISA DIAMETRO 5MMX15MM"
"2520","BASTAO PARA LABORATORIO BASTAO DE VIDRO, 8MM DE DIAMETRO E 30CM DECOMPRIMENTO"
"2521","BASTAO PARA LABORATORIO BASTAO DE VIDRO,5MM DE DIAMETRO E 30CM DE COMPRIMENTO"
"2522","BASTAO PARA LABORATORIO BASTAO DE VIDRO,MEDINDO 04MM"
"2523","BOBINA DE PAPEL MILIMETRADO,TERMOSENSIVEL,DIMENSÏES 210MM(L)X30M(C),CO"
"2524","BOBINA DE PAPEL PARA IMPRESSORA TARMICA TIPO SANFONA (112LX100C)MM"
"2525","BOBINA DE PAPEL TERMICA 57 X 30"
"2526","CABO KOLLE PARA AGULHA OU ALCA DE CROMO NIQUEL,CORPO FAB.EM ALUMINIO"
"2527","CADINHO DE PORCELANA CADINHO DE PORCELANA, INF.2,5 - SUP.4,0CM"
"2528","CASSETE HISTOLOGICO CASSETE HISTOLÎGICO DESCARTAVEL,AMOSTRA TECIDO"
"2529","COLUNA CROMATOGRAFICA P/ HPLC, 125 MM"
"2530","COLUNA CROMATOGRAFICA RP18 150 MM X 4,6 MM X 5  M PARA HPLC"
"2531","COLUNA CROMATOGRAFICA RP8 150 MM X 4,6 MM X 5  M PARA HPLC"
"2532","COLUNA CROMATOGRAFICA RXI-5MS = 0,25 MICROMETROS, 30MX0,25MM"
"2533","COLUNA CROMATOGRAFICA PRÔ-COLUNA PARA HPLC RP18"
"2534","COPO DE BECKER ( GRIFFIN),FORMA BAIXA,GRADUADO - 5ML"
"2535","COPO DE BECKER (BERZELIUS),FORMA ALTA,GRADUADO - 1000ML"
"2536","COPO DE BECKER (BERZELIUS),FORMA ALTA,GRADUADO - 400ML"
"2537","COPO DE BECKER (GRIFFIN),FORMA BAIXA,GRADUADO - 100ML"
"2538","COPO DE BECKER (GRIFFIN),FORMA BAIXA,GRADUADO - 150ML"
"2539","COPO DE BECKER (GRIFFIN),FORMA BAIXA,GRADUADO - 250ML"
"2540","COPO DE BECKER (GRIFFIN),FORMA BAIXA,GRADUADO - 25ML"
"2541","COPO DE BECKER (GRIFFIN),FORMA BAIXA,GRADUADO - 3000ML"
"2542","COPO DE BECKER DE POLIPROP.FORMA BAIXA,GRADUADO, 500ML"
"2543","COPO DE BECKER DE POLIPROP.FORMA BAIXA,GRADUADO,1000ML"
"2544","COPO DE BECKER DE POLIPROP.FORMA BAIXA,GRADUADO,2000ML"
"2545","COPO DE BECKER EM POLIPROPILENO,FORMA BAIXA.CAPACIDADE 50"
"2546","COPO DE BECKER FORMA BAIXA, CAPACIDADE DE 50ML"
"2547","COPO DE BECKER(BERZELIUS),FORMA ALTA,GRADUADO - 500ML"
"2548","COPO DE BECKER(GRIFFIN),FORMA BAIXA,GRADUADO - 1000ML"
"2549","COPO DE BECKER(GRIFFIN),FORMA BAIXA,GRADUADO - 10ML"
"2550","COPO DE BECKER(GRIFFIN),FORMA BAIXA,GRADUADO - 2000ML"
"2551","COPO DE BECKER(GRIFFIN),FORMA BAIXA,GRADUADO - 400ML"
"2552","COPO DE EXTRACAO COPO COGUMELO MOD.10020M-SOFT COMPAT.C/BOMBA A VACUOMITYVAC"
"2553","COPO DE EXTRACAO DISCO DE RUPTURA EM ALUMINIO P/ FRASCOS PM 60"
"2554","DESSECADOR DE 300MM, EM VIDRO"
"2555","DISPENSADOR PARA REAGENTES DE LIQUIDOS COM VOLUME AJUSTAVEL"
"2556","DISPOSITIVO PARA LABORATORIO DISPOSITIVO DE ULTRAFILTRACAO DE PES 30000 D PARA 2ML"
"2557","DISPOSITIVO PARA LABORATORIO DISPOSITIVO DE ULTRAFILTRACAO DE PES 30000 D PARA 4ML"
"2558","DISPOSITIVO PARA LABORATORIO UNIDADE FILTRANTE DESC.ESTERIL P/USOC/SERINGAS,MEMB.0,22"
"2559","ELETRODO PARA LABORATORIO ELETRODO DIGITAL COMBINADO PARA DETERMINACAO DEFLUORETO"
"2560","ESPATULA ACO INOX COM MICRO COLHER 3 MM, CABO 17 CM"
"2561","ESPATULA PARA LABORATORIO TIPO CANALETA EM ACO, COMP. 15CM"
"2562","ESPATULA PARA LABORATORIO TIPO COLHER EM ACO, COMP. 15CM"
"2563","ESPATULA PARA LABORATORIO TIPO COLHER EM ACO, COMP. 20CM"
"2564","ESPATULAS MINI PARA LABORATORIO EM INOX FORMATO CONCHA 3X12MM"
"2565","ESTANTE PARA TUBOS  MICROTUBOS C/DIAMETRO 11MM,POLIPROPILENO(SIMILAR),RESISTE"
"2566","ESTANTE PARA TUBOS ARAMADA EM ACO INOX,AUTOCLAVAVEL,12 TUBOS,FURO 20"
"2567","ESTANTE PARA TUBOS ESTANTE DE ENSAIO ACO INOX/CAP/AUTOCLAVAR 24 TUBOS,18X180"
"2568","ESTANTE PARA TUBOS DE PLASTICO C/ 50 FUROS P/ TUBO TIPO FALCON"
"2569","ESTANTE PARA TUBOS EM ACO INOX PARA 60 TUBOS(DIMENSOES 17 X 10 X 2,5CM)"
"2570","ESTANTE PARA TUBOS RACK P/ MICROTUBOS DE 1,5 E 2ML"
"2571","ESTANTE PARA TUBOS SUPORTE PARA MICROPIPETAS,CAPACIDADE ATÔ 05 MICROPIPETAS"
"2572","ESTANTE PARA TUBOS SUPORTE/ESTANTE PARA TRANSPORTE DE BOLSAS DE AGUA"
"2573","FIBRA PARA USO EM LABORATORIO DE AMOSTRAGEM PARA SPME, 100 MICROMETROS"
"2574","FILTRO PARA LABORATORIO FILTRO P/ SERINGA, MEMBRANA HIDROFILICA, 0,22"
"2575",""
"2576","MICROMETROS"
"2577","FILTRO PARA LABORATORIO TRIPLO"
"2578","FIO DE CROMO FIO DE CROMO-NíQUEL, 0,64MM DIâMETRO, ANáLISE MICROBIOLóG"
"2579","FITA INDICADORA DE PH FITA P/DETERMINACAO DE PH, FAIXA DE 0 A 14."
"2580","FITA PARA LABORATORIO ANALISADORA PARA DETERMINACAO DE AMONIA"
"2581","FITA PARA LABORATORIO ANALISADORA PARA DETERMINACAO DE NITRATO E NITRITO"
"2582","FITA PARA LABORATORIO PLASTICA INERTE VANCOMICINA COM ESCALA DE CIM."
"2583","FITA PARA LABORATORIO PLASTICA INERTE, MED. 5,5MM X 60MM, OFLOXACIN (DET)"
"2584","FITA PARA LABORATORIO PLASTICA INERTE,MED.5,5MMX60MM,ANTIB.MEROPENEN 0,002"
"2585","FITA PARA LABORATORIO PLASTICA, INERTE, GRADIENTE EXPONENCIAL - CASPOFUNGINA"
"2586","FITA PARA LABORATORIO PLASTICA, INERTE, GRADIENTE EXPONENCIAL - FLUCONAZOL"
"2587","FITA PARA LABORATORIO PLASTICA, INERTE, GRADIENTE EXPONENCIAL - ITRACONAZOL"
"2588","FITA PARA LABORATORIO PLASTICA, INERTE, GRADIENTE EXPONENCIAL - POSACONAZOL"
"2589","FITA PARA LABORATORIO PLASTICA, INERTE, GRADIENTE EXPONENCIAL - VORICONAZOL"
"2590","FRASCO PARA LABORATORIO ERLENMEYER,BOCA ESTREITA,JUNTA"
"2591",""
"2592","ESMERILHADA,GRADUADO,500ML"
"2593","FRASCO PARA LABORATORIO FRASCO ARMADILHA DE WILDMAN, 1 LITRO"
"2594","FRASCO PARA LABORATORIO FRASCO ARMADILHA DE WILDMAN, 2 LITROS"
"2595","FRASCO PARA LABORATORIO FRASCO COLETOR AMOSTRAS BIOLÎGICAS,VIAS"
"2596",""
"2597","AÔREAS,CAP.MIN.70ML"
"2598","FRASCO PARA LABORATORIO FRASCO DE BOROSSILICATO,BOCA LARGA,500ML,(D)"
"2599","FRASCO PARA LABORATORIO FRASCO DE VIDRO INCOLOR,ALTA"
"2600",""
"2601","RESISTENCIA(PENICILINA),25ML"
"2602","FRASCO PARA LABORATORIO FRASCO EM BOROSSILICATO 250ML, ALTA RESISTêNCIA,"
"2603",""
"2604","GRADUADO"
"2605","FRASCO PARA LABORATORIO FRASCO EM BOROSSILICATO, 1000 ML C/ TAMPA"
"2606","FRASCO PARA LABORATORIO FRASCO ERLENMEYER,BOCA ESTREITA,GRADUADO,C/BORDA"
"2607",""
"2608","125ML"
"2609","FRASCO PARA LABORATORIO FRASCO ERLENMEYER,BOCA ESTREITA,GRADUADO,C/BORDA"
"2610",""
"2611","250ML"
"2612","FRASCO PARA LABORATORIO FRASCO ERLENMEYER,BOCA ESTREITA,TAMPA VIDRO(D)"
"2613","FRASCO PARA LABORATORIO FRASCO LAVADOR (OU PISCETA),POLIETILENO BAIXA"
"2614",""
"2615","DENS.250ML("
"2616","FRASCO PARA LABORATORIO FRASCO LAVADOR (OU PISCETA),POLIETILENO BAIXA"
"2617",""
"2618","DENSID.500M"
"2619","FRASCO PARA LABORATORIO FRASCO P/ LABORATÎRIO ERLENMEYER, BOCA LARGA"
"2620","FRASCO PARA LABORATORIO FRASCO P/DETERMINACAO DE IODO - 125ML"
"2621","FRASCO PARA LABORATORIO FRASCO P/DETERMINACAO DE IODO - 250ML"
"2622","FRASCOS PLASTICOS FRASCOS DESC./TAMPA E ROSCA 50 A 100ML P/EXAMES-URINA/FEZES"
"2623","FRASCOS PLASTICOS FRASCOS P/ESCARRO,DESCART.TRANSP.TAMPA C/ROSCA 50X40MM"
"2624","FUNIL PARA LABORATORIO FUNIL ANAL.DE VIDRO,ANGULO DE 60G.LISO,HASTE CURTA,TAM.10"
"2625","FUNIL PARA LABORATORIO FUNIL ANALIT./VIDRO,ANGULO DE 60G.LISO,HASTE"
"2626",""
"2627","CURTA,TAM.75MM"
"2628","FUNIL PARA LABORATORIO FUNIL ANALITICO DE VIDRO, ÅNGULO DE 60 GRAUS, 80MM ALTURA"
"2629","FUNIL PARA LABORATORIO FUNIL DE VIDRO REFORCADO,CAPACIDADE PARA 2000ML"
"2630","INDICADOR PARA GASOMETRO INDICADOR NIVEL 1"
"2631","INDICADOR PARA GASOMETRO INDICADOR NIVEL 2"
"2632","INDICADOR PARA GASOMETRO INDICADOR NIVEL 3"
"2633","kit para limpeza CONJUNTO DE 4 REAGENTES LIQUIDOS NO MESMO PACK"
"2634","LAMINAS DE BISTURI NUMERO 24, CAIXA COM 100 UNIDADES"
"2635","LAMINAS LAMINAS P/MICROSCOPIA,LAPIDADA 26 X 76 MM C/EXTR.FOSCA C/50"
"2636","LAMINAS LAMINAS PARA MICROSCOPIA LAPIDADA 26 X 76 MM C/50"
"2637","LAMINULAS 24 X 50MM, CAIXA COM 100 UNIDADES"
"2638","LAMINULAS LAMINULAS DE VIDRO P/ EXAME MICROSCOPICO 22X22MM,CX C/100 UN"
"2639","LAMINULAS LAMINULAS DE VIDRO P/EXAME MICROSCOPICO 24X60MM,CX C/100 UN"
"2640","LINER DE BOROSSILICATO PARA INJECAO MODO SPLIT"
"2641","LINER DE BOROSSILICATO PARA INJECAO MODO SPLITLESS"
"2642","MATERIAIS,COMPONENTES E ACESSORIOS DE USO EM ANALISE CILINDRO REMOVIVEL PARA USO"
"2643",""
"2644","EM ESPECTOMETRIA DE MASSAS"
"2645","MATERIAIS,COMPONENTES E ACESSORIOS DE USO EM ANALISE CONJUNTO DA ENTRADA DA"
"2646",""
"2647","LENTE PARA USO EM ESPECTOMETRIA"
"2648","MATERIAIS,COMPONENTES E ACESSORIOS DE USO EM ANALISE FIBRA DE AMOSTRAGEM PARA"
"2649",""
"2650","SPME, 65UM"
"2651","MATERIAIS,COMPONENTES E ACESSORIOS DE USO EM ANALISE FIBRA DE SPME, COMPRIMENTO"
"2652",""
"2653","DE 1CM, 100UM"
"2654","MATERIAIS,COMPONENTES E ACESSORIOS DE USO EM ANALISE ISOLADOR DA FONTE IONS PARA"
"2655",""
"2656","USO EM ESPECTOMETRIA DE MASSAS"
"2657","MATERIAIS,COMPONENTES E ACESSORIOS DE USO EM ANALISE ISOLANTE DA LENTE PARA USO"
"2658",""
"2659","EM ESPECTOMETRIA DE MASSAS"
"2660","MATERIAIS,COMPONENTES E ACESSORIOS DE USO EM ANALISE KIT VIAL, COMPATIVEL COM"
"2661",""
"2662","AMOSTRAOR AUTOMATICO"
"2663","MATERIAIS,COMPONENTES E ACESSORIOS DE USO EM ANALISE LENTE FOCALIZADORA DE ION"
"2664",""
"2665","P/ USO EM ESPECTOMETRIA DE MASSAS"
"2666","MATERIAIS,COMPONENTES E ACESSORIOS DE USO EM ANALISE PARAFUSO DE OURO PARA USO"
"2667",""
"2668","EM ESPECTOMETRIA DE MASSAS"
"2669","MATERIAIS,COMPONENTES E ACESSORIOS DE USO EM ANALISE PLACA INERTE DE ID 3MM PARA"
"2670",""
"2671","USO EM ESPECTOMETRIA DE MASSAS"
"2672","MATERIAIS,COMPONENTES E ACESSORIOS DE USO EM ANALISE REPULSOR INERTE PARA USO"
"2673",""
"2674","EM ESPECTOMETRIA DE MASSAS"
"2675","MATERIAIS,COMPONENTES E ACESSORIOS DE USO EM ANALISE SELO DE OURO"
"2676","MATERIAL LABORATORIAL CRIMPADOR"
"2677","MATERIAL LABORATORIAL PANO DE POLIMENTO"
"2678","MATERIAL LABORATORIAL PINCA PARA LABORATORIO DUPLA PARA BURETAS TIPO CASTALOY"
"2679","MATERIAL LABORATORIAL PORCA CONEXAO DE COLUNA"
"2680","MATERIAL LABORATORIAL SERINGA 20ML"
"2681","MEMBRANA PARA USO EM LABORATORIO MENBRANA HA"
"2682","MICROTUBO MICROTUBO EM POLIPROPILENO,TRANSPARENTE,GRADUADO,C/(D)"
"2683","NAVALHA DESCARTAVEL NAVALHA DESCARTAVEL PARA MICROTOMO"
"2684","PAPEL FILTRO ESPESSO C/VEL.MEDIA,GRAU QTATIVO 40,MED.18,5CM"
"2685","PAPEL FILTRO QUANT.VELOC.FILTRACAO RAPIDA,C/RETENCAO,12,5CM"
"2686","PAPEL FILTRO QUANTIT.VELOC.FILTRACAO MEDIA/RETENCAO,18,5CM"
"2687","PAPEL INDICADOR DE TORNASSOL VERMELHO. CARTELA COM 100 TIRAS"
"2688","PARAFILM PARAFILM M"
"2689","PENEIRA TAMIZ EM ACO INOX, 21CM DE DIAMETRO, MALHA 230 (D"
"2690","PENEIRA TAMIZ EM ACO INOX, 21CM DIAMETRO, MALHA 140 (DET)"
"2691","PENEIRA TAMIZ EM ACO INOX, 8CM DIAMETRO, MALHA 80 (DET)"
"2692","PENEIRA TAMIZ/ARO RIGIDO EM ACO INOX,21CM DIAMETRO, MALHA 20"
"2693","PERA PARA PIPETAS DE BORRACHA P/PIPETA C/DIAM.APROX.5MM MOD.UNIV.3VALV"
"2694","PERA PARA PIPETAS DE BORRACHA,MOD.UNIV.,PARA PIPETAS ATE 100ML C/3VALV"
"2695","PERA PARA PIPETAS DE BORRACHA,MODELO UNIV.,P/PIPETAS ATE 10ML C/3 VALV"
"2696","PESA FILTRO C/TAMPA ESMERILHADA INTERC.,FORMA BAIXA,25ML"
"2697","PESA FILTRO C/TAMPA ESMERILHADA INTERCAMBIAVEL, BAIXA,12M"
"2698","PHMETRO DIGITAL PHMETRO DIGITAL DE BANCADA COM ELETRODO POLIMERICO SOLIDO"
"2699","PICNOMETRO PICNOMETRO GAY LUSSAC SEM TERMOMETRO, CAPACIDADE 5,0 ML"
"2700","PIPETA"
"2701","PIPETA PASTEUR GRAD., CAPACIDADE DE ASPIRACAO DE 3ML, (DET)"
"2702","PIPETA VOL.C/GRADUACAO PERMANENTE,CLASSE A,1ML (TD)"
"2703","PIPETA VOL.C/GRADUACAO PERMANENTE,CLASSE A,25ML(TD)"
"2704","PIPETA VOL.DE SOPRO,VIDRO BOROSSICALATO,CLASSE A,50ML(TD)"
"2705","PIPETA VOL.SOPRO,VIDRO BOROSSICALATO,CLASSE A,20ML(TD)"
"2706","PIPETA VOLUMATRICA CAPACIDADE DE 10,75 ML CALIBRADA"
"2707","PIPETA VOLUMETRICA EM BOROSSILICATO CLASSE A, CAP.15ML."
"2708","PLACA PARA USO EM LABORATORIO PLACA DE PETRI, DESCARTAVEL, TAMANHO 90MM X 15MM"
"2709","PONTEIRA PARA LABORATORIO  PONTEIRA ESTÔRIL LIVRE DE DNASE E RNASE COM BARREIRA"
"2710","PONTEIRA PARA LABORATORIO AUTOCLAVÁVEL, CAPACIDADE DE 1000 A 5000 MICROLIT"
"2711","PONTEIRA PARA LABORATORIO C/BARREIRA,AUTOCLAVAVEL,CAP.20 A 200 MICROLITROS"
"2712","PONTEIRA PARA LABORATORIO DE 100  L, LIVRE DE DNASE E RNASE, COM BARREIRA"
"2713","PONTEIRA PARA LABORATORIO DE 200  L, COM BARREIRA, ESTÔRIL"
"2714","PONTEIRA PARA LABORATORIO DESCARTAVEL (DETALHADA)"
"2715","PONTEIRA PARA LABORATORIO ESTARIL COM BARREIRA, 0,1-10 μL."
"2716","PONTEIRA PARA LABORATORIO ESTERIL COM BARREIRA, 50 A 1000  L, EM PACOTE"
"2717","PONTEIRA PARA LABORATORIO ESTERIL LIVRE DE DNASE E RNASE .VOL.0 A 200UL(DET)"
"2718","PROVETA"
"2719","PROVETA EM VIDRO, CAPACIDADE PARA 1000 ML"
"2720","PROVETA EM VIDRO, CAPACIDADE PARA 250 ML"
"2721","PROVETA EM VIDRO BOROSIL. CAP. 100 ML"
"2722","PROVETA GRAD./BASE HEXAGONAL POLIET.(SIMIL.)GRAV.PERM. 10"
"2723","PROVETA GRAD./BASE HEXAGONAL VIDRO,GRAV. PERMANENTE,250ML"
"2724","PROVETA GRAD./BASE HEXAGONAL VIDRO,GRAV.PERMANENTE,1000ML"
"2725","PROVETA GRAD./BASE HEXAGONAL VIDRO,GRAVAC.PERMANENTE,100M"
"2726","PROVETA GRAD./BASE HEXAGONAL VIDRO,GRAVACAO PERMANEN.,500"
"2727","PROVETA GRAD./BASE HEXAGONAL VIDRO,GRAVACAO PERMANENTE,50"
"2728","PROVETA GRADUADA,/BASE HEXAGONAL VIDRO,GRAVACAO PERM.,200"
"2729","RACK COM TAMPA RACK COM TAMPA TIPO GRADE EM PP (TIPO EPPENDORF)(DET)"
"2730","ROLHA PARA LABORATORIO DE BORRACHA BUTILICA OU NITRILICA CONICA"
"2731","ROLHA PARA LABORATORIO DE BORRACHA PARA BUTIROMETRO GERBER PARA QUEIJO"
"2732","SACO PARA HOMOGENEIZADOR SACO FILTRO TIPO COADOR P/STOMACHER,CAP.400MLDIM.177X305"
"2733","SACO PARA HOMOGENEIZADOR SACO PARA STOMACHER,C/FECHO METALICO,CAP.400MLDIM.177X30"
"2734","SACO PLASTICO PARA LABORATORIO SACO PLASTICOS AUTOCLAVAVEL,CAP.DE 20 LITROS,PTEC/10 UN"
"2735","SENSOR PARA GASOMETRO CONJUNTO DE 2 SENSORES DE LIGACAO."
"2736","SENSOR PARA GASOMETRO SENSOR DE CALCIO"
"2737","SENSOR PARA GASOMETRO SENSOR DE CLORETO"
"2738","SENSOR PARA GASOMETRO SENSOR DE PCO2"
"2739","SENSOR PARA GASOMETRO SENSOR DE PH"
"2740","SENSOR PARA GASOMETRO SENSOR DE PO2"
"2741","SENSOR PARA GASOMETRO SENSOR DE POTASSIO"
"2742","SENSOR PARA GASOMETRO SENSOR DE REFERENCIA"
"2743","SENSOR PARA GASOMETRO SENSOR DE SÓDIO"
"2744","SENSOR PARA GASOMETRO SENSOR DE SUBSTITUICAO"
"2745","SEPTO SEPTO DE BORRACHA PREMIUM LOW BLEED PARA CG-MS/MS"
"2746","SEPTO SEPTO DE SILICONE PARA VIAL DE 2,0 ML"
"2747","SEPTO TAMPA BRANCA EM POLIPROPILENO COM ROSCA 24/414"
"2748","SISTEMA DE FILTRACAO SISTEMA DE FILTRACAO A VACUO, VIDRO 47 MM E FUNIL 300 ML"
"2749","SOLUCAO DE CALIBRACAO REAGENTE LIQUIDO P/CALIBRACAO"
"2750","SOLUCAO DE CALIBRACAO REAGENTE LIQUIDO SOLUCAO 2 (PONTO FINAL DA CURVA DE LEITU"
"2751","SOPRADOR TERMICO 1950 WATTS"
"2752","SWAB DE ALGODAO ESTERIL P/USO LABORATORIAL,EMB.INDIVID."
"2753","SWAB DE RAYON P/COLETA DE SECRECAO DE NASOFARINGE EM ADULTOS"
"2754","SWAB DE RAYON P/COLETA SECRECAO NASOFARINGE EM CRIANCAS"
"2755","TAMPA PARA LABORATORIO LACRE DE ALUMINIO PARA VEDAR FRASCO TIPO PENICILINA DE 25"
"2756","TERMOMETRO CAPA PROTETORA PARA TERMOMETRO AURICULAR"
"2757","TERMOMETRO INFRAVERMELHO"
"2758","TERMOMETRO"
"2759","TERMOMETRO  INFRAVERMELHO C/ MIRA LASER, CALIBRACAO RBC"
"2760","TERMOMETRO TIPO DIGITAL"
"2761","TIRAS FITA PARA LABORATORIO-FLUCITOSINA."
"2762","TIRAS FITA PARA LABORATORIO-MICAFUNGINA."
"2763","TIRAS INDICADOR DE ANAEROBIOSE PARA USO EM JARRA"
"2764","TIRAS PARA OXIDASE (REAGENTE DE OXIDASE) FRASCO COM 10"
"2765","TUBO DE DUHRAN 0.6 X 3CM"
"2766","TUBO DE ENSAIO C/TAMPA DE ROSCA E BOCA LARGA-TAM.12X100MM"
"2767","TUBO DE ENSAIO C/TAMPA DE ROSCA E BOCA LARGA-TAM.16X100MM"
"2768","TUBO DE ENSAIO PARA CULTURA,SEM BORDA,12 X 120"
"2769","TUBO EM ENSAIO EM POLIPROPILENO OU SIMILAR,S/BORDA(D)"
"2770","TUBO DE NESSLER EM VIDRO BOROSSILICATO, 50 ML"
"2771","TUBO DE VIDRO BOROSILICATO,C/DIMENSOES 42MM X 300MM COMP."
"2772","TUBO PARA LABORATORIO CONICO TIPO FALCON,GRAD.POLIP.50ML,DIM.30X115 C/TAMP"
"2773","TUBO PARA LABORATORIO CONICO, TIPO FALCON, GRADUADO (DET)"
"2774","TUBO PARA LABORATORIO CRIOTUBO,TRANSP.COM TAMPA/ROSCA CAP. 2ML"
"2775","TUBO PARA LABORATORIO PARA MICROCENTRIFUGA, COM TAMPA SAFE-LOCK DE 2ML"
"2776","TURBIDIMETRO"
"2777","VIAL VIAL ÅMBAR DE BOROSSILICATO, 40 ML COM TAMPA"
"2778","VIAL VIAL CAP.2ML TAMPA POLIPROPILENO C/SEPTO DE PTEE OU SILICONE"
"2779","VIDRO DE RELOGIO, APROX. 10 CM DIÅMETRO"
"2780","VIDRO DE RELOGIO LAPIDADO COM APROX. 7CM DE DIAMETRO"
"2781","MATERIAIS DE ESCRITORIO, ESCOLAR E DE TREINAMENTO"
"2782","ALMOFADA PARA CARIMBO MEDINDO 6,5X10,5CM,NR.3, NA COR PRETA"
"2783","APAGADOR PARA QUADRO BRANCO"
"2784","APAGADOR QUADRO BRANCO COM BASE PLÁSTICA E PORTA CANETAO"
"2785","APONTADOR DE LAPIS DE METAL TIPO COLEGIAL"
"2786","APONTADOR DE LAPIS DE PLASTICO TIPO COLEGIAL *"
"2787","BANDEJA DOCUMENTOS COM TRES DIVISOES (ANDARES) COR FUME EM ACRILICO"
"2788","BLOCO DE PAPEL BLOCO AUTO ADESIVO 100FLS NEON 4 CORES"
"2789","BLOCO DE PAPEL NOTAS AUTOADESIVAS"
"2790","BLOCO DE PAPEL PARA ANOTACOES"
"2791","BOBINA EM PAPEL ACETINADO PARA CALCULADORA MEDINDO 57 X 65 MM"
"2792","BORRACHA DE PAPELARIA NA COR VERDE PARA LAPIS"
"2793","BORRACHA DE PAPELARIA PLASTICA,COR BRANCA,C/CINTA PLASTICA,MED.42X21X11MM"
"2794","BORRACHA DE PAPELARIA PLASTICA,COR BRANCA,C/CINTA PLASTICA,MED.58X34,5X12MM"
"2795","CAIXA DE EXPEDIENTE/PAPELEIRA DUPLA EM ACRILICO NA COR FUME"
"2796","CAIXA DE EXPEDIENTE/PAPELEIRA SIMPLES EM ACRILICO NA COR FUME"
"2797","CAIXA PARA ARQUIVO CAIXA BOX POLIONDA COR AZUL"
"2798","CAIXA PARA ARQUIVO"
"2799","CAIXA PARA ARQUIVO EM PAPELAO  REFORCADO FORMATO OFICIO"
"2800","CANETA ESFEROGRAFICA NA COR AZUL*"
"2801","CANETA ESFEROGRAFICA NA COR PRETA*"
"2802","CANETA ESFEROGRAFICA NA COR VERMELHA*"
"2803","CANETA HIDROCOR COM 12 CORES"
"2804","CANETA HIDROGRAFICA FOSFORESCENTE PARA DESTAQUE DE TEXTO, NA COR AMARELA*"
"2805","CANETA HIDROGRAFICA FOSFORESCENTE PARA DESTAQUE DE TEXTO, NA COR ROSA"
"2806","CANETA HIDROGRAFICA FOSFORESCENTE PARA DESTAQUE DE TEXTO, NA COR VERDE*"
"2807","CANETA MARCADOR PARA QUADRO BRANCO NA COR AZUL"
"2808","CANETA MARCADOR PARA QUADRO BRANCO NA COR PRETA"
"2809","CANETA MARCADOR PARA QUADRO BRANCO NA COR VERDE"
"2810","CANETA MARCADOR PARA QUADRO BRANCO NA COR VERMELHA"
"2811","CANETA PARA QUADRO BRANCO AZUL CAIXA 12 UN"
"2812","CANETA PARA QUADRO BRANCO PRETA CAIXA 12 UN"
"2813","CANETA PARA QUADRO BRANCO VERMELHA CAIXA 12 UN"
"2814","CANETA PARA RETROPROJETOR NA COR AZUL *"
"2815","CAPA PLÁSTICA PARA ENCADERNACAO COR PRETA, TAMANHO A4*"
"2816","CAPA PLÁSTICA PARA ENCADERNACAO TRANSPARENTE, TAMANHO A4*"
"2817","CARTAO DE VISITA"
"2818","CLIPS METALICO NIQUELADO PARA PAPEIS NUMERO 1/0, CAIXA COM 100 UNIDADES"
"2819","CLIPS METALICO NIQUELADO PARA PAPEIS NUMERO 3/0, CAIXA COM 50 UNIDADES *"
"2820","CLIPS METALICO NIQUELADO PARA PAPEIS NUMERO 6/0, CAIXA COM 50 UNIDADES"
"2821","CLIPS PLASTICO"
"2822","COLA PLASTICA BRANCA,LAVAVEL,NAO TOXICA FRASCO COM 90 GRAMAS*"
"2823","COLA PLASTICA BRANCA,LAVAVEL,NAO TOXICA PASTOSA EM BASTAO COM PESO MINIMO DE 8GRAMAS"
"2824","COLCHETE LATONADO PARA PAPEIS NUMERO 03, CAIXA COM 72 UNIDADES"
"2825","COLCHETE LATONADO PARA PAPEIS NUMERO 08, CAIXA COM 72 UNIDADES"
"2826","COLCHETE LATONADO PARA PAPEIS NUMERO 14, CAIXA COM 72 UNIDADES"
"2827","CORRETIVO LIQUIDO OPACO FRASCO COM 18 ML"
"2828","CRACHA PARA IDENTIFICACAO TIPO CARTAO MAGNETICO"
"2829","ELASTICO EM LATEX NUMERO 18 - EMBALAGEM COM 1(UM) KILO"
"2830","ELASTICO EM LATEX NUMERO 18 - EMBALAGEM COM 100G"
"2831","ENVELOPE FORMATO 24X34CM  COR PARDA"
"2832","ENVELOPE NA COR AMARELA, FORMATO SACO (180X250MM)"
"2833","ENVELOPE NA COR AMARELA, TAMANHO 265X360"
"2834","ENVELOPE PLASTICO DE SEGURANCA"
"2835","ENVELOPE PLASTICO, MEDINDO 0,13MMX130MMX240MM, COM LACRE DE SEGURANÇA"
"2836","ENVELOPE PLASTICO, MEDINDO 0,13MMX200MMX270MM, COM LACRE DE SEGURANÇA"
"2837","ENVELOPE PLASTICO, MEDINDO 0,13MMX410MMX470MM, COM LACRE DE SEGURANÇA"
"2838","ENVELOPE PLASTICO. MEDINDO 0,13MMX500MMX580MM, COM LACRE DE SEGURANCA"
"2839","ENVELOPE PLASTICO. MEDINDO 0,13MMX80MMX160MM, COM LACRE DE SEGURANCA"
"2840","ESPIRAL DE PLASTICO PARA ENCADERNACAO 12MM, NA COR PRETA"
"2841","ESPIRAL DE PLASTICO PARA ENCADERNACAO 14MM, NA COR PRETA"
"2842","ESPIRAL DE PLASTICO PARA ENCADERNACAO 17MM, NA COR PRETA"
"2843","ESPIRAL DE PLASTICO PARA ENCADERNACAO 20MM, NA COR PRETA"
"2844","ESPIRAL DE PLASTICO PARA ENCADERNACAO 23MM, NA COR PRETA"
"2845","ESPIRAL DE PLASTICO PARA ENCADERNACAO 29MM, NA COR PRETA"
"2846","ESPIRAL DE PLASTICO PARA ENCADERNACAO 9MM, NA COR PRETA"
"2847","ESQUELETO PARA ESTUDOS DE CORPO HUMANO,TAMANHO NATURAL,EM RESINA,COMARTICULACAO"
"2848","ESTILETE DE CORTE COM 18MM"
"2849","ESTILETE DE CORTE LAMINA"
"2850","ESTILETE DE CORTE TAMANHO GRANDE"
"2851","ESTILETE DE CORTE TAMANHO MEDIO"
"2852","ESTILETE DE CORTE TAMANHO PEQUENO"
"2853","ESTILETE DE CORTE TIPO FACA COM LAMINA DESCARTAVEL MED.10 CM X 1,8 CM"
"2854","ESTILETE DE CORTE TIPO FACA COM LAMINA DESCARTAVEL MED.8,0 CM X 0,9 CM"
"2855","ETIQUETA ANTIDESGASTANTE PARA CODIGO DE BARRAS"
"2856","ETIQUETA AUTO ADESIVA BRANCA,TIPO COUCHE,TAM.32 X 18 MM COM 03 CARREIRAS"
"2857","ETIQUETA AUTO ADESIVA EM FORMULARIO CONTINUO 38X10MM 8 COL CX.96000"
"2858","ETIQUETA AUTO ADESIVA EM FORMULARIO CONTINUO MEDINDO 107 X 24 MM"
"2859","ETIQUETA AUTO ADESIVA ETIQUETA DE IDENTIFICAÇÃO PATRIMONIAL"
"2860","ETIQUETA AUTO ADESIVA NA COR BRANCA - SEM TARJA MEDINDO 23X72MM"
"2861","ETIQUETA AUTO ADESIVA PARA IMPRESSORA LASER E INK JET MED.84,7 X 101,6MM"
"2862","ETIQUETA AUTO ADESIVA PARA IMPRESSORA LASER E INK JET, MED 138,11 X 106,36"
"2863","ETIQUETA AUTO ADESIVA PARA VISITANTE"
"2864","ETIQUETA AUTO ADESIVA VISITANTE ADP-00891"
"2865","EXTRATOR DE GRAMPO METALICO (CAIXA COM 12 UNIDADES)"
"2866","EXTRATOR DE GRAMPO TIPO ESPATULA"
"2867","FITA ADESIVA ASFALTICA ALUMINIZADA AUTO ADESIVA"
"2868","FITA ADESIVA DUPLA FACE"
"2869","FITA ADESIVA DUPLA FACE FIXA FORTE 12MMX 1.5M"
"2870","FITA ADESIVA DUPLA FACE, MEDINDO 12 X 20 , EM ROLO"
"2871","FITA ADESIVA DUPLA FACE,DE POLIPROPILENO,MED 12MM X 30 METROS"
"2872","FITA ADESIVA FITA CREPE, MEDINDO 50 X 50"
"2873","FITA ADESIVA NA COR BRANCA"
"2874","FITA ADESIVA PARA EMPACOTAMENTO,DE PAPEL,PARDA,MED. 25MMX50M"
"2875","FITA ADESIVA PARA EMPACOTAMENTO,DE PAPEL,PARDA,MED.32MMX50M*"
"2876","FITA ADESIVA PLASTICA COM LIXA ANTIDERAPANTE"
"2877","FITA ADESIVA TIPO SILVER TAPE"
"2878","FITA ADESIVA TRANSPARENTE MEDINDO APROXIMADAMENTE 50MMX50M"
"2879","FITA ADESIVA TRANSPARENTE,MEDINDO APROXIMADAMENTE 12MMX30M*"
"2880","FITA ETIQUETADORA"
"2881","FITA PARA SENHA EM PAPEL,NUMERADA"
"2882","GRAFITE PARA LAPISEIRA COM ESPESSURA 0,5MM E GRADUAÇÃO HB"
"2883","GRAMPEADOR PARA PAPEIS TAMANHO GRANDE,SEMI-INDUSTRIAL PARA GRAMPOS 10 MM"
"2884","GRAMPEADOR PARA PAPEIS TAMANHO MEDIO,PARA GRAMPOS 26/6*"
"2885","GRAMPEADOR PARA PAPEIS TAMANHO PEQUENO,PARA GRAMPOS 26/6"
"2886","GRAMPO ENCADERNADOR TIPO TRILHO DE PLASTICO"
"2887","GRAMPO ENCADERNADOR TIPO TRILHO DE PLASTICO TAMANHO GRANDE,CAIXA C/50"
"2888",""
"2889","UNIDADES"
"2890","GRAMPO PARA GRAMPEADOR DE METAL, CAIXA COM 50 UNIDADES,TAMANHO 80 MM"
"2891","GRAMPO PARA GRAMPEADOR EM CAIXA"
"2892","GRAMPO PARA GRAMPEADOR TAMANHO 26/6, CAIXA COM 1000 UNIDADES*"
"2893","GRAMPO PARA GRAMPEADOR TAMANHO 9/10MM, CAIXA COM 5000 UNIDADES"
"2894","GRAMPO PARA GRAMPEADOR TIPO ROCAMA 106/8"
"2895","JOGO EDUCATIVO ALGARISMO CHAPA VAZADA 10 PECAS"
"2896","JOGO EDUCATIVO ALGARISMO CHAPA VAZADA 27 PECAS"
"2897","LACRE DE SEGURANCA LACRE DE MALOTE"
"2898","LACRE DE SEGURANCA NUMERADA"
"2899","LACRE DE SEGURANCA PERSONALIZADO NUMERADO AMARELO *"
"2900","LACRE DE SEGURANCA PERSONALIZADO NUMERADO AZUL"
"2901","LAMINA CORTANTE PARA ESTILETE 18MM EMBALAGEM COM 10 PEÇAS"
"2902","LAPIS BORRACHA PARA APAGAR"
"2903","LAPIS DE COR TAMANHO GRANDE, CAIXA COM 12 CORES *"
"2904","LAPIS GRAFITE 6B"
"2905","LAPIS PRETO COM GRADUAÇÃO N.2"
"2906","LAPISEIRA PARA GRAFITE COM ESPESSURA 0,5MM,AVANCO CONTINUO,COM BORRACHA"
"2907",""
"2908","EMBUTIDA*"
"2909","LIVRO DE REGISTRO TIPO ATA FORMATO OFICIO COM 100 FOLHAS"
"2910","LIVRO DE REGISTRO TIPO ATA FORMATO OFICIO COM 50 FOLHAS*"
"2911","LIVRO DE REGISTRO TIPO PROTOCOLO COM 100 FOLHAS **"
"2912","MANEQUIM/MODELO DE REANIMACAO CARDIOPULMONAR (RCP)"
"2913","MANEQUIM/MODELO OBSTETRICO DE PARTOS"
"2914","MURAL DE AVISOS COM ACABAMENTO DE ACRILICO"
"2915","PAPEL A3, BRANCO, 90 G"
"2916","PAPEL ADESIVO PARA RECADOS"
"2917","PAPEL CONTACT TRANSPARENTE EM ROLO"
"2918","PAPEL COUCHE A4 180G BRANCO PACOTE COM 50 FOLHAS"
"2919","PAPEL NA COR BRANCA FORMATO A4 MEDINDO 210X297MM, 75 G/M2*"
"2920","PAPEL SULFITE A3 BRANCO"
"2921","PASTA ARQUIVO EM PVC TRANSPARENTE, ABERTURA EM L, P/ DOCUMENTOS"
"2922","PASTA CATALOGO PARA DOCUMENTOS COM 20 SACOS EM POLIETILENO"
"2923","PASTA CATALOGO PARA DOCUMENTOS COM 50 SACOS EM POLIETILENO"
"2924","PASTA CLASSIFICADORA FORMATO OFICIO,PAPEL CARTAO,GRAMATURA DE 240,GRAMPO"
"2925",""
"2926","TRILHO *"
"2927","PASTA CLASSIFICADORA PLASTIFICADA"
"2928","PASTA EM PAPELAO COM ABA ELASTICA"
"2929","PASTA EM PAPELAO FORMATO OFICIO COM MOLA ASPIRAL"
"2930","PASTA EM PAPELAO PARA ARQUIVO COM FIXADOR DE METAL"
"2931","PASTA EM PAPELAO PARA ARQUIVO SUSPENSO EM CARTAO KRAFT COR PALHA"
"2932","PASTA PARA ARQUIVO MORTO, TIPO POLIONDA"
"2933","PASTA PARA ARQUIVO SUSPENSO CONFECCIONADA CARTAO KRAFT COR PALHA"
"2934","PASTA PASTA AZ OFICIO LOMBO LARGO"
"2935","PASTA POLIONDAS COM ELASTICO TAMANHO OFICIO, LOMBADA DE APROX. 5CM"
"2936","PASTA REGISTRADORA AZ TAMANHO OFICIO COM LOMBADA DE APROX. 40MM"
"2937","PASTA REGISTRADORA AZ TAMANHO OFICIO COM LOMBADA DE APROX. 80MM"
"2938","PASTA SUSPENSA PASTA SUSPENSA"
"2939","PERCEVEJO LATONADO, CAIXA COM 100 UNIDADES *"
"2940","PERFURADOR METALICO PARA PAPEIS TAMANHO GRANDE"
"2941","PERFURADOR METALICO PARA PAPEIS TAMANHO MEDIO"
"2942","PINCEL ATOMICO NA COR AZUL*"
"2943","PINCEL ATOMICO NA COR PRETA*"
"2944","PINCEL ATOMICO NA COR VERDE*"
"2945","PINCEL ATOMICO NA COR VERMELHA*"
"2946","PINCEL PARA QUADRO BRANCO NA COR AZUL"
"2947","PINCEL PARA QUADRO BRANCO NA COR PRETA"
"2948","PINCEL PARA QUADRO BRANCO NA COR VERDE"
"2949","PINCEL PARA QUADRO BRANCO NA COR VERMELHA"
"2950","PLASTICO PARA DOCUMENTOS DE CARTEIRA"
"2951","PORTA ALVARA DE PLASTICO"
"2952","PORTA LAPIS/CLIPS E LEMBRETES"
"2953","PORTA LAPIS/CLIPS EM ACRILICO,MED.3 X 1"
"2954","PRANCHETA EM ACRILICO COM PEGADOR DE METAL"
"2955","PRANCHETA EM EUCATEX COM PEGADOR DE METAL"
"2956","QUADRO DE AVISO MEDIO"
"2957","QUADRO DIDATICO BRANCO,MOLDURA DE ALUMINIO"
"2958","QUADRO FUNDO BRANCO  PARA AVISO, MEDINDO 0,90 X 1,20 METROS"
"2959","REGUA PLASTICA MEDINDO 30CM*"
"2960","SACO POLIETILENO TRANSPARENTE TAMANHO OFICIO COM 04 FUROS *"
"2961","SUPORTE PARA FITA ADESIVA MEDINDO APROXIMADAMENTE 12 MM X 33 M"
"2962","TESOURA COM CABO PLÁSTICO, MEDINDO 25CM"
"2963","TESOURA DE ACO INOX 20 CM"
"2964","TESOURA DE ACO INOX COMUM"
"2965","TESOURA DE ACO INOX MEDINDO APROX.12 MM X 65 METROS"
"2966","TESOURA DE ACO INOX RETA COM CABO DE PLASTICO,COM APROX.20 CM"
"2967","TESOURA DE ACO INOX TIPO DOMESTICA MEDINDO 20 CM"
"2968","TESOURA FORJADA, NIQUELADA, FIO NAVALHA, TAMANHO 9"
"2969","TINTA PARA CARIMBO COR AZUL"
"2970","TINTA PARA CARIMBO COR PRETA"
"2971","TINTA PARA CARIMBO COR VERMELHA"
"2972","UMEDECEDOR DE DEDOS EM PASTA"
"2973",""
"2974","ACESSORIOS DE REABILITACAO ALMOFADA DE ASSENTO P/PREVENCAO DE ULCERAS-SUS:0701020628"
"2975","ACESSORIOS DE REABILITACAO FAIXA ELASTICA COMPRESSIVA-COD.SUS?07.01.02.059-8"
"2976","ADAPTACAO E APOIO PARA CADEIRA DE RODAS ADAPTACAO ABDUTOR TIPO CAVALO P/CAD.RODAS CODSUS 0701010339"
"2977","ADAPTACAO E APOIO PARA CADEIRA DE RODAS ADAPTACAO APOIO DE PES DA CADEIRA DERODAS CODSUS0701010282"
"2978","ADAPTACAO E APOIO PARA CADEIRA DE RODAS ADAPTACAO ASSENTO P/DEFORMIDADESQUADRIL CODSUS 0701010266"
"2979","ADAPTACAO E APOIO PARA CADEIRA DE RODAS ADAPTACAO DO APOIO BRACOS CAD. RODASCODSUS 0701010320"
"2980","ADAPTACAO E APOIO PARA CADEIRA DE RODAS ADAPTACAO ENCOSTO P/DEFORMIDADESTRONCO CODSUS 0701010274"
"2981","ADAPTACAO E APOIO PARA CADEIRA DE RODAS APOIO P/ESTABILIZACAO CABECA NACAD.RODAS CODSUS 0701010312"
"2982","ADAPTACAO E APOIO PARA CADEIRA DE RODAS APOIOS LATERAIS QUADRIL P/CADEIRA RODASCODSUS 0701010304"
"2983","ADAPTACAO E APOIO PARA CADEIRA DE RODAS APOIOS LATERAIS TRONCO EM 3 OU 4 PONTOSCODSUS 0701010290"
"2984","ADAPTADOR UNIVERSAL TUBO CONECTOR EM YÄ 60"" P/SERINGAÄÄMED TRONÄ ACCUTRON CT-D"
"2985","ADAPTADOR UNIVERSAL TUBO EXTENSOR ESPIRAL, BAIXA PRESSAO 60' P/ MALLINCKODT (DET"
"2986","ADESIVOS PRONTOS DE USO EM ENFERMARIA E CIRURGIA ADES.SELANTE DE"
"2987",""
"2988","FIBRINOG.HUMANO E TROMBINA ISENTO APROT.BOV."
"2989","ADESIVOS PRONTOS DE USO EM ENFERMARIA E CIRURGIA ADESIVO CIRURGICO A BASE DE SORO"
"2990",""
"2991","ALBUMINA PECA 5ML (DET)"
"2992","ADESIVOS PRONTOS DE USO EM ENFERMARIA E CIRURGIA ADESIVO CIRÞRGICO, SORO-"
"2993",""
"2994","ALBUMINA E GLUTARALDEIDO,PECA 2ML"
"2995","ADESIVOS PRONTOS DE USO EM ENFERMARIA E CIRURGIA ADESIVO CUTÄNEO A BASE DE OCTIL"
"2996",""
"2997","CIANOAC.EST.AMP.0,35 A 0,5ML"
"2998","ADESIVOS PRONTOS DE USO EM ENFERMARIA E CIRURGIA ADESIVO TISSULAR COMP.NBCA,P/"
"2999",""
"3000","INTERVENCAO NEUROENDOVASCULAR"
"3001","ADESIVOS PRONTOS DE USO EM ENFERMARIA E CIRURGIA CAMPO CIRURGICO ADESIVO"
"3002",""
"3003","IODOFORADO DE POLIETILENO.(D)"
"3004","ADESIVOS PRONTOS DE USO EM ENFERMARIA E CIRURGIA CAMPO CIRURGICO AUTO ADESIVO"
"3005",""
"3006","DE POLIETILENO MED 80A100X45CM"
"3007","ADESIVOS PRONTOS DE USO EM ENFERMARIA E CIRURGIA CAMPO CIRURGICO AUTO-"
"3008",""
"3009","ADESIVO,ESTÓRIL IODOFORADO"
"3010","ADESIVOS PRONTOS DE USO EM ENFERMARIA E CIRURGIA CURATIVO DE MEMBR."
"3011",""
"3012","CELULOSICA,19A 21CMX14A 16CM,POROS 2A 3MM"
"3013","ADESIVOS PRONTOS DE USO EM ENFERMARIA E CIRURGIA CURATIVO DE MEMBR."
"3014",""
"3015","CELULOSICA,19A 21CMX14A 16CM,POROS 1A 2MM"
"3016","ADESIVOS PRONTOS DE USO EM ENFERMARIA E CIRURGIA CURATIVO DE MEMBRANA"
"3017",""
"3018","CELULOSICA 15CM X 10CM (DET)"
"3019","ADESIVOS PRONTOS DE USO EM ENFERMARIA E CIRURGIA DISPOSITIVO ADESIVO P/FIXACAO"
"3020",""
"3021","CATETERS E SONDAS VESICAIS(D)"
"3022","ADESIVOS PRONTOS DE USO EM ENFERMARIA E CIRURGIA ESPARADRAPO"
"3023",""
"3024","COMUM,IMPERMEAVEL,BRANCO,MEDINDO 10CM X 4,5M(D)"
"3025","ADESIVOS PRONTOS DE USO EM ENFERMARIA E CIRURGIA FITA ADESIVA DE CREPE,USO"
"3026",""
"3027","HOSPITALAR,MED.2X20CM  (DET)"
"3028","ADESIVOS PRONTOS DE USO EM ENFERMARIA E CIRURGIA FITA ADESIVA FLEXIVEL,NAO TECIDO"
"3029",""
"3030","COR BRANCA 10CM X 10M"
"3031","ADESIVOS PRONTOS DE USO EM ENFERMARIA E CIRURGIA FITA ADESIVA FLEXIVEL,NAO"
"3032",""
"3033","TECIDO,COR BRANCA 5CM X 10M"
"3034","ADESIVOS PRONTOS DE USO EM ENFERMARIA E CIRURGIA FITA ADESIVA FLEXIVEL,NAO"
"3035",""
"3036","TECIDO,COR BRANCA MED 2,5X10M (D)"
"3037","ADESIVOS PRONTOS DE USO EM ENFERMARIA E CIRURGIA FITA ADESIVA TECIDO ACETATO"
"3038",""
"3039","RAYON,BRANCA 10CM X 4,5M (DET)"
"3040","ADESIVOS PRONTOS DE USO EM ENFERMARIA E CIRURGIA FITA DE"
"3041",""
"3042","SILICONE,ESTÓRIL,MINI,VÇRIAS CORES (DET)"
"3043","ADESIVOS PRONTOS DE USO EM ENFERMARIA E CIRURGIA FITA HIPOALERGÕNICA 100MM"
"3044",""
"3045","X4,5MCONFORTAVEL,ANATOMICA (DET.)"
"3046","ADESIVOS PRONTOS DE USO EM ENFERMARIA E CIRURGIA FITA HIPOALERGÕNICA 50MM"
"3047",""
"3048","X4,5MCONFORTAVEL,ANATOMICA(DET)"
"3049","ADESIVOS PRONTOS DE USO EM ENFERMARIA E CIRURGIA HEMOSTATITO ABSORVIVEL"
"3050",""
"3051","HEMOSTASE MPH 1G"
"3052","ADESIVOS PRONTOS DE USO EM ENFERMARIA E CIRURGIA MATRIZ HEMOSTATICA"
"3053","ADESIVOS PRONTOS DE USO EM ENFERMARIA E CIRURGIA SELANTE CIRURGICO A BASE DE"
"3054",""
"3055","HIDROGEL"
"3056","AGRAFES PARA CIRURGIA DE ORTESE E PROTESE AGRAFES TIPO BLOUNT EM ACO INOXIDÇVEL"
"3057",""
"3058","C/ VARIOS TAMANHOS"
"3059","AGULHAS DESCARTAVEIS AGULHA ASPIRATIVA TIPO CHIBA, 20 G X 14 A 16 CM"
"3060","AGULHAS DESCARTAVEIS AGULHA DE BIOPSIA DE MEDULA, DESCARTAVEL, 13G X 10CM."
"3061","AGULHAS DESCARTAVEIS AGULHA DE ESCLEROSE GASTRICA DUPLO LUMEM"
"3062","AGULHAS DESCARTAVEIS AGULHA DE PUNCAO 18G X 7CM,COMP DE ACO INOXIDAVEL,DESCART."
"3063","AGULHAS DESCARTAVEIS AGULHA DESC. SPINAL 22GX 2 1/2 - (DETALHADA) NP"
"3064","AGULHAS DESCARTAVEIS AGULHA DESC.HIP.BISEL TRIFACATADO,SILICONIZADA,CAL 40X08(D)"
"3065","AGULHAS DESCARTAVEIS AGULHA DESC.HIP.BISEL TRIFACETADO,SILICONIZADA,CAL.13X4.5(D)"
"3066","AGULHAS DESCARTAVEIS AGULHA DESC.HIP.BISEL TRIFACETADO,SILICONIZADA,CAL.25X6(D)"
"3067","AGULHAS DESCARTAVEIS AGULHA DESC.HIP.BISEL TRIFACETADO,SILICONIZADA,CAL.25X7(DET)"
"3068","AGULHAS DESCARTAVEIS AGULHA DESC.HIP.BISEL TRIFACETADO,SILICONIZADO,CAL.20X5,5(D)"
"3069","AGULHAS DESCARTAVEIS AGULHA DESC.HIP.BISEL TRIFACETADO,SILICONIZADO,CAL.25X8(DET)"
"3070","AGULHAS DESCARTAVEIS AGULHA DESC.HIP.BISEL TRIFACETADO,SILICONIZADO,CAL.30X7(DE)"
"3071","AGULHAS DESCARTAVEIS AGULHA"
"3072",""
"3073","DESC.HIP.BISELTRIFACETADO,SILICONIZADA,CAL.40X12(DET)"
"3074","AGULHAS DESCARTAVEIS AGULHA DESC.HIPO.13 X 0,30, HASTE ACO INOX.BISEL TRIFACETADO"
"3075","AGULHAS DESCARTAVEIS AGULHA DESC.HIPODERMICA 25X6"
"3076","AGULHAS DESCARTAVEIS AGULHA DESC.LONGA"
"3077",""
"3078","P/RAQUIANESTESIA,CAL.80X5(25G3)C/MANDRIL(D"
"3079","AGULHAS DESCARTAVEIS AGULHA DESC.LONGA P/RAQUIANESTESIA,CAL.90X4(27G3 1/2)(DET)"
"3080","AGULHAS DESCARTAVEIS AGULHA DESC.LONGA P/RAQUIANESTESIA,CAL.90X5(25G3 1/2(DET)"
"3081","AGULHAS DESCARTAVEIS AGULHA DESC.LONGA P/RAQUIANESTESIA,QUINCKE, 90X3 (29G3 1/2)"
"3082","AGULHAS DESCARTAVEIS AGULHA DESC.LONGA P/RAQUIANESTESIA,QUINCKE,80X8(21G3 1/4)"
"3083","AGULHAS DESCARTAVEIS AGULHA DESC.LONGA P/RAQUIANESTESIA,QUINCKE,90X4.5 (26G3"
"3084",""
"3085","1/2)"
"3086","AGULHAS DESCARTAVEIS AGULHA DESC.LONGA P/RAQUIANESTESIA,QUINCKE,90X5 (25G3 1/2)"
"3087","AGULHAS DESCARTAVEIS AGULHA DESC.LONGA P/RAQUIANESTESIA,QUINCKE,90X7 (22G3 1/2)"
"3088","AGULHAS DESCARTAVEIS AGULHA DESC.P/ACUPUNTURA, 0,25 X 40 MM,EMB.UNIT.,ESTERIL"
"3089","AGULHAS DESCARTAVEIS AGULHA DESC.P/ACUPUNTURA,0,25 X 30 MM,EMB.UNIT.,ESTERIL"
"3090","AGULHAS DESCARTAVEIS AGULHA DESC.P/ANEST.EPIDURAL,C/MANDRIL,WEISS,90X12(18G3"
"3091",""
"3092","1/2)"
"3093","AGULHAS DESCARTAVEIS AGULHA DESC.P/ANEST.EPIDURAL,C/MANDRIL,WEISS,90X14(17G3"
"3094",""
"3095","1/2)"
"3096","AGULHAS DESCARTAVEIS AGULHA"
"3097",""
"3098","DESC.P/ANEST.EPIDURAL,C/MNDRIL,WEISS,50X9(20G2)(DET)"
"3099","AGULHAS DESCARTAVEIS AGULHA DESC.P/BIOPSIA DE MEDULA,11G,ESTERIL,EMB.UNITARIA"
"3100","AGULHAS DESCARTAVEIS AGULHA DESC.P/CATETER IMP.C/BISEL,HUBER,RETA,G20X32 A 38MM"
"3101","AGULHAS DESCARTAVEIS AGULHA DESC.P/CATETER"
"3102",""
"3103","IMPLANT.C/BIS,HUBER,CURV90,G22X15A19MM"
"3104","AGULHAS DESCARTAVEIS AGULHA DESC.P/CATETER"
"3105",""
"3106","IMPLANT.C/BISEL,HUBER,CURVA90,G20X25MM"
"3107","AGULHAS DESCARTAVEIS AGULHA DESC.P/CATETER"
"3108",""
"3109","IMPLANT.C/BISEL,HUBER,CURVA90,G22X25MM"
"3110","AGULHAS DESCARTAVEIS AGULHA DESC.P/LOCALIZACAO DE NODULO MAMARIO 20X9 A 10CM"
"3111","AGULHAS DESCARTAVEIS AGULHA DESC.RAQUI P/PULSAO LOMBAR NEONATAL E PED.25GX1(D)"
"3112","AGULHAS DESCARTAVEIS AGULHA DESC.RAQUI P/PULSAO LOMBAR NEONATAL E"
"3113",""
"3114","PED.25GX2(DE)"
"3115","AGULHAS DESCARTAVEIS AGULHA DESCARTAVEIS P/ACUPUNTURA, 0,30 X 40 MM(D)"
"3116","AGULHAS DESCARTAVEIS AGULHA DESCARTAVEL HIPODÔRMICA, CALIBRE 13 X 4.5"
"3117","AGULHAS DESCARTAVEIS AGULHA DESCARTAVEL HIPODÔRMICA, CALIBRE 25X 7"
"3118","AGULHAS DESCARTAVEIS AGULHA DESCARTAVEL PARA ASPIRACAO 25X12"
"3119","AGULHAS DESCARTAVEIS AGULHA DESCARTÇVEL HIPODÓRMICA, CALIBRE 20 X 5,5 HASTE"
"3120","AGULHAS DESCARTAVEIS AGULHA ESCLEROSE DE VARIZES ESOFAGICAS 2,5 MM, CURTO"
"3121","AGULHAS DESCARTAVEIS AGULHA ESCLEROSE DE VARIZES ESOFAGICAS 2,5 MM, LONGO"
"3122","AGULHAS DESCARTAVEIS AGULHA P/FISTULA ARTERIO-VENOSA,CALIBRE 16G. (DETALHADA)"
"3123","AGULHAS DESCARTAVEIS AGULHA P/PUNCAO INTRA-OSSEA P/BIOPSIA ASPIRAÇÃO 18GX 43-"
"3124",""
"3125","45MM"
"3126","AGULHAS DESCARTAVEIS AGULHA P/PUNCAO INTRA-OSSEA P/BIOPSIA E ASPIRAÇÃO 16G X"
"3127",""
"3128","60MM"
"3129","AGULHAS DESCARTAVEIS AGULHA P/PUNCAO TRANZSEPTAL TIPO"
"3130",""
"3131","BROCKENBROUGH,18G,COMP.71CM"
"3132","AGULHAS DESCARTAVEIS AGULHA PARA ASPIRADO DE MEDULA OSSEA (DETALHADA)"
"3133","AGULHAS DESCARTAVEIS AGULHAS ASPIRATIVA,MARC.CENTIMETRADA/PTA ECO.18G,15CM"
"3134","AGULHAS DESCARTAVEIS AGULHAS DESC.INTRODUTORA CALIBRE 15G X 14 A 16CM (D)"
"3135","AGULHAS DESCARTAVEIS AGULHAS DESC.INTRODUTORA CALIBRE 15G X 3 A 6CM (D)"
"3136","AGULHAS DESCARTAVEIS AGULHAS DESC.INTRODUTORA CALIBRE 15G X9 A 13CM (D)"
"3137","AGULHAS DESCARTAVEIS AGULHAS DESC.INTRODUTORA CALIBRE 17G X 09 A 13CM (D)"
"3138","AGULHAS DESCARTAVEIS AGULHAS DESC.INTRODUTORA CALIBRE 19GX9 A 12CM(D)"
"3139","AGULHAS DESCARTAVEIS AGULHAS DESC.INTRODUTORA COMBINADA,CALIBRE 17G X 3 A 6CM"
"3140",""
"3141","(D)"
"3142","AGULHAS DESCARTAVEIS AGULHAS DESC.P/BIOPSIA DE MEDULA,CAL.8G X 10CM (DET)"
"3143","AGULHAS DESCARTAVEIS AGULHAS DESC.P/BIOPSIA RENAL 16G,C/20CM E GAVETA (D)"
"3144","AGULHAS DESCARTAVEIS AGULHAS DESC.P/RAQUIANESTESIA,TIPO QUINCKE,CAL.25GX4"
"3145",""
"3146","3/4""(D)"
"3147","AGULHAS DESCARTAVEIS AGULHAS DESC.SEMI-AUTOMATICA,TIPO CORE 16GX13 A 16CM(D)"
"3148","AGULHAS DESCARTAVEIS AGULHAS DESC.SEMI-AUTOMATICA,TIPO CORE 18G X 9 A 10CM(D)"
"3149","AGULHAS DESCARTAVEIS AGULHAS DESC.SEMI-AUTOMATICA,TIPO CORE 18GX13 A 16CM(D)"
"3150","AGULHAS DESCARTAVEIS AGULHAS DESC.SEMI-AUTOMATICA,TIPO CORE 18GX18 A 20CM(D)"
"3151","AGULHAS DESCARTAVEIS AGULHAS DESC.SEMI-AUTOMATICA,TIPO CORE 20GX13 A 16CM (D)"
"3152","AGULHAS DESCARTAVEIS AGULHAS DESC.SEMI-AUTOMATICA,TIPO CORE 20GX18 A 20CM(D)"
"3153","AGULHAS DESCARTAVEIS AGULHAS QUICK-CORE P/BIOPSIA HISTOL./RET.FRAG.QC-15-5.-20T"
"3154","AGULHAS DESCARTAVEIS AGULHAS QUICK-CORE P/BIOPSIA HISTOL./RET.FRAG.QC-19-9.0-20T"
"3155","AGULHAS DESCARTAVEIS DISPOSITIVO DESCARTAVEL P/ TRANSFERENCIA E DRENAGEM"
"3156",""
"3157","SOLUCÏES"
"3158","AGULHAS DESCARTAVEIS HIPODERMICA, EM ACO INOX 40X12 (18G X 11/2), CAIXA 100UNID"
"3159","AGULHAS REUSAVEIS AGULHA AUTOMATICA PARA BIOPSIA, TAM.16G X 10CM. DUPLO AVANCO"
"3160","AGULHAS REUSAVEIS AGULHA AUTOMÇTICA PARA BIOPSIA, TAMANHO 14G X 10CM"
"3161","AGULHAS REUSAVEIS AGULHA AUTOMÇTICA PARA BIOPSIA, TAMANHO 16 G X 20CM"
"3162","AGULHAS REUSAVEIS AGULHA AUTOMÇTICA PARA BIOPSIA, TAMANHO 16G X 10 CM"
"3163","AGULHAS REUSAVEIS AGULHA AUTOMÇTICA PARA BIOPSIA, TAMANHO 18G X 20CM"
"3164","AGULHAS REUSAVEIS AGULHA AUTOMÇTICA PARA BIOPSIA, TAMANHO 18G X 25 CM"
"3165","AGULHAS REUSAVEIS AGULHA INTRODUTORA COAXIAL, 13 G (2,3MM) X 5,0 A 7,5CM"
"3166","AGULHAS REUSAVEIS AGULHAS P/ANEST.PLEXO POR NEURO.A 50MM 0,70X80CM(D"
"3167","AGULHAS REUSAVEIS AGULHAS REUSAVEIS P/ANEST.PLEXO P/NEURO.A 100MM 0,80X100MM(D"
"3168","AGULHAS REUSAVEIS AGULHAS REUSAVEIS P/BIOPSIA DE CORTE 14X12CM COMP.1X1CM(D)"
"3169","AGULHAS REUSAVEIS AGULHAS REUSAVEIS P/BIOPSIA HEPATICA,CAL.1,6MMX18MM(D)"
"3170","AGULHAS REUSAVEIS AGULHAS REUSAVEIS P/BIOPSIA HEPATICA,CAL.18G X 9CM (D)"
"3171","ALGODAO ALGODAO HIDROFILO, FIBRAS 100% ALGODAO, 500G  (DET)"
"3172","ANCORAS PARA OMBRO ÄNCORA CIRÞRGICA DE TITÄNIO, ENGLOBA TODOS OS TAMANHOS"
"3173","ARRUELA PARA USO EM CIRURGIA DE ORTESE E PROTESE ARRUELA LISA PARA PARAFUSO 4,5 A"
"3174",""
"3175","7,3MM EM ACO."
"3176","ARRUELA PARA USO EM CIRURGIA DE ORTESE E PROTESE ARRUELA LISA PARA PARAFUSO DE"
"3177",""
"3178","3,5 A 4,0MM EM ACO"
"3179","ARRUELA PARA USO EM CIRURGIA DE ORTESE E PROTESE ARRUELA ORTOPÓDICA DE TITANIO,"
"3180",""
"3181","DENTEADA, COM 8 DENTES"
"3182","ARRUELA PARA USO EM CIRURGIA DE ORTESE E PROTESE ARRUELA P/ PARAFUSO CANULADO"
"3183",""
"3184","DE 3,5/4,5/6,5/7,0 - DIÄM."
"3185","ATADURAS PRONTAS DE USO EM ENFERMARIA E CIRURGIA ATADURA DE ALGODAO"
"3186",""
"3187","ORTOPEDICO, MEDINDO 06 CM DE LARGURA(D)"
"3188","ATADURAS PRONTAS DE USO EM ENFERMARIA E CIRURGIA ATADURA DE ALGODAO"
"3189",""
"3190","ORTOPEDICO, MEDINDO 10 CM DE LARGURA(D)"
"3191","ATADURAS PRONTAS DE USO EM ENFERMARIA E CIRURGIA ATADURA DE ALGODAO"
"3192",""
"3193","ORTOPEDICO, MEDINDO 15 CM DE LARGURA(D)"
"3194","ATADURAS PRONTAS DE USO EM ENFERMARIA E CIRURGIA ATADURA DE ALGODAO"
"3195",""
"3196","ORTOPEDICO, MEDINDO 20 CM (DET)"
"3197","ATADURAS PRONTAS DE USO EM ENFERMARIA E CIRURGIA ATADURA DE BORRACHA,FAIXA DE"
"3198",""
"3199","SMARCH,MED.APROX.10CMX2M(D)"
"3200","ATADURAS PRONTAS DE USO EM ENFERMARIA E CIRURGIA ATADURA DE BORRACHA,FAIXA DE"
"3201",""
"3202","SMARCH,MED.APROX.12CMX2M(D)"
"3203","ATADURAS PRONTAS DE USO EM ENFERMARIA E CIRURGIA ATADURA DE BORRACHA,FAIXA DE"
"3204",""
"3205","SMARCH,MED.APROX.15CMX2M(D)"
"3206","ATADURAS PRONTAS DE USO EM ENFERMARIA E CIRURGIA ATADURA DE BORRACHA,FAIXA DE"
"3207",""
"3208","SMARCH,MED.APROX.20CMX2M(D)"
"3209","ATADURAS PRONTAS DE USO EM ENFERMARIA E CIRURGIA ATADURA DE BORRACHA,FAIXA DE"
"3210",""
"3211","SMARCH,MED.APROX.5CMX2M(D)"
"3212","ATADURAS PRONTAS DE USO EM ENFERMARIA E CIRURGIA ATADURA DE BORRACHA,FAIXA DE"
"3213",""
"3214","SMARCH,MED.APROX.8CMX3M(D)"
"3215","ATADURAS PRONTAS DE USO EM ENFERMARIA E CIRURGIA ATADURA DE CREPOM 10CM X 1.2M"
"3216","ATADURAS PRONTAS DE USO EM ENFERMARIA E CIRURGIA ATADURA DE CREPON 13 FIOS CM2,"
"3217",""
"3218","06 CM DE L. COM 1,80 M.(D)"
"3219","ATADURAS PRONTAS DE USO EM ENFERMARIA E CIRURGIA ATADURA DE CREPON 13 FIOS CM2,"
"3220",""
"3221","10 CM DE L. COM 1,80 M.(D)"
"3222","ATADURAS PRONTAS DE USO EM ENFERMARIA E CIRURGIA ATADURA DE CREPON 13 FIOS CM2,"
"3223",""
"3224","15CM DE L. COM 1,80 M. (D)"
"3225","ATADURAS PRONTAS DE USO EM ENFERMARIA E CIRURGIA ATADURA DE CREPON 13 FIOS CM2,"
"3226",""
"3227","20CM DE L. COM 1,80 M. (D)"
"3228","ATADURAS PRONTAS DE USO EM ENFERMARIA E CIRURGIA ATADURA DE CREPON 13 FIOS CM2,"
"3229",""
"3230","30CM DE L. COM 1,80 M. (D)"
"3231","ATADURAS PRONTAS DE USO EM ENFERMARIA E CIRURGIA ATADURA GESSADA, MEDIDAS"
"3232",""
"3233","APROXIMADAS 8CM X 2M A 3M (DET)"
"3234","ATADURAS PRONTAS DE USO EM ENFERMARIA E CIRURGIA ATADURA GESSADA, MEDINDO 06"
"3235",""
"3236","CM DE LARGURA X 2 METROS (DET)"
"3237","ATADURAS PRONTAS DE USO EM ENFERMARIA E CIRURGIA ATADURA GESSADA, MEDINDO 10"
"3238",""
"3239","CM DE LARGURA X 3 METROS(DET)"
"3240","ATADURAS PRONTAS DE USO EM ENFERMARIA E CIRURGIA ATADURA GESSADA, MEDINDO 15"
"3241",""
"3242","CM DE LARGURA X 3 METROS(DET)"
"3243","ATADURAS PRONTAS DE USO EM ENFERMARIA E CIRURGIA ATADURA GESSADA, MEDINDO 20"
"3244",""
"3245","CM DE LARGURA X 4 METROS (DET)"
"3246","BAINHA E INTRODUTOR BAINHA E INTRODUTOR DEFLECTIVEL P/ACES.TRANS.DE 8,5 FR,71CM"
"3247","BAINHA E INTRODUTOR BAINHA E INTRODUTOR P/ACES.TRANS.8,5FR,CURVA DE 45/50"
"3248","BAINHA E INTRODUTOR BAINHA E INTRODUTOR. ACES.TRANSEP.8,5FR,CURVAS45/50S L2/SL3"
"3249","BANDAGENS PRONTAS DE USO EM ENFERMARIA E CIRURGIA BANDAGEM ABSORVENTE"
"3250",""
"3251","ADESIVA P/USO APOS COLETA DE SANGUE(DET)"
"3252","BANDAGENS PRONTAS DE USO EM ENFERMARIA E CIRURGIA BANDAGEM ELASTICA"
"3253",""
"3254","ADESIVA,MEDINDO APROX. 10CMX4.5M (DET.)"
"3255","BIOPROTESE VALVAR. BIOPROTESE VALVAR AORTICA"
"3256","BIOPROTESE VALVAR. BIOPROTESE VALVAR AORTICA."
"3257","BIOPROTESE VALVAR. BIOPROTESE VALVAR MITRAL"
"3258","BIOPROTESE VALVAR. VALVULA CARDIACA TRANSCATETER EXPANSIVEL POR BALAO"
"3259","BOLSAS COLETORAS BOLSA COL. DE URINA SIST. FECH. ESTERIL CAP. 1000ML(DET.)"
"3260","BOLSAS COLETORAS BOLSA COL. DE URINA SIST. FECH. ESTERIL CAP. 2000ML (DET)"
"3261","BOLSAS COLETORAS BOLSA COLETORA DE URINA, SISTEMA FECHADO, NEONATAL, 400 ML"
"3262","BOLSAS COLETORAS BOLSA COLETORA DE URINA, SISTEMA HERMÔTICO FECHADO, 500 ML"
"3263","BOLSAS COLETORAS SISTEMA PARA FISTULA ABDOMINAL, TAMANHO PEQUENO 104 A 159MM"
"3264","BOLSAS COLETORAS SISTEMA PARA FISTULA ABDOMINAL,TAMANHO GRANDE 208 A 297MM"
"3265","BOLSAS COLETORAS SISTEMA PARA FISTULA ABDOMINAL,TAMANHO MÓDIO 156 A 228MM"
"3266","CABECA PARA USO ESPEC÷FICO EM CIRURGIA DE ORTESE E PROTESE CABECA FEMORAL"
"3267",""
"3268","CERAMICA DELTA INTERCAMBIAVEL,EMCONE PRIMARIA"
"3269","CABECA PARA USO ESPEC÷FICO EM CIRURGIA DE ORTESE E PROTESE CABECA FEMORAL"
"3270",""
"3271","MODULAR ACO INOX INTERCAMBIAVEL P/M/G E XG"
"3272","CALCADOS ORTOPEDICOS PRE-FABRICADOS C/PALMILHAS ATE NUMERO45 CALCADOS"
"3273",""
"3274","ORTOPEDICOS - BOTA ORTOPEDICA INVERTIDA C/PALMILHA"
"3275","CANULA CÅNULA INFANTIL-NASAL CPAP, PESO 1100 - 1205 GRAMAS"
"3276","CANULA CÅNULA INFANTIL-NASAL CPAP, PESO 1300 - 2000 GRAMAS"
"3277","CANULA CÅNULA INFANTIL-NASAL CPAP, PESO 2100 - 3000 GRAMAS"
"3278","CANULA CÅNULA INFANTIL-NASAL CPAP, PESO 700 - 1000 GRAMAS"
"3279","CANULA CANULA NEONATAL CPAP, PESO ATE 700 GRAMAS."
"3280","CANULA PARA ASSISTENCIA RESPIRATORIA CANULA DE GUEDEL,EM PVC"
"3281",""
"3282","ATOXICO,INQUEBRAVEL,TAMANHO 2(DET)"
"3283","CANULA PARA ASSISTENCIA RESPIRATORIA CANULA DE GUEDEL,EM PVC"
"3284",""
"3285","ATOXICO,INQUEBRAVEL,TAMANHO 3(DET)"
"3286","CANULA PARA ASSISTENCIA RESPIRATORIA CANULA DE GUEDEL,EM PVC"
"3287",""
"3288","ATOXICO,INQUEBRAVEL,TAMANHO 4(DET)"
"3289","CANULA PARA ASSISTENCIA RESPIRATORIA CANULA DE GUEDEL,EM"
"3290",""
"3291","PVC,ATOXICO,INQUEBRAVEL,TAMANHO 0 (DET)"
"3292","CANULA PARA ASSISTENCIA RESPIRATORIA CANULA DE GUEDEL,EM"
"3293",""
"3294","PVC,ATOXICO,INQUEBRAVEL,TAMANHO 1 (DET)"
"3295","CANULA PARA ASSISTENCIA RESPIRATORIA CÅNULA DE TRAQUEOSTOMIA (CURTA) EM ACO"
"3296",""
"3297","INOXIDAVEL NC 4"
"3298","CANULA PARA ASSISTENCIA RESPIRATORIA CÅNULA DE TRAQUEOSTOMIA (CURTA) EM ACO"
"3299",""
"3300","INOXIDAVEL NC 5"
"3301","CANULA PARA ASSISTENCIA RESPIRATORIA CÅNULA DE TRAQUEOSTOMIA (CURTA) EM ACO"
"3302",""
"3303","INOXIDAVEL NC 6"
"3304","CANULA PARA ASSISTENCIA RESPIRATORIA CÅNULA DE TRAQUEOSTOMIA (LONGA) EM ACO"
"3305",""
"3306","INOXIDAVEL NC  5"
"3307","CANULA PARA ASSISTENCIA RESPIRATORIA CÅNULA DE TRAQUEOSTOMIA (LONGA) EM ACO"
"3308",""
"3309","INOXIDAVEL NC 4"
"3310","CANULA PARA ASSISTENCIA RESPIRATORIA CÅNULA DE TRAQUEOSTOMIA (LONGA) EM ACO"
"3311",""
"3312","INOXIDAVEL NC 6"
"3313","CANULA PARA ASSISTENCIA RESPIRATORIA CÅNULA DE TRAQUEOSTOMIA (STANDARD) EM ACO"
"3314",""
"3315","INOXIDAVEL NC 4"
"3316","CANULA PARA ASSISTENCIA RESPIRATORIA CÅNULA DE TRAQUEOSTOMIA (STANDARD) EM ACO"
"3317",""
"3318","INOXIDAVEL NC 6"
"3319","CANULA PARA ASSISTENCIA RESPIRATORIA CÅNULA DE TRAQUEOSTOMIA (STANDARDD) EM"
"3320",""
"3321","ACO INOXIDAVEL NC 5"
"3322","CANULA PARA ASSISTENCIA RESPIRATORIA CÅNULA DE TRAQUEOSTOMIA COM BALAO, NC4,0"
"3323","CANULA PARA ASSISTENCIA RESPIRATORIA CANULA DE TRAQUEOSTOMIA COM BALAO, NC4,5"
"3324","CANULA PARA ASSISTENCIA RESPIRATORIA CÅNULA DE TRAQUEOSTOMIA, COM BALAO, NC 10"
"3325","CANULA PARA ASSISTENCIA RESPIRATORIA CÅNULA DE TRAQUEOSTOMIA, COM BALAO, NC 5"
"3326","CANULA PARA ASSISTENCIA RESPIRATORIA CÅNULA DE TRAQUEOSTOMIA, COM BALAO, NC 6"
"3327","CANULA PARA ASSISTENCIA RESPIRATORIA CÅNULA DE TRAQUEOSTOMIA, COM BALAO, NC 7"
"3328","CANULA PARA ASSISTENCIA RESPIRATORIA CÅNULA DE TRAQUEOSTOMIA, COM BALAO, NC 7,5"
"3329","CANULA PARA ASSISTENCIA RESPIRATORIA CÅNULA DE TRAQUEOSTOMIA, COM BALAO, NC 8"
"3330","CANULA PARA ASSISTENCIA RESPIRATORIA CÅNULA DE TRAQUEOSTOMIA, COM BALAO, NC 8,5"
"3331","CANULA PARA ASSISTENCIA RESPIRATORIA CÅNULA DE TRAQUEOSTOMIA, COM BALAO, NC 9"
"3332","CANULA PARA ASSISTENCIA RESPIRATORIA CÅNULA DE TRAQUEOSTOMIA, COM BALAO, NC5,5"
"3333","CANULA PARA ASSISTENCIA RESPIRATORIA CÅNULA DE TRAQUEOSTOMIA, SEM BALAO, NC 3"
"3334","CANULA PARA ASSISTENCIA RESPIRATORIA CÅNULA DE TRAQUEOSTOMIA, SEM BALAO, NC 3,5"
"3335","CANULA PARA ASSISTENCIA RESPIRATORIA CÅNULA DE TRAQUEOSTOMIA, SEM BALAO, NC 4"
"3336","CANULA PARA ASSISTENCIA RESPIRATORIA CÅNULA DE TRAQUEOSTOMIA, SEM BALAO, NC 4,5"
"3337","CANULA PARA ASSISTENCIA RESPIRATORIA CÅNULA DE TRAQUEOSTOMIA, SEM BALAO, NC 5"
"3338","CANULA PARA ASSISTENCIA RESPIRATORIA CÅNULA DE TRAQUEOSTOMIA, SEM BALAO, NC 5,5"
"3339","CANULA PARA ASSISTENCIA RESPIRATORIA CÅNULA ENDOTRAQUEAL  6.0, COM BALAO, PVC,"
"3340",""
"3341","ARAMADA"
"3342","CANULA PARA ASSISTENCIA RESPIRATORIA CÅNULA ENDOTRAQUEAL  6.5, COM BALAO, PVC,"
"3343",""
"3344","ARAMADA"
"3345","CANULA PARA ASSISTENCIA RESPIRATORIA CÅNULA ENDOTRAQUEAL 3.5, COM BALAO, PVC,"
"3346",""
"3347","ARAMADA"
"3348","CANULA PARA ASSISTENCIA RESPIRATORIA CÅNULA ENDOTRAQUEAL 4.0, COM BALAO, PVC,"
"3349",""
"3350","ARAMADA"
"3351","CANULA PARA ASSISTENCIA RESPIRATORIA CÅNULA ENDOTRAQUEAL 4.5, COM BALAO, PVC,"
"3352",""
"3353","ARAMADA"
"3354","CANULA PARA ASSISTENCIA RESPIRATORIA CÅNULA ENDOTRAQUEAL 5.0, COM BALAO, PVC,"
"3355",""
"3356","ARAMADA"
"3357","CANULA PARA ASSISTENCIA RESPIRATORIA CÅNULA ENDOTRAQUEAL 5.5, COM BALAO, PVC,"
"3358",""
"3359","ARAMADA"
"3360","CANULA PARA ASSISTENCIA RESPIRATORIA CANULA ENDOTRAQUEAL COM BALAO,BAIXA"
"3361",""
"3362","PRESSAO, CALIBRE 7(DET)"
"3363","CANULA PARA ASSISTENCIA RESPIRATORIA CANULA ENDOTRAQUEAL COM BALAO,BAIXA"
"3364",""
"3365","PRESSAO,CALIBRE 5.5(DET)"
"3366","CANULA PARA ASSISTENCIA RESPIRATORIA CANULA ENDOTRAQUEAL COM BALAO,BAIXA"
"3367",""
"3368","PRESSAO,CALIBRE 5(DET)"
"3369","CANULA PARA ASSISTENCIA RESPIRATORIA CANULA ENDOTRAQUEAL COM BALAO,BAIXA"
"3370",""
"3371","PRESSAO,CALIBRE 6.5(DET)"
"3372","CANULA PARA ASSISTENCIA RESPIRATORIA CANULA ENDOTRAQUEAL COM BALAO,BAIXA"
"3373",""
"3374","PRESSAO,CALIBRE 6(DET)"
"3375","CANULA PARA ASSISTENCIA RESPIRATORIA CANULA ENDOTRAQUEAL COM BALAO,BAIXA"
"3376",""
"3377","PRESSAO,CALIBRE 7.5(DET)"
"3378","CANULA PARA ASSISTENCIA RESPIRATORIA CANULA ENDOTRAQUEAL COM BALAO,BAIXA"
"3379",""
"3380","PRESSAO,CALIBRE 8 (DET)"
"3381","CANULA PARA ASSISTENCIA RESPIRATORIA CANULA ENDOTRAQUEAL COM BALAO,BAIXA"
"3382",""
"3383","PRESSAO,CALIBRE 8.5(DET)"
"3384","CANULA PARA ASSISTENCIA RESPIRATORIA CANULA ENDOTRAQUEAL COM BALAO,BAIXA"
"3385",""
"3386","PRESSAO,CALIBRE 9 (DET)"
"3387","CANULA PARA ASSISTENCIA RESPIRATORIA CÅNULA ENDOTRAQUEAL DUPLO LÞMEN, TIPO"
"3388",""
"3389","CARLEANS,"
"3390","CANULA PARA ASSISTENCIA RESPIRATORIA CANULA ENDOTRAQUEAL N3 ,0 COM CUFF(D)"
"3391","CANULA PARA ASSISTENCIA RESPIRATORIA CANULA ENDOTRAQUEAL N 3,5 COM CUFF(DET)"
"3392","CANULA PARA ASSISTENCIA RESPIRATORIA CANULA ENDOTRAQUEAL N4 ,0 COM CUFF  (D)"
"3393","CANULA PARA ASSISTENCIA RESPIRATORIA CANULA ENDOTRAQUEAL N 4,5 COM CUFF (DE)"
"3394","CANULA PARA ASSISTENCIA RESPIRATORIA CANULA ENDOTRAQUEAL SEM"
"3395",""
"3396","BALAO,POLIVINIL,CALIBRE 2.0 (DET)"
"3397","CANULA PARA ASSISTENCIA RESPIRATORIA CANULA ENDOTRAQUEAL SEM"
"3398",""
"3399","BALAO,POLIVINIL,CALIBRE 2.5 (DET)"
"3400","CANULA PARA ASSISTENCIA RESPIRATORIA CANULA ENDOTRAQUEAL SEM"
"3401",""
"3402","BALAO,POLIVINIL,CALIBRE 3.5 (DET)"
"3403","CANULA PARA ASSISTENCIA RESPIRATORIA CANULA ENDOTRAQUEAL SEM"
"3404",""
"3405","BALAO,POLIVINIL,CALIBRE 3(DET)"
"3406","CANULA PARA ASSISTENCIA RESPIRATORIA CANULA ENDOTRAQUEAL SEM"
"3407",""
"3408","BALAO,POLIVINIL,CALIBRE 4 (DET.)"
"3409","CANULA PARA ASSISTENCIA RESPIRATORIA CANULA ENDOTRAQUEAL SEM"
"3410",""
"3411","BALAO,POLIVINIL,CALIBRE 4.5(DET.)"
"3412","CANULA PARA ASSISTENCIA RESPIRATORIA CANULA ENDOTRAQUEAL SEM"
"3413",""
"3414","BALAO,POLIVINIL,CALIBRE 5 (DET.)"
"3415","CANULA PARA ASSISTENCIA RESPIRATORIA CANULA ENDOTRAQUEAL SEM"
"3416",""
"3417","BALAO,POLIVINIL,CALIBRE 5.5 (DET.)"
"3418","CANULA PARA ASSISTENCIA RESPIRATORIA CANULA ENDOTRAQUEAL SEM"
"3419",""
"3420","BALAO,POLIVINIL,CALIBRE 6 (DET.)"
"3421","CANULA PARA ASSISTENCIA RESPIRATORIA CANULA ENDOTRAQUEAL SEM"
"3422",""
"3423","BALAO,POLIVINIL,CALIBRE 6.5(DET)"
"3424","CANULA PARA ASSISTENCIA RESPIRATORIA CANULA ENDOTRAQUEAL SEM"
"3425",""
"3426","BALAO,POLIVINIL,CALIBRE 7.0 (DET.)"
"3427","CANULA PARA ASSISTENCIA RESPIRATORIA CANULA ENDOTRAQUEAL SILICONIZADA,CALIBRE"
"3428",""
"3429","30(7.0),(DETALHADA)"
"3430","CANULA PARA ASSISTENCIA RESPIRATORIA CANULA ENDOTRAQUEAL SILICONIZADA,CALIBRE"
"3431",""
"3432","32(7.5),(DET.)"
"3433","CANULA PARA ASSISTENCIA RESPIRATORIA CANULA ENDOTRAQUEAL SILICONIZADA,CALIBRE"
"3434",""
"3435","34(8.0)(DET.)"
"3436","CANULA PARA ASSISTENCIA RESPIRATORIA CANULA NASAL USO UNICO"
"3437",""
"3438","OXIGENOTERAPIA,FLUXO MAXIMO 8 L/MIN"
"3439","CANULA PARA ASSISTENCIA RESPIRATORIA CÅNULA"
"3440",""
"3441","NASAL,OXIGENIOTERAPIA,ADULTO,PRONGA INDEP. FL 60L/MIN"
"3442","CANULA PARA ASSISTENCIA RESPIRATORIA CÅNULA"
"3443",""
"3444","NASAL,OXIGENIOTERAPIA,INFANTIL,PRONGA INDEP.FL20L/MIN"
"3445","CANULA PARA ASSISTENCIA RESPIRATORIA CÅNULA"
"3446",""
"3447","NASAL,OXIGENIOTERAPIA,NEONATAL,PRONGA INDEP. FL8L/MIN"
"3448","CANULA PARA ASSISTENCIA RESPIRATORIA CÅNULA"
"3449",""
"3450","NASAL,OXIGENIOTERAPIA,PEDIATRICO,PRONGA IND.FL25L/MIN"
"3451","CANULA PARA ASSISTENCIA RESPIRATORIA CÅNULA NASOFARINGEA N 2,0MM, EM PVC,"
"3452",""
"3453","SILICONADA"
"3454","CANULA PARA ASSISTENCIA RESPIRATORIA CÅNULA NASOFARINGEA N 2,5MM, EM PVC,"
"3455",""
"3456","SILICONADA"
"3457","CANULA PARA ASSISTENCIA RESPIRATORIA CÅNULA NASOFARINGEA N 3,0MM, EM PVC,"
"3458",""
"3459","SILICONADA"
"3460","CANULA PARA ASSISTENCIA RESPIRATORIA CÅNULA NASOFARINGEA N 3,5MM, EM PVC,"
"3461",""
"3462","SILICONADA"
"3463","CANULA PARA ASSISTENCIA RESPIRATORIA CÅNULA NASOFARINGEA N 4,0MM, EM PVC,"
"3464",""
"3465","SILICONADA"
"3466","CANULA PARA ASSISTENCIA RESPIRATORIA CÅNULA NASOFARINGEA N 4,5MM, EM PVC,"
"3467",""
"3468","SILICONADA"
"3469","CANULA PARA ASSISTENCIA RESPIRATORIA CÅNULA NASOFARINGEA N 5,0MM, EM PVC,"
"3470",""
"3471","SILICONADA"
"3472","CANULA PARA ASSISTENCIA RESPIRATORIA CÅNULA NASOFARINGEA N 5,5MM, EM PVC,"
"3473",""
"3474","SILICONADA"
"3475","CANULA PARA ASSISTENCIA RESPIRATORIA CÅNULA NASOFARINGEA N 6,0MM, EM PVC,"
"3476",""
"3477","SILICONADA"
"3478","CANULA PARA ASSISTENCIA RESPIRATORIA CÅNULA NASOFARINGEA N 6,5MM, EM PVC,"
"3479",""
"3480","SILICONADA"
"3481","CANULA PARA ASSISTENCIA RESPIRATORIA CÅNULA NASOFARINGEA N 7,0MM, EM PVC,"
"3482",""
"3483","SILICONADA"
"3484","CANULA PARA ASSISTENCIA RESPIRATORIA CANULA P/TRAQUEOSTOMIA C/BALAO,CALIBRE 8.0"
"3485",""
"3486","(DETALHADA)"
"3487","CANULA PARA ASSISTENCIA RESPIRATORIA CANULA P/TRAQUEOSTOMIA C/BALAO,CALIBRE 8.5"
"3488",""
"3489","(DETALHADA)"
"3490","CANULA PARA ASSISTENCIA RESPIRATORIA CANULA P/TRAQUEOSTOMIA C/BALAO,CALIBRE 9.0"
"3491",""
"3492","(DETALHADA)"
"3493","CANULA PARA ASSISTENCIA RESPIRATORIA CÅNULA PARA TRAQUEOSTOMIA COM BALAO NC3,5"
"3494","CANULA PARA ASSISTENCIA RESPIRATORIA CANULA RAE NASAL (TUBO ENDOTRAQUEAL"
"3495",""
"3496","PREFORMADO)C/BALAO,6,0"
"3497","CANULA PARA ASSISTENCIA RESPIRATORIA CANULA RAE NASAL (TUBO ENDOTRAQUEAL"
"3498",""
"3499","PREFORMADO)C/BALAO,6,5"
"3500","CANULA PARA ASSISTENCIA RESPIRATORIA CANULA RAE NASAL (TUBO ENDOTRAQUEAL"
"3501",""
"3502","PREFORMADO)C/BALAO,8,0"
"3503","CANULA PARA ASSISTENCIA RESPIRATORIA CÅNULA RAE NASAL C/BALAO(TUBO"
"3504",""
"3505","ENDOTRAQUEAL PREFORMADO)NC7,0"
"3506","CANULA PARA ASSISTENCIA RESPIRATORIA CANULA RAE ORAL (TUBO ENDOTRAQUEAL"
"3507",""
"3508","PREFORMADO)C/BALAO,6,0"
"3509","CANULA PARA ASSISTENCIA RESPIRATORIA CANULA RAE ORAL (TUBO ENDOTRAQUEAL"
"3510",""
"3511","PREFORMADO)C/BALAO,6,5"
"3512","CANULA PARA ASSISTENCIA RESPIRATORIA CANULA RAE ORAL,TUBO ENDOTRAQUEAL POLAR"
"3513",""
"3514","PREFORMADO N.7,0"
"3515","CANULA PARA ASSISTENCIA RESPIRATORIA CANULA RAE ORAL,TUBO ENDOTRAQUEAL POLAR"
"3516",""
"3517","PREFORMADO N.7,5(D)"
"3518","CANULA PARA ASSISTENCIA RESPIRATORIA GUIA DE INTUBAÇÃO NAO VENTILADO (MODELO"
"3519",""
"3520","BOUGIE), NEONATAL"
"3521","CANULA PARA ASSISTENCIA RESPIRATORIA GUIA DE INTUBAÇÃO NAO VENTILADO (MODELO"
"3522",""
"3523","BOUGIE),ADULTO,15 FR"
"3524","CANULA PARA ASSISTENCIA RESPIRATORIA GUIA DE INTUBAÇÃO VENTILADO (MODELO"
"3525",""
"3526","BOUGIE), ADULTO, 15 FR"
"3527","CANULA PARA ASSISTENCIA RESPIRATORIA MASCARA PARA TRAQUEOSTOMIA INFANTIL"
"3528","CANULA PARA ASSISTENCIA RESPIRATORIA MASCARA TRANSPARENTE,ALCOCHOADA"
"3529",""
"3530","INTERNAMENTE,P/TRAQUEOSTOMIA"
"3531","CANULA PARA ASSISTENCIA RESPIRATORIA TUBO ENDOTRAQUEAL BRONCHO-CATH"
"3532",""
"3533","MODIFICADO N.37(D)"
"3534","CANULA PARA ASSISTENCIA RESPIRATORIA TUBO ENDOTRAQUEAL BRONCHO-CATH"
"3535",""
"3536","MODIFICADO,N.39(D)"
"3537","CANULA PARA ASSISTENCIA RESPIRATORIA TUBO ENDOTRAQUEAL BRONCHO-CATH"
"3538",""
"3539","MODIFICADO,N.41(D)"
"3540","CANULA PARA ASSISTENCIA RESPIRATORIA TUBO ENDOTRAQUEAL COM SISTEMA DE"
"3541",""
"3542","ASPIRACAO SUB-GLOTICA N8"
"3543","CANULA PARA ASSISTENCIA RESPIRATORIA TUBO ENDOTRAQUEAL COM SISTEMA DE"
"3544",""
"3545","ASPIRACAO SUB-GLOTICA N 8,5"
"3546","CANULA PARA CIRCULACAO EXTRACORPOREA CANULA AORTICA EM VINIL C/ LUMEM SIMPLES"
"3547",""
"3548","N.22 (DET)"
"3549","CANULA PARA CIRCULACAO EXTRACORPOREA CANULA ARTERIAL-POLIURETANO"
"3550",""
"3551","ARAM.C/CONC.T 3/8 18FR"
"3552","CANULA PARA CIRCULACAO EXTRACORPOREA CANULA ARTERIAL-POLIURETANO"
"3553",""
"3554","ARAM.C/CONC.T 3/8 20FR"
"3555","CANULA PARA CIRCULACAO EXTRACORPOREA CANULA DE CARDIOPLEGIA EM VINIL, RETA,"
"3556",""
"3557","CALIBRE 7FR (DET)"
"3558","CANULA PARA CIRCULACAO EXTRACORPOREA CÅNULA DE VENT EM SILICONE COM PONTA"
"3559",""
"3560","ARAMADA"
"3561","CANULA PARA CIRCULACAO EXTRACORPOREA CANULA FEMORAL VENOSA RETA-POLIURETANO"
"3562",""
"3563","ARAM./CON.1/2 36-46FR"
"3564","CANULA PARA CIRCULACAO EXTRACORPOREA CANULA FEMORAL VENOSA-POLIURETANO"
"3565",""
"3566","ARAM. C/CONC.3/8 24FR"
"3567","CANULA PARA CIRCULACAO EXTRACORPOREA CANULA FEMORAL VENOSA-POLIURETANO"
"3568",""
"3569","ARAMADA C/CONCT. 3/8 28FR"
"3570","CANULA PARA CIRCULACAO EXTRACORPOREA CANULA P/CIRCULACAO EXTRACORPOREA, TAM."
"3571",""
"3572","20 FR., EM VINIL"
"3573","CANULA PARA CIRCULACAO EXTRACORPOREA CANULA P/CIRCULACAO EXTRACORPOREA,TAM."
"3574",""
"3575","22 FR., EM VINIL"
"3576","CANULA PARA CIRCULACAO EXTRACORPOREA CANULA PERFUSAO OSTIO CORONARIA,"
"3577",""
"3578","P.BISELADA,10FR, BOLBO 17FR"
"3579","CANULA PARA CIRCULACAO EXTRACORPOREA CANULA PERFUSAO OSTIO CORONARIA,"
"3580",""
"3581","P.BISELADA,10FR, BOLBO 20FR"
"3582","CANULA PARA CIRCULACAO EXTRACORPOREA CANULA PONTEIRA VEIA VESSESL"
"3583",""
"3584","C/PON.CHANFRADA-BEVELD TIP,2,5"""
"3585","CANULA PARA CIRCULACAO EXTRACORPOREA CÅNULA VENOSA EM VINIL BIOCOMPATIVEL,"
"3586",""
"3587","ARAMADA NC 36, RETA"
"3588","CANULA PARA CIRCULACAO EXTRACORPOREA CANULA VENOSA EM VINIL BIOCOMPATIVEL,"
"3589",""
"3590","ARAMADA NUMERO 30"
"3591","CANULA PARA CIRCULACAO EXTRACORPOREA CANULA VENOSA EM VINIL BIOCOMPATIVEL,"
"3592",""
"3593","ARAMADA NUMERO 32"
"3594","CANULA PARA CIRCULACAO EXTRACORPOREA CÅNULA VENOSA EM VINIL BIOCOMPATIVEL,"
"3595",""
"3596","ARAMADA NUMERO 34"
"3597","CANULA PARA CIRCULACAO EXTRACORPOREA CÅNULA VENOSA EM VINIL"
"3598",""
"3599","BIOCOMPATIVEL,ARAMADA N3 6,CURVA 90"
"3600","CANULA PARA CIRCULACAO EXTRACORPOREA CÅNULA VENOSA EM VINIL"
"3601",""
"3602","BIOCOMPATIVEL,ARAMADA NC34,CURVA 90"
"3603","CAPA DE CABO DE OPTICA CAPA DE CABO OPTICO, ESTERIL, DESCARTAVEL"
"3604","CAPA PARA MICROSCOPIO CAPA PARA MICROSCOPIO PLASTICA, ESTERIL"
"3605","CATETER ANGIOGRAFICO (TABELA SUS) CATETER ANGIOG.PIGTAIL CENTIMETRADO 20 BANDAS"
"3606",""
"3607","COM 100CM"
"3608","CATETER ANGIOGRAFICO (TABELA SUS) CATETER ANGIOGRAFICO PIGTAIL 4F 65 E 80CM"
"3609","CATETER ANGIOGRAFICO (TABELA SUS) CATETER ANGIOGRAFICO PIGTAIL 4F COM 110CM"
"3610","CATETER ANGIOGRAFICO (TABELA SUS) CATETER ANGIOGRAFICO PIGTAIL 5F COM 110CM"
"3611","CATETER ANGIOGRAFICO (TABELA SUS) CATETER ANGIOGRAFICO PIGTAIL 6F COM 110CM"
"3612","CATETER ANGIOGRAFICO CATETER ANGIOGRAFICO AL1 5F COM 100CM"
"3613","CATETER ANGIOGRAFICO CATETER ANGIOGRAFICO AL1 6F COM 100CM"
"3614","CATETER ANGIOGRAFICO CATETER ANGIOGRAFICO AL2 5F COM 100CM"
"3615","CATETER ANGIOGRAFICO CATETER ANGIOGRAFICO AL2 6F COM 100CM"
"3616","CATETER ANGIOGRAFICO CATETER ANGIOGRAFICO AL3 5F COM 100CM"
"3617","CATETER ANGIOGRAFICO CATETER ANGIOGRAFICO AR1 5F COM 100CM"
"3618","CATETER ANGIOGRAFICO CATETER ANGIOGRAFICO AR1 6F COM 100CM"
"3619","CATETER ANGIOGRAFICO CATETER ANGIOGRAFICO AR2 5F COM 100CM"
"3620","CATETER ANGIOGRAFICO CATETER ANGIOGRAFICO AR2 6F COM 100CM"
"3621","CATETER ANGIOGRAFICO CATETER ANGIOGRAFICO AR3 5F COM 100CM"
"3622","CATETER ANGIOGRAFICO CATETER ANGIOGRAFICO AR3 6F COM 100CM"
"3623","CATETER ANGIOGRAFICO CATETER ANGIOGRAFICO IMA 5F COM 100CM"
"3624","CATETER ANGIOGRAFICO CATETER ANGIOGRAFICO IMA 6F COM 100CM"
"3625","CATETER ANGIOGRAFICO CATETER ANGIOGRAFICO JL 3,5 4F COM 100CM"
"3626","CATETER ANGIOGRAFICO CATETER ANGIOGRAFICO JL 3,5 5F COM 100CM"
"3627","CATETER ANGIOGRAFICO CATETER ANGIOGRAFICO JL 3,5 6F COM 100CM"
"3628","CATETER ANGIOGRAFICO CATETER ANGIOGRAFICO JL 4,0 4F COM 100CM"
"3629","CATETER ANGIOGRAFICO CATETER ANGIOGRAFICO JL 4,0 5F COM 100CM"
"3630","CATETER ANGIOGRAFICO CATETER ANGIOGRAFICO JL 4.0 6F COM 100CM"
"3631","CATETER ANGIOGRAFICO CATETER ANGIOGRAFICO JL 4.5 5F COM 100 CM"
"3632","CATETER ANGIOGRAFICO CATETER ANGIOGRAFICO JL 4.5 6F COM 100CM"
"3633","CATETER ANGIOGRAFICO CATETER ANGIOGRAFICO JL 5.0 5F COM 100CM"
"3634","CATETER ANGIOGRAFICO CATETER ANGIOGRAFICO JL 5.0 6F COM 100CM"
"3635","CATETER ANGIOGRAFICO CATETER ANGIOGRAFICO JL 6.0 6F COM 100CM"
"3636","CATETER ANGIOGRAFICO CATETER ANGIOGRAFICO JR 3.5 5F COM 100CM"
"3637","CATETER ANGIOGRAFICO CATETER ANGIOGRAFICO JR 3.5 6F COM 100 CM"
"3638","CATETER ANGIOGRAFICO CATETER ANGIOGRAFICO JR 4.0 5F COM 100CM"
"3639","CATETER ANGIOGRAFICO CATETER ANGIOGRAFICO JR 4.0 6F COM 100CM"
"3640","CATETER ANGIOGRAFICO CATETER ANGIOGRAFICO MPA1 5F COM 100CM"
"3641","CATETER ANGIOGRAFICO CATETER ANGIOGRAFICO MPA1 6F COM 100CM"
"3642","CATETER ANGIOGRAFICO CATETER ANGIOGRAFICO MPA2 6F COM 100CM"
"3643","CATETER ANGIOGRAFICO CATETER ANGIOGRÇFICO JR 4.0, 4F COM 100CM DE COMPRIMENTO"
"3644","CATETER ANGIOGRAFICO CURVA TIPO BERESTEIN CATETER ANGIOGRAFICO CURVA TIPO"
"3645",""
"3646","BERESTEIN 5F COM 100CM"
"3647","CATETER ANGIOGRAFICO CURVA TIPO HEAD HUNTER CATETER ANGIOGRAFICO CURVA TIPO"
"3648",""
"3649","HEAD HUNTER 1 5F COM 100CM"
"3650","CATETER ANGIOGRAFICO CURVA TIPO HEAD HUNTER CATETER ANGIOGRAFICO CURVA TIPO"
"3651",""
"3652","HEAD HUNTER 3 5F COM 100CM"
"3653","CATETER ANGIOGRAFICO CURVA TIPO NIH CATETER ANGIOGRAFICO CURVA TIPO NIH, DIAM. 5F"
"3654",""
"3655","COMP. 80CM"
"3656","CATETER ANGIOGRAFICO TIPO LEHMAN CATETER ANGIOGRAFICO TIPO LEHMAN 5F COM 80CM"
"3657","CATETER ANGIOGRAFICO TIPO LEHMAN CATETER ANGIOGRAFICO TIPO LEHMAN 6F COM 100CM"
"3658","CATETER ANGIOGRAFICO TIPO LEHMAN CATETER ANGIOGRAFICO TIPO LEHMAN 7F COM 100CM"
"3659","CATETER CATETER TRIPLO LUMEM (ALTO FLUXO) P/HEMODIALISE 15,5F X 20CM"
"3660","CATETER CATETER TRIPLO LUMEM(ALTO FLUXO) P/ HEMODIALISE 15,5 F X15CM"
"3661","CATETER DIAGNOSTICO TIPO COBRA CATERTER DIAGNOSTICO TIPO COBRA 2 5F COM 65CM"
"3662","CATETER DIAGNOSTICO TIPO COBRA CATETER DIAGNOSTICO TIPO COBRA 1 5F COM 65CM"
"3663","CATETER DIAGNOSTICO TIPO COBRA CATETER DIAGNOSTICO TIPO COBRA 3 5F COM 65CM"
"3664","CATETER DIAGNOSTICO TIPO HOOK CATETER DIAGNOSTICO TIPO HOOK 1 5F COM 65CM"
"3665","CATETER DIAGNOSTICO TIPO JB CATETER DIAGNOSTICO TIPO JB 1 E JB 2, 5F 100 CM"
"3666","CATETER DIAGNOSTICO TIPO MIKAELSSON CATETER DIAGNOSTICO TIPO MIKAELSSON 5"
"3667",""
"3668","FRENCH COM 80CM"
"3669","CATETER DIAGNOSTICO TIPO MP CATETER DIAGNOSTICO TIPO MP 4F COM 100CM"
"3670","CATETER DIAGNOSTICO TIPO RENAL CATETER DIAGNOSTICO RENAL 5 FRENCH COM 65CM"
"3671","CATETER DIAGNOSTICO TIPO SIMMONS CATETER DIAGNOSTICO TIPO SIMMONS 1 5F COM"
"3672",""
"3673","100CM"
"3674","CATETER DIAGNOSTICO TIPO SIMMONS CATETER DIAGNOSTICO TIPO SIMMONS 2 5F COM"
"3675",""
"3676","100CM"
"3677","CATETER DIAGNOSTICO TIPO SIMMONS CATETER DIAGNOSTICO TIPO SIMMONS 3 5F COM"
"3678",""
"3679","100CM"
"3680","CATETER DIAGNOSTICO TIPO VERTEBRAL CATETER DIAGNOSTICO TIPO VERTEBRAL 4F COM"
"3681",""
"3682","100CM"
"3683","CATETER DIAGNOSTICO TIPO VERTEBRAL CATETER DIAGNOSTICO TIPO VERTEBRAL 5F COM"
"3684",""
"3685","100CM"
"3686","CATETER DIAGNOSTICO TIPO VERTEBRAL CATETER DIAGNOSTICO TIPO VERTEBRAL 5F ENTRE"
"3687",""
"3688","100 E 140CM"
"3689","CATETER GUIA CATETER GUIA 6 A 8F (0702010049)"
"3690","CATETER GUIA CATÓTER BALAO INTRA-AORTICO DE 7,5 F E BALAO DE 40CC"
"3691","CATETER TIPO SNARE CATETER TIPO SNARE PARA CAPTURA DE 120CM"
"3692","CATETERES DIVERSOS CATETER ABLAÇÃO.IRRIGAÇÃO ABERTA.QUADRIP.PONTA 3,5 - 5MM, 7F"
"3693","CATETERES DIVERSOS CATETER CENTRAL DE INS. PERIF.C/ 3.0 FR. 01 LUMEM"
"3694","CATETERES DIVERSOS CATETER CENTRAL DE INSERCAO C/4.0 FR. 60CM DE COMP."
"3695","CATETERES DIVERSOS CATETER CENTRAL DE INSERCAO PICC 2,0 FR (23G /0,30MM)"
"3696","CATETERES DIVERSOS CATETER CIRCULAR DE 6F OU 7F"
"3697","CATETERES DIVERSOS CATETER DE EXTRACAO DE TROMBOS E EMBOLOS 6F DE 145CM (DET)"
"3698","CATETERES DIVERSOS CATETER DE MONITORAÇÃO CONTINUA DA SATURAÇÃO."
"3699","CATETERES DIVERSOS CATETER DE POLIURETANO ESTÓRIL,HIDROFILICO LUBRIFICADO 14"
"3700","CATETERES DIVERSOS CATETER DECAPOLAR P/DIAG, DEFLECTIVEL,6F,COMP.110 A 120CM"
"3701","CATETERES DIVERSOS CATETER DECAPOLAR P/DIAG.,FLEXIVEL,6F,COMP.110 A 120CM"
"3702","CATETERES DIVERSOS CATETER DUODECAPOLAR PARA DIAGNOSTICO, DEFLECTIVEL, 6F OU 7F"
"3703","CATETERES DIVERSOS CATETER EM POLIURETANO/SILICONE, 6 A 6,6FR/PEDIÇTRICO"
"3704","CATETERES DIVERSOS CATETER EM POLIURETANO/TITÄNIO - 9 A 9,6FR - 30 A 60CM"
"3705","CATETERES DIVERSOS CATETER EM PVC,CAL.16 X 14G,20 A 23CM PROTEGIDO C/BAINHA"
"3706","CATETERES DIVERSOS CATETER EPIDURAL,CAL.18G,FLEX.RADIOPACO, LUER LOCK,DESCART"
"3707","CATETERES DIVERSOS CATETER INTRAVENOSO DESCARTAVEL"
"3708","CATETERES DIVERSOS CATETER NASAL PARA OXIGENOTERAPIA, EM SILICONE, NEONATAL"
"3709","CATETERES DIVERSOS CATETER PARA OXIGENIO,EM POLIMERO PLAST. PEDIATRICO(DET.)"
"3710","CATETERES DIVERSOS CATETER PARA OXIGENIO,EM POLIMERO PLAST.CALIBRE 10 (DET.)"
"3711","CATETERES DIVERSOS CATETER PARA OXIGENIO,EM POLIMERO PLAST.CALIBRE 12 ( DET.)"
"3712","CATETERES DIVERSOS CATETER PARA OXIGENIO,EM POLIMERO PLAST.CALIBRE 6(DETALHADA)"
"3713","CATETERES DIVERSOS CATETER PARA OXIGENIO,EM POLIMERO PLAST.CALIBRE 8(DETALHADA)"
"3714","CATETERES DIVERSOS CATETER PARA OXIGENIO,EM POLIMERO PLASTICO ADULTO  (DET.)"
"3715","CATETERES DIVERSOS CATETER PARA PUNCAO ARTERIAL, COM FIO GUIA, PARA (DETALHADA)"
"3716","CATETERES DIVERSOS CATETER PERIFERICO C/DISPOSITIVO DE PROTECAO CAL.18(DET)"
"3717","CATETERES DIVERSOS CATETER PERIFERICO C/DISPOSITIVO DE PROTECAO CAL.20(DET)"
"3718","CATETERES DIVERSOS CATETER PERIFERICO C/DISPOSITIVO DE PROTECAO CAL.22(DET)"
"3719","CATETERES DIVERSOS CATETER PERIFERICO C/DISPOSITIVO DE PROTECAO CAL.24(DET)"
"3720","CATETERES DIVERSOS CATETER PERIFERICO COM DISPOSITIVO DE PROTECAO CAL.14(DET)"
"3721","CATETERES DIVERSOS CATETER PERIFÔRICO, CALIBRE 16G X 2"" (1,7 X 50MM), 210ML/MIN"
"3722","CATETERES DIVERSOS CATETER POLIURETANO ESTÔRIL,HIDROFILICO LUBRIFICADO 12 FEMIN"
"3723","CATETERES DIVERSOS CATETER POLIURETANO ESTÓRIL,HIDROFILICO LUBRIFICADO 12 MASCU"
"3724","CATETERES DIVERSOS CATETER POLIURETANO,ESTÔRIL.HIDROFILICO LUBRIFICADO 10 FEMIN"
"3725","CATETERES DIVERSOS CATETER POLIURETANO,ESTÓRIL.HIDROFILICO LUBRIFICADO 10 MASCU"
"3726","CATETERES DIVERSOS CATETER QUADRIP.7F AB.CIRC.ARRIT.110-115CM,ELET8.MM"
"3727","CATETERES DIVERSOS CATETER QUADRIP.7F.ABLAÇÃO CIRC.ARRIT.110-115CM.4MM"
"3728","CATETERES DIVERSOS CATETER QUADRIP.7F.ABLAÇÃO CIRC.ARRIT.17/25MM.110-115CM.4MM"
"3729","CATETERES DIVERSOS CATETER QUADRIPOLAR P/DIAG.,DEFLECTIVEL,6F,COMP.110 OU 120CM"
"3730","CATETERES DIVERSOS CATETER QUADRIPOLAR P/DIAG.,FLEXIVEL,6F,COMP.110 OU 120CM"
"3731","CATETERES DIVERSOS CATETER TOTALMENTE IMPLANTAVEL,EM POLIURETANO,ADULTO,"
"3732",""
"3733","(DET.)"
"3734","CATETERES DIVERSOS CATETER TOTALMENTE IMPLANTAVEL,POLIURETANO/SILICONE 7"
"3735",""
"3736","A7,5FR"
"3737","CATETERES DIVERSOS CATETER UMBILICAL N.4,0,P/CATETERIZACAO DE VASOS UMBILICAIS"
"3738","CATETERES DIVERSOS CATETER UMBILICAL N.5,0,P/CATETERIZACAO DE VASOS UMBILICAIS"
"3739","CATETERES DIVERSOS CATETER UMBILICAL NEONATAL NC 3,5 FR, ESTÔRIL, DESCARTAVEL"
"3740","CATETERES DIVERSOS CATETER URETERAL DUPLO J, 4,7FR X 26M, HIDROFILICO."
"3741","CATETERES DIVERSOS CATETER URETERAL DUPLO J, 6.0FR X 26 CM HIDROFILICO"
"3742","CATETERES DIVERSOS CATETER URETERAL DUPLO J,6.0 FR X 24 CM, HIDROFILICO"
"3743","CATETERES DIVERSOS CATETER URETERAL DUPLO J,6.0 FR X 28 CM HIDROFILICO."
"3744","CATETERES DIVERSOS CATETER VENOSO CENTRAL DE INSERCAO PER.DUPLO LUMEN, 2FR(DET)"
"3745","CATETERES DIVERSOS CATETER VENOSO CENTRAL DE INSERSAO PERIFÓRICA (PICC)C/1,9FR"
"3746","CATETERES DIVERSOS CATETER VENOSO CENTRAL DUPLO-LUMEN, CALIBRE 5 FR (DET)"
"3747","CATETERES DIVERSOS CATETER VENOSO CENTRAL DUPLO-LUMEN, CALIBRE 5,1 A 5,5 FR"
"3748","CATETERES DIVERSOS CATETER VENOSO CENTRAL DUPLO-LUMEN,CALIBRE 4 FR (DET)"
"3749","CATETERES DIVERSOS CATETER VENOSO CENTRAL PERIFÓRICO(PICC) DUPLO LUMEM 4FR"
"3750","CATETERES DIVERSOS CATETER VENOSO CENTRAL TRI-LUMEN,CALIBRE 5FR(DETALHADA)"
"3751","CATETERES DIVERSOS CATETERES DE DRENAGEM GERAL NEOSOFT (DETALHADA)"
"3752","CATETERES DIVERSOS DISPOSITIVO CURTO DE TEFLON P/INFUSAO,CALIBRE 14(D)"
"3753","CATETERES DIVERSOS DISPOSITIVO CURTO DE TEFLON P/INFUSAO,CALIBRE 18(D)"
"3754","CATETERES DIVERSOS DISPOSITIVO CURTO P/INFUSAO MEDIA,CALIBRE 24G - 0,56 (D)"
"3755","CATETERES DIVERSOS DISPOSITIVO P/INFUSAO DE MED.E SOL.C/CONECTOR LUER E 3 VIAS"
"3756","CATETERES DIVERSOS DISPOSITIVO P/PUNCA VENOSA,CALIBRE 19,CURTA  (D)"
"3757","CATETERES DIVERSOS DISPOSITIVO P/PUNCA VENOSA,CALIBRE 23,CURTA(D)"
"3758","CATETERES DIVERSOS DISPOSITIVO P/VEDACAO DE CONEXAO DUAS PARENTERAL (D)"
"3759","CATETERES DIVERSOS DISPOSITIVO P/VEDACAO DE EQUIPOS.DE INFUSAO CATETERES(D)"
"3760","CATETERES DIVERSOS DISPOSITIVO PARA PUNCAO VENOSA,CALIBRE 21 CURTA (D)"
"3761","CATETERES DIVERSOS DISPOSITIVO PARA PUNCAO VENOSA,CALIBRE 25,CURTA(D)"
"3762","CATETERES DIVERSOS DISPOSITIVO PARA PUNCAO VENOSA,CALIBRE 27,CURTA(D)"
"3763","CATETERES DIVERSOS KIT C/ CATETER/ACESSO VENOSO/7FR/21 A 30CM"
"3764","CATETERES DIVERSOS KIT CATÔTER SEMI-IMPLANTAVEL P/HEMODIALISE, 13,5 FR X 36 CM"
"3765","CATETERES DIVERSOS KIT CATÔTER SEMI-IMPLANTAVEL P/HEMODIALISE, 13,5 FR X 40 CM"
"3766","CATETERES DIVERSOS KIT CATÔTER SEMI-IMPLANTAVEL P/HEMODIALISE, 13,5 FR X 45 CM"
"3767","CATETERES DIVERSOS KIT COM CATETER PARA ACESSO VENOSO CENTRAL TRI-LUMEN, 7FR"
"3768","CATETERES DIVERSOS KIT DE CATETER PARA ANESTESIA CONTINUA DE PLEXOS(D)"
"3769","CATETERES DIVERSOS KIT DE MONITORACAO DE PRESSAO INVASIVA(D)"
"3770","CATETERES DIVERSOS KIT PARA ANESTESIA PERIDURAL CONTINUA N. 16 (D)"
"3771","CATETERES DIVERSOS KIT SENSOR PARA MEDIDA CONTINUA DE DEBITO CARDIACO(D)"
"3772","CATETERES FORA TABELA SUS CATETER DE ECOCARDIOGRAFIA INTRACARDIACO"
"3773","CATETERES FORA TABELA SUS CATETER DIAGNOSTICO MULTIPOLAR PARA ESTUDO"
"3774",""
"3775","ELETROFISIOLOGICO"
"3776","CATETERES FORA TABELA SUS CATETER TERAPEUTICO BIDIRECIONAL, MAPEAMENTO"
"3777",""
"3778","ELETROANATOMICO"
"3779","CIRURGIA DE RETINA E VITRECTOMIA BISTURI  15 GRAUS"
"3780","CIRURGIA DE RETINA E VITRECTOMIA BISTURI DE 2,40MM"
"3781","CIRURGIA DE RETINA E VITRECTOMIA CAMPO CIRURGICO COM BAG DESC."
"3782","CIRURGIA DE RETINA E VITRECTOMIA LENTE INTRAOCULAR FLEX÷VEL DOBRAVEL 12,5 A 13MM"
"3783","CIRURGIA DE RETINA E VITRECTOMIA LENTE INTRAOCULAR FLEX÷VEL DOBRAVEL 5,5MM A"
"3784",""
"3785","6,0MM"
"3786","CIRURGIA DE RETINA E VITRECTOMIA LENTE INTRAOCULAR PMMA"
"3787","CIRURGIA DE RETINA E VITRECTOMIA LENTE P/ CIRURGIA VITREO-RETINIANA DE"
"3788",""
"3789","VISUALIZAÇÃO INDIRETA"
"3790","CIRURGIA DE RETINA E VITRECTOMIA MICROFORCEPS RETO 25 G, DESCARTAVEL PARA USO EM"
"3791",""
"3792","VITRECTOMIA"
"3793","CIRURGIA DE RETINA E VITRECTOMIA MICROFORCEPS RETO 27G"
"3794","CIRURGIA DE RETINA E VITRECTOMIA MICROTESOURA 23G"
"3795","CIRURGIA DE RETINA E VITRECTOMIA MICROTESOURA 27G"
"3796","CIRURGIA DE RETINA E VITRECTOMIA PNEU DE SILICONE PARA CIRURGIA DE RETINA 276"
"3797","COLCHAO MEDICINAL COLCHAO PNEUMATICO,ANTI-ESCARAS,COMPOSTO DE CAMARAS DE AR"
"3798","COLETOR EM PAPELAO COLETOR PERFUROCORTANTE"
"3799","COMPONENTE ESPEC÷FICO PARA CIRURGIA DE ORTESE E PROTESE CLIPADOR ENDOSCOPICO"
"3800",""
"3801","DESCARTAVEL"
"3802","COMPONENTE ESPEC÷FICO PARA CIRURGIA DE ORTESE E PROTESE COMPONENTE ACETABULAR"
"3803",""
"3804","(METAL BACK) PARA INSERT, EM TITANIO"
"3805","COMPONENTE ESPEC÷FICO PARA CIRURGIA DE ORTESE E PROTESE COMPONENTE ACETABULAR"
"3806",""
"3807","DE POLIETILENO METAL BACK: 22,28,32"
"3808","COMPONENTE ESPEC÷FICO PARA CIRURGIA DE ORTESE E PROTESE COMPONENTE ACETABULAR"
"3809",""
"3810","METALICO MULTIFUROS,INSERT POLIETILENO"
"3811","COMPONENTE ESPEC÷FICO PARA CIRURGIA DE ORTESE E PROTESE COMPONENTE ACETABULAR"
"3812",""
"3813","METALICO P/ INSERT DE POLIETILENO"
"3814","COMPONENTE ESPEC÷FICO PARA CIRURGIA DE ORTESE E PROTESE COMPONENTE ACETABULAR"
"3815",""
"3816","METALICO P/ INSERT DE POLIETILENO"
"3817","COMPONENTE ESPEC÷FICO PARA CIRURGIA DE ORTESE E PROTESE COMPONENTE ACETABULAR"
"3818",""
"3819","POLIETILENO NAO CIMENTADO-CROSS LINKED"
"3820","COMPONENTE ESPEC÷FICO PARA CIRURGIA DE ORTESE E PROTESE COMPONENTE FEMORAL EM"
"3821",""
"3822","CROMO-COBALTO-MOLIBDENIO + FEMORAL"
"3823","COMPONENTE ESPEC÷FICO PARA CIRURGIA DE ORTESE E PROTESE COMPONENTE FEMORAL"
"3824",""
"3825","FABRICADO EM CROMO-COBALTO-MOLIBDENIO"
"3826","COMPONENTE ESPEC÷FICO PARA CIRURGIA DE ORTESE E PROTESE COMPONENTE FEMORAL"
"3827",""
"3828","NAO CIMENTADO,PLASMA PORUS/HIDROXIAPATITA"
"3829","COMPONENTE ESPEC÷FICO PARA CIRURGIA DE ORTESE E PROTESE COMPONENTE FEMORAL"
"3830",""
"3831","PRIMARIO CIMENTADO"
"3832","COMPONENTE ESPEC÷FICO PARA CIRURGIA DE ORTESE E PROTESE COMPONENTE FEMORAL"
"3833",""
"3834","PRIMÇRIO SEM BLOQUEIO"
"3835","COMPONENTE ESPEC÷FICO PARA CIRURGIA DE ORTESE E PROTESE COMPONENTE PATELAR"
"3836",""
"3837","CIMENTADO. SUS 0702030201."
"3838","COMPONENTE ESPEC÷FICO PARA CIRURGIA DE ORTESE E PROTESE COMPONENTE TIBIAL DE"
"3839",""
"3840","REVISAO, DE POLIETILENO.SUS 0702030252"
"3841","COMPONENTE ESPEC÷FICO PARA CIRURGIA DE ORTESE E PROTESE COMPONENTE TIBIAL"
"3842",""
"3843","FABRICADO EM CROMO-COBALTO-MOLIBDENO"
"3844","COMPONENTE ESPEC÷FICO PARA CIRURGIA DE ORTESE E PROTESE COMPONENTE TIBIAL"
"3845",""
"3846","METALICO CIMENTADO. SUS 0702030287"
"3847","COMPONENTE ESPEC÷FICO PARA CIRURGIA DE ORTESE E PROTESE COMPONENTE TIBIAL"
"3848",""
"3849","METÇLICO EM CROMO-COBALTO-MOLIBDENIO JOELH"
"3850","COMPONENTE ESPEC÷FICO PARA CIRURGIA DE ORTESE E PROTESE COMPONENTE TIBIAL"
"3851",""
"3852","PRIMARIO POLIETILENO. SUS 0702030279"
"3853","COMPONENTE ESPEC÷FICO PARA CIRURGIA DE ORTESE E PROTESE INSERT EM POLIETILENO"
"3854",""
"3855","(LINER)"
"3856","COMPRESSAS COMPRESSA CIRÞRGICA 23 X 25 CM"
"3857","COMPRESSAS COMPRESSA DE GAZE 100% ALGODAO.13 FIOS. 10X15CM"
"3858","COMPRESSAS COMPRESSA DE GAZE HIDROFILA 100% ALGODAO, 7,5 X 7,5 (DET)"
"3859","COMPRESSAS COMPRESSA DE GAZE TIPO QUEIJO 100% DE ALGODAO"
"3860","COMPRESSAS COMPRESSA GAZE HIDROFILA, MED. 7,5 CM X 7,5 CM, 500 UNID.(D)"
"3861","COMPRESSAS COMPRESSAS CIRÞRGICAS,CAMPO OPERATORIO,NAO ESTERIL 45X50CM"
"3862","COMPRESSAS COMPRESSAS DE GAZE ALGODONADA, CHUMACO, MED. 10X15CM (DET)"
"3863","COMPRESSAS COMPRESSAS DE ROLO DE GAZE TIPO QUEIJO MED.91 X 91(D)"
"3864","COMPRESSAS COMPRESSAS NEURO CIRURGICA,C/FILAMENTO,MED.76MMX25MM(D)"
"3865","COMPRESSAS GAZE ESTÔRIL, TIPO BOLINHA, NC 0, COM FIO RADIOPACO"
"3866","CONECTOR PARA USO EM CIRURGIA DE ORTESE E PROTESE BARRA DE CONEXAO LATERAL - USO"
"3867",""
"3868","EXCLUSIVO DO HIJG"
"3869","CONECTOR PARA USO EM CIRURGIA DE ORTESE E PROTESE CONECTOR BARRA JUNCAO CERVICO"
"3870",""
"3871","TORAXICA"
"3872","CONECTOR PARA USO EM CIRURGIA DE ORTESE E PROTESE CONECTOR LATERO-"
"3873",""
"3874","LATERAL(DOMINO)"
"3875","CONECTOR PARA USO EM CIRURGIA DE ORTESE E PROTESE CONECTOR LONGITUDINAL PARA"
"3876",""
"3877","HASTES"
"3878","CONECTOR PARA USO EM CIRURGIA DE ORTESE E PROTESE SISTEMA DE CONECTOR"
"3879",""
"3880","TRANSVERSO, DUAS HASTES LONGITUDINAIS"
"3881","CONJUNTO (CORONARIA/CONSIGNADOS E CONVENIOS) CONJUNTO SIST.DE PROTECAO"
"3882",""
"3883","CEREBRAL P/PROTESE INTRAL.CART.(D)"
"3884","CONJUNTO (CORONARIA/CONSIGNADOS E CONVENIOS) FILTRO DE CAROTIDA - ALCANCE DE"
"3885",""
"3886","ATÓ 13MM"
"3887","CONJUNTO (CORONARIA/CONSIGNADOS E CONVENIOS) FILTRO DE CAROTIDA - VASOS C/ 3 A"
"3888",""
"3889","6MM"
"3890","CURATIVOS PRONTOS DE USO DE ENFERMARIA E CIRURGIA BANDAGEM ELASTICA PARA BOTA"
"3891",""
"3892","DE UNNA -TAMANHO 10,2CM X 9,4M"
"3893","CURATIVOS PRONTOS DE USO DE ENFERMARIA E CIRURGIA COBERT.CURATIVO HIDROCELULAR,"
"3894",""
"3895","MED. EXT 8 A 10CM (DET)"
"3896","CURATIVOS PRONTOS DE USO DE ENFERMARIA E CIRURGIA COBERT.P/FIXACAO DE CATET.I.V"
"3897",""
"3898","MED.EXT.8 A 10L X 12 A 14CP(D)"
"3899","CURATIVOS PRONTOS DE USO DE ENFERMARIA E CIRURGIA COBERTURA DE ESPUMA DE"
"3900",""
"3901","POLIURETANO COM ESTRUTURA 3D 15X15CM"
"3902","CURATIVOS PRONTOS DE USO DE ENFERMARIA E CIRURGIA COBERTURA P/FIXAÇÃO DE"
"3903",""
"3904","CATETER 5,3CM (+-3MM) X 6CM (+-3MM)"
"3905","CURATIVOS PRONTOS DE USO DE ENFERMARIA E CIRURGIA COBERTURA PROTETORA,"
"3906",""
"3907","FECHAMENTO FERIDA CIR. 4-5CM X 6-7CM"
"3908","CURATIVOS PRONTOS DE USO DE ENFERMARIA E CIRURGIA COBERTURA PROTETORA,"
"3909",""
"3910","FECHAMENTO FERIDA CIR. 8-10CM X 15-20CM"
"3911","CURATIVOS PRONTOS DE USO DE ENFERMARIA E CIRURGIA COBERTURA PROTETORA,"
"3912",""
"3913","FECHAMENTO FERIDA CIR. 8-12CM X 32-37CM"
"3914","CURATIVOS PRONTOS DE USO DE ENFERMARIA E CIRURGIA COBERTURA TRANSP. ADESIVA"
"3915",""
"3916","POLIURETANO 6 A 7CM X 8  A 9 CM"
"3917","CURATIVOS PRONTOS DE USO DE ENFERMARIA E CIRURGIA COBERTURA TRANSP. ADESIVA"
"3918",""
"3919","POLIURETANO 8,0 A 10 X 11 A 13 CM"
"3920","CURATIVOS PRONTOS DE USO DE ENFERMARIA E CIRURGIA CURATIVO ATRAUMÇTICO DE"
"3921",""
"3922","TRANSFERÔNCIA DE EXSUDATO 20X50CM"
"3923","CURATIVOS PRONTOS DE USO DE ENFERMARIA E CIRURGIA CURATIVO DE HIDROFIBRA, MED.20"
"3924",""
"3925","X 30CM COM PRATA IONICA"
"3926","CURATIVOS PRONTOS DE USO DE ENFERMARIA E CIRURGIA CURATIVO DE HIDROFIBRA,MED.10"
"3927",""
"3928","X 10CM COM PRATA IONICA (DET)"
"3929","CURATIVOS PRONTOS DE USO DE ENFERMARIA E CIRURGIA CURATIVO HIDROCOLOIDE.LESÏES"
"3930",""
"3931","BAIXO/MODERADO EXSUDATO.10X10"
"3932","CURATIVOS PRONTOS DE USO DE ENFERMARIA E CIRURGIA CURATIVO IMPREGNADO COM"
"3933",""
"3934","PRATA C/ COBERTURA DE ESPUMA 10X10CM"
"3935","CURATIVOS PRONTOS DE USO DE ENFERMARIA E CIRURGIA CURATIVO IMPREGNADO DE PRATA,"
"3936",""
"3937","C/ COBERTURA DE ESPUMA 20X20CM"
"3938","CURATIVOS PRONTOS DE USO DE ENFERMARIA E CIRURGIA CURATIVO NAO ADERENTE"
"3939",""
"3940","C/AGENTES EMOLIENTES 7 A 10X 20 A 25CM"
"3941","CURATIVOS PRONTOS DE USO DE ENFERMARIA E CIRURGIA CURATIVO NAO ADERENTE"
"3942",""
"3943","C/AGENTES EMOLIENTES,7 A 10X 20 A 40CM"
"3944","CURATIVOS PRONTOS DE USO DE ENFERMARIA E CIRURGIA CURATIVO NAO ADERENTE,"
"3945",""
"3946","QUADRADO, 7 X 7 A 10 X 10 CM"
"3947","CURATIVOS PRONTOS DE USO DE ENFERMARIA E CIRURGIA CURATIVO POLIAMIDA REVESTIDO"
"3948",""
"3949","SILICONE SUAVE 10X18CM-10X20CM"
"3950","CURATIVOS PRONTOS DE USO DE ENFERMARIA E CIRURGIA CURATIVO TRATAMENTO A BASE DE"
"3951",""
"3952","COLAGENO (90%) DE 10 A 12CM"
"3953","CURATIVOS PRONTOS DE USO DE ENFERMARIA E CIRURGIA CURATIVO TRATAMENTO OLEOSO,"
"3954",""
"3955","CONTEUDO  200ML (DETALHADA)"
"3956","CURATIVOS PRONTOS DE USO DE ENFERMARIA E CIRURGIA CURATIVO TRATAMENTO, PLACA"
"3957",""
"3958","MEDIDA APROX 10X10CM (DET)"
"3959","CURATIVOS PRONTOS DE USO DE ENFERMARIA E CIRURGIA CURATIVOS DE ALGINATO DE"
"3960",""
"3961","CALCIO MED.APROX. 9A10CM LX19A20CP"
"3962","CURATIVOS PRONTOS DE USO DE ENFERMARIA E CIRURGIA CURATIVOS OCLUSIVO SUPERABS."
"3963",""
"3964","MED. EXT. ENTRE 10 A 13CM(D)"
"3965","CURATIVOS PRONTOS DE USO DE ENFERMARIA E CIRURGIA CURATIVOS OCLUSIVO"
"3966",""
"3967","SUPERABS.MED.14 E 15 L E 18 A 20CP(D)"
"3968","CURATIVOS PRONTOS DE USO DE ENFERMARIA E CIRURGIA CURATIVOS TRAT GEL, CONTEUDO"
"3969",""
"3970","APROX 15 A 50G  (DET)"
"3971","CURATIVOS PRONTOS DE USO DE ENFERMARIA E CIRURGIA CURATIVOS TRAT.A BASE DE"
"3972",""
"3973","COLAGENO (90%)MED.ENT.4 A 6CM (D)"
"3974","CURATIVOS PRONTOS DE USO DE ENFERMARIA E CIRURGIA CURATIVOS TRAT.COMP.DE NAO"
"3975",""
"3976","TEC.CARVAO AT.MED.EXT.10 A 11CM(D"
"3977","CURATIVOS PRONTOS DE USO DE ENFERMARIA E CIRURGIA FILME DE POIURETANO TRANSP.EM"
"3978",""
"3979","ROLO"
"3980","CURATIVOS PRONTOS DE USO DE ENFERMARIA E CIRURGIA FILME TRANSP.POLIURETANO PARA"
"3981",""
"3982","FIXAÇÃO DE CATETERES 6/7X8/9CM"
"3983","CURATIVOS PRONTOS DE USO DE ENFERMARIA E CIRURGIA KIT CURATIVO DE TERAPIA A"
"3984",""
"3985","VACUO 18 X 12,5 X 3CM(APROX.)"
"3986","CURATIVOS PRONTOS DE USO DE ENFERMARIA E CIRURGIA KIT CURATIVO DE TERAPIA A"
"3987",""
"3988","VACUO 26 X 15 X 3CM(APROX.)"
"3989","CURATIVOS PRONTOS DE USO DE ENFERMARIA E CIRURGIA KIT PARA CURATIVO DE TERAPIA A"
"3990",""
"3991","VACUO,C/ 2 (DUAS) ESPONJAS"
"3992","CURATIVOS PRONTOS DE USO DE ENFERMARIA E CIRURGIA MATRIZ DE SUBSTITUICAO DE"
"3993",""
"3994","DURAMATER POLYESTER 6 X4 CM"
"3995","CURATIVOS PRONTOS DE USO DE ENFERMARIA E CIRURGIA MATRIZ INATIVA SUBSTITUTO DE"
"3996",""
"3997","DURA MATER.(D)"
"3998","CURATIVOS PRONTOS DE USO DE ENFERMARIA E CIRURGIA RESERVATORIO, P/COLETA DO"
"3999",""
"4000","EXSUDATO,DE NO MIN.250 ML"
"4001","CURATIVOS PRONTOS DE USO DE ENFERMARIA E CIRURGIA RESERVATORIO, P/COLETAR DO"
"4002",""
"4003","EXSUDATO,DE NO MIN.800 ML"
"4004","DISPOSITIVO PARA USO EM CIRURGIA DE ORTESE E PROTESE ESPACADOR INTERSOMATICO"
"4005",""
"4006","CAGE EM PEEK"
"4007","DISPOSITIVO PARA USO EM CIRURGIA DE ORTESE E PROTESE ESPACADOR INTERSOMATICO"
"4008",""
"4009","CAGE TIPO HARMS"
"4010","DISPOSITIVO PARA USO EM CIRURGIA DE ORTESE E PROTESE ESPACADOR INTERSOMATICO EM"
"4011",""
"4012","PEEK ALIF"
"4013","DISPOSITIVO PARA USO EM CIRURGIA DE ORTESE E PROTESE ESPACADOR INTERSOMATICO,"
"4014",""
"4015","GAIOLA"
"4016","DISPOSITIVO PARA USO EM CIRURGIA DE ORTESE E PROTESE ESPACADOR INTERSOMATICO,"
"4017",""
"4018","PEEK, TLIF"
"4019","DRENO EM MAT. DE BORRACHA,LATEX,SILICONE EM USO ENF. E CIRUR  DRENO DE PENROSE,"
"4020",""
"4021","COM GAZE INTERNA, TAM. NR. 03 (DETALHADA)"
"4022","DRENO EM MAT. DE BORRACHA,LATEX,SILICONE EM USO ENF. E CIRUR  DRENO DE PENROSE,"
"4023",""
"4024","COM GAZE INTERNA, TAM. NR. 04 (DETALHADA)"
"4025","DRENO EM MAT. DE BORRACHA,LATEX,SILICONE EM USO ENF. E CIRUR  KIT DRENO DE TORAX"
"4026",""
"4027","NR. 28 (DETALHADA)"
"4028","DRENO EM MAT. DE BORRACHA,LATEX,SILICONE EM USO ENF. E CIRUR  KIT DRENO DE TORAX"
"4029",""
"4030","NR. 30 (DETALHADA)"
"4031","DRENO EM MAT. DE BORRACHA,LATEX,SILICONE EM USO ENF. E CIRUR  KIT DRENO DE TORAX"
"4032",""
"4033","NR. 32 (DETALHADA)"
"4034","DRENO EM MAT. DE BORRACHA,LATEX,SILICONE EM USO ENF. E CIRUR BOLSA DESCARTAVEL"
"4035",""
"4036","(PARA A COLETA DO EFLUENTE)"
"4037","DRENO EM MAT. DE BORRACHA,LATEX,SILICONE EM USO ENF. E CIRUR DRENO DE KERR  EM"
"4038",""
"4039","FORMA DE T, EM LATEX, CAL.10 (DETALHADA)"
"4040","DRENO EM MAT. DE BORRACHA,LATEX,SILICONE EM USO ENF. E CIRUR DRENO DE KERR  EM"
"4041",""
"4042","FORMA DE T, EM LATEX, CAL.14 (DETALHADA)"
"4043","DRENO EM MAT. DE BORRACHA,LATEX,SILICONE EM USO ENF. E CIRUR DRENO DE KERR  EM"
"4044",""
"4045","FORMA DE T, EM LATEX, CAL.16 (DETALHADA)"
"4046","DRENO EM MAT. DE BORRACHA,LATEX,SILICONE EM USO ENF. E CIRUR DRENO DE KERR  EM"
"4047",""
"4048","FORMA DE T, EM LATEX, CAL.18 (DETALHADA)"
"4049","DRENO EM MAT. DE BORRACHA,LATEX,SILICONE EM USO ENF. E CIRUR DRENO DE KERR  EM"
"4050",""
"4051","FORMA DE T, EM LATEX, CAL.20 (DETALHADA)"
"4052","DRENO EM MAT. DE BORRACHA,LATEX,SILICONE EM USO ENF. E CIRUR DRENO DE KERR  EM"
"4053",""
"4054","FORMA DE T, EM LATEX, CAL.22 (DETALHADA)"
"4055","DRENO EM MAT. DE BORRACHA,LATEX,SILICONE EM USO ENF. E CIRUR DRENO DE PENROSE,"
"4056",""
"4057","COM GAZE INTERNA, TAM, NR. 01 (DETALHADA)"
"4058","DRENO EM MAT. DE BORRACHA,LATEX,SILICONE EM USO ENF. E CIRUR DRENO DE PENROSE,"
"4059",""
"4060","COM GAZE INTERNA, TAM. NR. 02 (DETALHADA)"
"4061","DRENO EM MAT. DE BORRACHA,LATEX,SILICONE EM USO ENF. E CIRUR DRENO DE SILICONE"
"4062",""
"4063","C/SISTEMA DE DRENAGEM EM CANAIS 15FR (DET)"
"4064","DRENO EM MAT. DE BORRACHA,LATEX,SILICONE EM USO ENF. E CIRUR DRENO DE SILICONE"
"4065",""
"4066","C/SISTEMA DE DRENAGEM EM CANAIS 19FR (DET)"
"4067","DRENO EM MAT. DE BORRACHA,LATEX,SILICONE EM USO ENF. E CIRUR KIT DE DRENO DE"
"4068",""
"4069","TORAX, N.18 (DETALHADA)"
"4070","DRENO EM MAT. DE BORRACHA,LATEX,SILICONE EM USO ENF. E CIRUR KIT DE DRENO DE"
"4071",""
"4072","TORAX, N.20 (DETALHADA)"
"4073","DRENO EM MAT. DE BORRACHA,LATEX,SILICONE EM USO ENF. E CIRUR KIT DRENO DE TORAX,"
"4074",""
"4075","NC 34,  2000 ML"
"4076","DRENO EM MAT. DE BORRACHA,LATEX,SILICONE EM USO ENF. E CIRUR KIT DRENO DE TORAX,"
"4077",""
"4078","NC 36, 2000 ML"
"4079","DRENO EM MAT. DE BORRACHA,LATEX,SILICONE EM USO ENF. E CIRUR KIT DRENO DE TORAX"
"4080",""
"4081","NR. 10 (DETALHADA)"
"4082","DRENO EM MAT. DE BORRACHA,LATEX,SILICONE EM USO ENF. E CIRUR KIT DRENO DE TORAX"
"4083",""
"4084","NR. 12 (DETALHADA)"
"4085","DRENO EM MAT. DE BORRACHA,LATEX,SILICONE EM USO ENF. E CIRUR KIT DRENO DE TORAX"
"4086",""
"4087","NR. 14 (DETALHADA)"
"4088","DRENO EM MAT. DE BORRACHA,LATEX,SILICONE EM USO ENF. E CIRUR KIT DRENO DE TORAX"
"4089",""
"4090","NR. 16 (DETALHADA)"
"4091","DRENO EM MAT. DE BORRACHA,LATEX,SILICONE EM USO ENF. E CIRUR KIT DRENO DE TORAX"
"4092",""
"4093","NR. 22 (DETALHADA)"
"4094","DRENO EM MAT. DE BORRACHA,LATEX,SILICONE EM USO ENF. E CIRUR KIT DRENO DE TORAX"
"4095",""
"4096","NR. 26 (DETALHADA)"
"4097","DRENO EM MAT. DE BORRACHA,LATEX,SILICONE EM USO ENF. E CIRUR KIT PARA CONTROLE DE"
"4098",""
"4099","INCONTINENCIA FECAL"
"4100","DRENO PARA SUCCAO DRENO P/SUCCAO,ASPIRADOR CIRURGICO ROBUSTO, 20CM X 8MM(D)"
"4101","DRENO PARA SUCCAO DRENO PARA SUCCAO MEDINDO 3,2 MM"
"4102","DRENO PARA SUCCAO DRENO PARA SUCCAO MEDINDO 4,8 MM"
"4103","DRENO PARA SUCCAO DRENO PARA SUCCAO MEDINDO 6,4 MM"
"4104","ELETRODO DE RETORNO DO PACIENTE ELETRODO TAM.ADULTO CABO DE FORCA"
"4105",""
"4106","C/274CM,SUP.COND.137M2"
"4107","ELETRODOS ELETRODO DESCARTAVEL P/ DESFIBRILAÇÃO EXTERNA (NIHON-KOHDEN)"
"4108","ELETRODOS KIT DE ELETRODO PARA MAPEAMENTO ELETROANATOMICO CARDIACO"
"4109","ELETRODOS TIPO CLIP P/USO EM ELETROCARDIOGRAFO,TAM.ADULTO,C/CONEXAO"
"4110","EQUIPAMENTOS DE IMPRESSAO PARA AUTOCLAVE BOBINA DE PAPEL,56,6MM X"
"4111",""
"4112","48,9MM,30M,MARCA CUSTOM,MOD. FH-190"
"4113","EQUIPAMENTOS DE IMPRESSAO PARA AUTOCLAVE FITA P/ IMPRESSORA P/ AUTOCLAVE COMP."
"4114",""
"4115","C/ EPSON, REF. ERC 22"
"4116","EQUIPOS PARA FLUIDOTERAPIAS EQUIPO COMUM PARA SOLUCOES ENTERAIS, EM PVC"
"4117","EQUIPOS PARA FLUIDOTERAPIAS EQUIPO COMUM PVC FLEXIVEL P/ SOL.PARENTERAIS (DET.)"
"4118","EQUIPOS PARA FLUIDOTERAPIAS EQUIPO EM PVC, PARA CITOSCOPIO, COM 4 VIAS (DETALHADA)"
"4119","EQUIPOS PARA FLUIDOTERAPIAS EQUIPO ESPECIAL PARA ABLACAO COM SISTEMA DE"
"4120",""
"4121","IRRIGACAO"
"4122","EQUIPOS PARA FLUIDOTERAPIAS EQUIPO GOTA DE CRISTALP/INF.SOL.PERENTERAL,MED.MINIMO 1,50M"
"4123","EQUIPOS PARA FLUIDOTERAPIAS EQUIPO MICROGOTASP/INF.SOL.PARENTERAIS,MIN.1,70M(DET)"
"4124","EQUIPOS PARA FLUIDOTERAPIAS EQUIPO P/ EXTENSAO DE LINHA DE INFUSAO, TUBO PVC, 20CM8 F"
"4125","EQUIPOS PARA FLUIDOTERAPIAS EQUIPO P/ VIDEO ARTROSCOPIA MEDINDO 1,50M, C/ 4 VIAS(DET)"
"4126","EQUIPOS PARA FLUIDOTERAPIAS EQUIPO P/BOMBA DE INFUSAO EM PVC,P/SOL. ENTERAIS(DET.)"
"4127","EQUIPOS PARA FLUIDOTERAPIAS EQUIPO P/BOMBA DE INFUSAO ENTERAL PONTAPERFURANTE"
"4128","EQUIPOS PARA FLUIDOTERAPIAS EQUIPO P/BOMBA DE INFUSAO,EM PVC,FOTOSSENSIVEL (DET.)"
"4129","EQUIPOS PARA FLUIDOTERAPIAS EQUIPO P/BOMBA DE INFUSAO,EM PVC,P/SOL.PARENTERAIS(DET.)"
"4130","EQUIPOS PARA FLUIDOTERAPIAS EQUIPO PARA ADMINISTRACAO DE SOLUCOES (DET)"
"4131","EQUIPOS PARA FLUIDOTERAPIAS EQUIPO PARA VERIFICAÇÃO DA PRESSAO VENOSA CENTRAL(PVC)"
"4132","ESPECIALIDADE CIRURGICA EXPANSOR REDONDO 400ML"
"4133","ESPECIALIDADE CIRURGICA IMPLANTE MAMARIO FORMATO ANATOMICO 300 A349ML,PROJ.EXT.COMP"
"4134","ESPECIALIDADE CIRURGICA IMPLANTE MAMARIO FORMATO REDONDO 200ML A 249ML"
"4135","ESPECIALIDADE CIRURGICA IMPLANTE MAMARIO FORMATO REDONDO 200ML A249ML,PROJ.COMPLETA"
"4136","ESPECIALIDADE CIRURGICA IMPLANTE MAMARIO FORMATO REDONDO 200ML A249ML,PROJ.MODERADA"
"4137","ESPECIALIDADE CIRURGICA IMPLANTE MAMARIO FORMATO REDONDO 250ML A 299ML"
"4138","ESPECIALIDADE CIRURGICA IMPLANTE MAMARIO FORMATO REDONDO 250ML A299ML,PROJ.COMPLETA"
"4139","ESPECIALIDADE CIRURGICA IMPLANTE MAMARIO FORMATO REDONDO 300ML A 349ML"
"4140","ESPECIALIDADE CIRURGICA IMPLANTE MAMARIO FORMATO REDONDO 300ML A349ML,PROJ.COMPLETA"
"4141","ESPECIALIDADE CIRURGICA IMPLANTE MAMARIO FORMATO REDONDO 350ML A 399ML"
"4142","ESPECIALIDADE CIRURGICA IMPLANTE MAMARIO FORMATO REDONDO 350ML A399ML,PROJ.COMPLETA"
"4143","ESPECIALIDADE CIRURGICA IMPLANTE MAMARIO FORMATO REDONDO 400ML A449ML,PROJ.COMPLETA"
"4144","ESPECIALIDADE CIRURGICA IMPLANTE PENIANO MALEAVEL /PAR (0702060020)"
"4145","ESPECIALIDADE CIRURGICA IMPLANTE UROLOGICO INJ. COMP. POR 1 SERINGA 1 ML (DET)"
"4146","ESPECIALIDADE CIRURGICA LENTE PARA FACECTOMIA CAMARA ANTERIOR"
"4147","ESPECIALIDADE CIRURGICA LENTE PARA FACECTOMIA COM FIXACAO ESCLERAL"
"4148","ESPECIALIDADE CIRURGICA MALHA  POLIPROPILENOMONOF.MACROP.PROLAPSOS,APICAL,VAGINAL"
"4149","ESPECIALIDADE CIRURGICA MATRIZ DE REGENERAÇÃO DÔRMICA, DE 200 A 300 CMÊ"
"4150","ESPECIALIDADE CIRURGICA MATRIZ DE REGENERAÇÃO DÔRMICA, DE 98 A 150 CMÊ"
"4151","ESPECIALIDADE NEUROCIRURGIA CATETER ATRIAL - PERITONIAL (0702010030)"
"4152","ESPECIALIDADE NEUROCIRURGIA CLIPS PARA ANEURISMA SUS 0702010235"
"4153","ESPECIALIDADE NEUROCIRURGIA CONJUNTO DE CATETER P/DRENAGEM EXTERNA OU MPIC(0702010090)"
"4154","ESPECIALIDADE NEUROCIRURGIA CONJUNTO PARA HIDROCEFALIA DE BAIXO PERFIL(0702010111)"
"4155","ESPECIALIDADE NEUROCIRURGIA SHUNT LOMBO - PERITONIAL 0702010200"
"4156","ESPECIALIDADE NEUROCIRURGIA VALVULA HEMOSTATICA TIPO Y 3 VIAS."
"4157","ESPECIALIDADE ORTOPEDIA ANCORA 0702030023"
"4158","ESPECIALIDADE ORTOPEDIA CALCADO ANATOMICO C/ PALMILHA P/ PES NEUROPATICOS.DET."
"4159","ESPECIALIDADE ORTOPEDIA CENTRALIZADOR PARA COMPONENTE FEMORAL MODULAR (DET)"
"4160","ESPECIALIDADE ORTOPEDIA CIMENTO COM ANTIBIOTICO 0702030082"
"4161","ESPECIALIDADE ORTOPEDIA CIMENTO RADIOPACO SEM ANTIBIOTICO 0702031380."
"4162","ESPECIALIDADE ORTOPEDIA COMPONENTE CEFÇLICO CIMENTADO FABRICADO EM ACO INOX"
"4163","ESPECIALIDADE ORTOPEDIA COMPONENTE FEMORAL NAO CIMENTADO"
"4164","ESPECIALIDADE ORTOPEDIA COMPONENTE GLENOIDAL (1) 0702030236"
"4165","ESPECIALIDADE ORTOPEDIA COMPONENTE UMERAL CIMENTADO FABRICADO EM ACO INOX"
"4166","ESPECIALIDADE ORTOPEDIA COMPONENTE UMERAL CIMENTADO/FIXACAO BIOLOGICA"
"4167",""
"4168","0702030295"
"4169","ESPECIALIDADE ORTOPEDIA DISPOSITIVO ANTI-PROTRUSAO P\ PARAFUSOS (DET)"
"4170","ESPECIALIDADE ORTOPEDIA DISPOSITIVO DE BLOQUEIO 0702050148"
"4171","ESPECIALIDADE ORTOPEDIA DISPOSITIVO PEDICULAR PARA FIXACAO DE HASTE"
"4172","ESPECIALIDADE ORTOPEDIA FIXADOR EXTERNO CIRCULAR OU SEMI-CIRCULAR  LIZAROV"
"4173","ESPECIALIDADE ORTOPEDIA FIXADOR EXTERNO ESTÇTICO PARA PELVE(BACIA), PINOS"
"4174",""
"4175","SCHANTZ"
"4176","ESPECIALIDADE ORTOPEDIA FIXADOR EXTERNO P/ PUNHO 0702030414"
"4177","ESPECIALIDADE ORTOPEDIA GANCHOS PEDICULARES 0702050253"
"4178","ESPECIALIDADE ORTOPEDIA HASTE INTRAMEDULAR PARA UMERO BLOQUEADA. SUS"
"4179",""
"4180","0702030538"
"4181","ESPECIALIDADE ORTOPEDIA MINI PARAFUSO DE AUTO COMPRESSAO 0702030619"
"4182","ESPECIALIDADE ORTOPEDIA ORTESE COLETE TIPO WILLIAMS (0701020040)"
"4183","ESPECIALIDADE ORTOPEDIA ORTESE CORRETIVA TIPO MILWAUKEE TAMANHO GRANDE (DET)"
"4184","ESPECIALIDADE ORTOPEDIA ORTESE CORRETIVA TIPO MILWAUKEE TAMANHO MEDIO"
"4185","ESPECIALIDADE ORTOPEDIA ORTESE CORRETIVA TIPO MILWAUKEE TAMANHO PEQUENO"
"4186","ESPECIALIDADE ORTOPEDIA ORTESE CORRETIVA TORACO-LOMBAR EM POLIPROPILENO"
"4187","ESPECIALIDADE ORTOPEDIA ORTESE CRUROPODALICA ADULTO (SOB MEDIDA)"
"4188","ESPECIALIDADE ORTOPEDIA ORTESE CRUROPODALICA INFANTIL (SOB MEDIDA)"
"4189","ESPECIALIDADE ORTOPEDIA ORTESE CRUROPODALICA TIPO CALHA POSTERO-LATERAL (DET)"
"4190","ESPECIALIDADE ORTOPEDIA ORTESE DE IMOBILIZACAO LOMBO-SACRA EM POLIPROPILENO"
"4191","ESPECIALIDADE ORTOPEDIA ORTESE DINAMICA SUROPODALICA,CODEVILLE - G (070102010-5)"
"4192","ESPECIALIDADE ORTOPEDIA ORTESE GENUPODALICA EM POLIPROPILENO (SARMIENTO SOB"
"4193",""
"4194","MEDIDA)"
"4195","ESPECIALIDADE ORTOPEDIA ORTESE IMOBILIZADORA AXILO-PALMAR - M (21.054.21-5)"
"4196","ESPECIALIDADE ORTOPEDIA ORTESE IMOBILIZADORA AXILO-PALMAR - P (0701020113)"
"4197","ESPECIALIDADE ORTOPEDIA ORTESE IMOBILIZADORA TORACOLOMBOSACRA (DETALHADA)"
"4198","ESPECIALIDADE ORTOPEDIA ORTESE PELVICO-PODALICO ADULTO (SOB MEDIDA)"
"4199","ESPECIALIDADE ORTOPEDIA ORTESE PELVICO-PODALICO INFANTIL (SOB MEDIDA)"
"4200","ESPECIALIDADE ORTOPEDIA ORTESE SUROPODALICA ADULTO ARTICULADA EM"
"4201",""
"4202","POLIPROP.UNILATERAL"
"4203","ESPECIALIDADE ORTOPEDIA ORTESE SUROPODALICA ADULTO S/ARTICULACAO EM"
"4204",""
"4205","POLIPROPILENO"
"4206","ESPECIALIDADE ORTOPEDIA ORTESE SUROPODALICA INFANTIL ARTICULADA EM"
"4207",""
"4208","POLIPROPILENO DET"
"4209","ESPECIALIDADE ORTOPEDIA ORTESE SUROPODALICA INFANTIL S/ARTICULACAO EM"
"4210",""
"4211","POLIPROPILENO"
"4212","ESPECIALIDADE ORTOPEDIA PARAFUSO EM TITÄNIO A PLACA TORACO-LOMBAR-0702050415"
"4213","ESPECIALIDADE ORTOPEDIA PLACA BLOQUEADA PARA RADIO DISTAL COM PARAFUSOS 2,0 OU"
"4214",""
"4215","2,5MM"
"4216","ESPECIALIDADE ORTOPEDIA PLACA CALCO INCLUI PARAFUSOS. SUS 0702030864"
"4217","ESPECIALIDADE ORTOPEDIA PLACA PARA CALCANEO 0702031046"
"4218","ESPECIALIDADE ORTOPEDIA PLACA PROXIMAL DE ÞMERO"
"4219","ESPECIALIDADE ORTOPEDIA PLACA TERMOMOLDAVEL - MEMBRO SUPERIOR 0702110035"
"4220","ESPECIALIDADE ORTOPEDIA PLACA VOLAR PARA PUNHO BLOQUEADA."
"4221","ESPECIALIDADE ORTOPEDIA PLACAS CERVICAIS ASSOC.A PARAFUSOS 0702050458"
"4222","ESPECIALIDADE ORTOPEDIA PLACAS TORACO-LOMBO-SACRAL"
"4223",""
"4224","ASSOC.PARAFUSOS0702031100(DET)"
"4225","ESPECIALIDADE ORTOPEDIA PROTESE DE CABECA DE RADIO CIMENTADO EM TITANIO"
"4226","ESPECIALIDADE ORTOPEDIA PROTESE ENDOESQ.P/AMPUTACAO TRANSTIBIAL TIPO"
"4227",""
"4228","PTB,PTS,KBM/DET"
"4229","ESPECIALIDADE ORTOPEDIA PROTESE ENDOESQUELETICA P/AMPUTACAO TRANSFEMURAL"
"4230","ESPECIALIDADE ORTOPEDIA PROTESE ENDOESQUELETICA P/DESARTICULACAO DO JOELHO"
"4231",""
"4232","(DET.)"
"4233","ESPECIALIDADE ORTOPEDIA PROTESE ENDOESQUELETICA P/DESATICULACAO DO QUADRIL"
"4234",""
"4235","(DET.)"
"4236","ESPECIALIDADE ORTOPEDIA PROTESE EXOESQ.P/AMPUTACAO TRANSTIBIAL TIPO"
"4237",""
"4238","PTB,PTS,KBM/ DET"
"4239","ESPECIALIDADE ORTOPEDIA PROTESE EXOESQUELETICA TRANSFEMURAL (0701020407)"
"4240","ESPECIALIDADE ORTOPEDIA PROTESE FUNCIONAL EXOESQUELETICA TRANSRADIAL -"
"4241",""
"4242","070102047-4"
"4243","ESPECIALIDADE ORTOPEDIA PROTESE FUNCIONAL EXOESQUELETICA TRANSRADIAL (DET.)"
"4244","ESPECIALIDADE ORTOPEDIA PROTESE FUNCIONAL EXOESQUELETICA TRASUMERAL"
"4245",""
"4246","(0701020504)"
"4247","ESPECIALIDADE ORTOPEDIA PROTESE NAO CONVENCIONAL ARTICULADA MEMBRO INF."
"4248",""
"4249","PROXIMAL"
"4250","ESPECIALIDADE ORTOPEDIA PROTESE NAO CONVENCIONAL ARTICULADA MEMBRO INFERIOR"
"4251",""
"4252","DISTAL"
"4253","ESPECIALIDADE ORTOPEDIA PROTESE PASSIVA ENDOESQUEL. P/DESARTIC.DE OMBRO E"
"4254",""
"4255","ESCAP.DET."
"4256","ESPECIALIDADE ORTOPEDIA PROTESE TIPO PALMILHA P/COMPLEMENTACAO NIVEL DO"
"4257",""
"4258","ANTEPE (DET)"
"4259","ESPECIALIDADE ORTOPEDIA SISTEMA PARA FIXACAO TRANSVERSAL DE TITANIO 0702050520"
"4260","ESPECIALIDADE ORTOPEDIA SUBST. ESPUMA E MEIA EM PROTESE ENDOESQUELETICA"
"4261",""
"4262","TRANSUMERAL"
"4263","ESPECIALIDADE ORTOPEDIA SUBST. LUVA COSMETICA P/MAOS PROTETICAS, COD SUS"
"4264",""
"4265","070109005-7"
"4266","ESPECIALIDADE ORTOPEDIA SUBST. PE ADPATACAO DINAMICA (PROTESE)-COD. SUS 070109006-"
"4267",""
"4268","5"
"4269","ESPECIALIDADE ORTOPEDIA SUBST.ENCAIXE RES.ACRILICA"
"4270",""
"4271","PROT.ENDOESQ.TRANSTIBIAL+SOQ.FLEX"
"4272","ESPECIALIDADE ORTOPEDIA SUBST.ENCAIXE RESINA ACRILICA,FIBRA CARBONO"
"4273",""
"4274","P/PROT.ENDOESQ."
"4275","ESPECIALIDADE ORTOPEDIA SUBSTITUICAO SIMPLES DE PE SACH OU ARTICULADO (DET)"
"4276","ESPECIALIDADE. CIRURGIA CARDIOVASCULAR ANEL P/ANULOPLASTIA MITRAL NAO RIGIDO."
"4277","ESPECIALIDADE. CIRURGIA CARDIOVASCULAR ANEL PARA ANULOPLASTIA VALVULAR"
"4278","ESPECIALIDADE. CIRURGIA CARDIOVASCULAR CARDIODESFIBRILADOR COM MARCAPASSO"
"4279",""
"4280","MULTI-SITIO."
"4281","ESPECIALIDADE. CIRURGIA CARDIOVASCULAR CARDIOVERSOR BICAMERAL - RNM"
"4282","ESPECIALIDADE. CIRURGIA CARDIOVASCULAR CARDIOVERSOR DESFIBRILADOR COM"
"4283",""
"4284","RESSINCRONIZADOR - RNM"
"4285","ESPECIALIDADE. CIRURGIA CARDIOVASCULAR CARDIOVERSOR DESFIBRILADOR IMPLANTAVEL"
"4286",""
"4287","INICAMERAL."
"4288","ESPECIALIDADE. CIRURGIA CARDIOVASCULAR CARDIOVERSOR DESFIBRILADOR IMPLANTAVEL."
"4289","ESPECIALIDADE. CIRURGIA CARDIOVASCULAR CARDIOVERSOR DESFIBRILADOR UNICAMERAL -"
"4290",""
"4291","RNM"
"4292","ESPECIALIDADE. CIRURGIA CARDIOVASCULAR CARDIOVERSOR-DESFIBRILADOR AUTOMATICO"
"4293","ESPECIALIDADE. CIRURGIA CARDIOVASCULAR CARDIOVERSOR-DESFIBRILADOR AUTOMATICO"
"4294",""
"4295","UNICAMERAL,C/SENSOR"
"4296","ESPECIALIDADE. CIRURGIA CARDIOVASCULAR CARDIOVERSOR-DESFIBRILADOR"
"4297",""
"4298","AUTOMATICO,DUPLA CAMARA"
"4299","ESPECIALIDADE. CIRURGIA CARDIOVASCULAR CATER GUIA TERAPEUTICO JR 3,5 E 4,0 C/ 100CM"
"4300",""
"4301","COMPRIMENTO"
"4302","ESPECIALIDADE. CIRURGIA CARDIOVASCULAR CATETER AL1 E AL2, 6F 0702040134"
"4303","ESPECIALIDADE. CIRURGIA CARDIOVASCULAR CATETER BALAO"
"4304",""
"4305","ANGIOPLAST.PERCUTÅ.PERIFÔR.TROCA RAPIDA 0.014"""
"4306","ESPECIALIDADE. CIRURGIA CARDIOVASCULAR CATETER BALAO CORONARIO, COMPRIMENTO DE"
"4307",""
"4308","8 A 30 MM."
"4309","ESPECIALIDADE. CIRURGIA CARDIOVASCULAR CATETER BALAO CORONÇRIO P/ ANGIOPLASTIA"
"4310",""
"4311","TIPO OVER THE WIRE"
"4312","ESPECIALIDADE. CIRURGIA CARDIOVASCULAR CATETER BALAO CORONÇRIO.NAO"
"4313",""
"4314","COMPLAC.BALAO 01/02 MARC. RADIOP"
"4315","ESPECIALIDADE. CIRURGIA CARDIOVASCULAR CATETER BALAO P ANGIOPLASTIA PERIFÔRICA"
"4316",""
"4317","DIAM:FIO-GUIA 0,018"""
"4318","ESPECIALIDADE. CIRURGIA CARDIOVASCULAR CATETER BALAO P/ ANGIOP. PERIF./DIÄMETROS:"
"4319",""
"4320","3 A 12MM"
"4321","ESPECIALIDADE. CIRURGIA CARDIOVASCULAR CATETER BALAO P/ ANGIOP."
"4322",""
"4323","PERIF./INTRODUTOR 4 E 5F"
"4324","ESPECIALIDADE. CIRURGIA CARDIOVASCULAR CATETER BALAO P/ ANGIOP."
"4325",""
"4326","PERIF./INTRODUTOR DE 7 A 8F"
"4327","ESPECIALIDADE. CIRURGIA CARDIOVASCULAR CATETER BALAO P/ ANGIP. PERIF./DIÄMETROS:"
"4328",""
"4329","1,5 A 4,0MM"
"4330","ESPECIALIDADE. CIRURGIA CARDIOVASCULAR CATETER BALAO P/ ANGIP. PERIF./INTRODUTOR"
"4331",""
"4332","4F"
"4333","ESPECIALIDADE. CIRURGIA CARDIOVASCULAR CATETER BALAO P/ DILATACAO VÇLVULA"
"4334",""
"4335","MITRAL"
"4336","ESPECIALIDADE. CIRURGIA CARDIOVASCULAR CATETER BALAO P/ VALVULOPLASTIA C/"
"4337",""
"4338","CONFIGURACAO COAXIAL"
"4339","ESPECIALIDADE. CIRURGIA CARDIOVASCULAR CATETER BALAO P/ VALVULOPLASTIA C/"
"4340",""
"4341","CONSTRUCAO COAXIAL"
"4342","ESPECIALIDADE. CIRURGIA CARDIOVASCULAR CATETER BALAO"
"4343",""
"4344","P/ANGIOP.PERIF.DIÄM:3,4,5,6,7,8,9,10,12MM"
"4345","ESPECIALIDADE. CIRURGIA CARDIOVASCULAR CATETER BALAO PARA ANGIOPLASTIA"
"4346",""
"4347","PERIFERICA"
"4348","ESPECIALIDADE. CIRURGIA CARDIOVASCULAR CATETER BALAO PARA ANGIOPLASTIA"
"4349",""
"4350","PERIFÔRICA/DIÅMETRO:4 A 10MM"
"4351","ESPECIALIDADE. CIRURGIA CARDIOVASCULAR CATETER BALAO PARA EMBOLECTOMIA"
"4352",""
"4353","ARTERIAL OU VENOSA (DET)"
"4354","ESPECIALIDADE. CIRURGIA CARDIOVASCULAR CATETER BALAO PARA SEPTOSTOMIA (1)"
"4355",""
"4356","0702040096"
"4357","ESPECIALIDADE. CIRURGIA CARDIOVASCULAR CATETER BALAO-CORONÇRIO P/ ANGIOPLASTIA"
"4358",""
"4359","TIPO RÇPIDA TROCA"
"4360","ESPECIALIDADE. CIRURGIA CARDIOVASCULAR CATETER GUIA AL1, C/100CM 7F C/LUZ INTERNA"
"4361",""
"4362","MINIMO 0,081"""
"4363","ESPECIALIDADE. CIRURGIA CARDIOVASCULAR CATETER GUIA AL3, 6F"
"4364","ESPECIALIDADE. CIRURGIA CARDIOVASCULAR CATETER GUIA AL3,100CM 7 F C/LUZ INTERNA"
"4365",""
"4366","MINIMO 0,081"""
"4367","ESPECIALIDADE. CIRURGIA CARDIOVASCULAR CATETER GUIA AR1 E AR2 100CM 5F C/LUZ"
"4368",""
"4369","INTERNA MINIMO 0,058"""
"4370","ESPECIALIDADE. CIRURGIA CARDIOVASCULAR CATETER GUIA AR2 100CM 7F C/LUZ INTERNA"
"4371",""
"4372","MINIMO 0,081"""
"4373","ESPECIALIDADE. CIRURGIA CARDIOVASCULAR CATETER GUIA EBU 3,5 E 4,0 5F C/LUZ INTERNA"
"4374",""
"4375","M÷NIMO 0,058"""
"4376","ESPECIALIDADE. CIRURGIA CARDIOVASCULAR CATETER GUIA EBU 3,5, 4,0 E 4,5 6F LUZ INTERNA"
"4377",""
"4378","MINIMO 0,071"""
"4379","ESPECIALIDADE. CIRURGIA CARDIOVASCULAR CATETER GUIA EBU 3,5, 4,0, 4,5 LUZ INTERNA"
"4380",""
"4381","MINIMO 0,081"""
"4382","ESPECIALIDADE. CIRURGIA CARDIOVASCULAR CATETER GUIA JL 3,0 - JL 3,5 - 6F"
"4383","ESPECIALIDADE. CIRURGIA CARDIOVASCULAR CATETER GUIA JL 3,5 E JL 4,0, 100CM 5F C/LUZ"
"4384",""
"4385","INTERNA 0,058"""
"4386","ESPECIALIDADE. CIRURGIA CARDIOVASCULAR CATETER GUIA JL 4,0 - JL 4,5 - 6F"
"4387","ESPECIALIDADE. CIRURGIA CARDIOVASCULAR CATETER GUIA JL 5,0 - 6F 0702040134"
"4388","ESPECIALIDADE. CIRURGIA CARDIOVASCULAR CATETER GUIA JL4,5 E JL5,0 100CM 7F C/LUZ"
"4389",""
"4390","INTERNA MIN.0,081"""
"4391","ESPECIALIDADE. CIRURGIA CARDIOVASCULAR CATETER GUIA MAMÇRIA 6F"
"4392","ESPECIALIDADE. CIRURGIA CARDIOVASCULAR CATETER GUIA MAMÇRIA 90 A 100CM 5F LUZ"
"4393",""
"4394","INTERNA MINIMO 0,058"""
"4395","ESPECIALIDADE. CIRURGIA CARDIOVASCULAR CATETER GUIA MP1 MP2 6F"
"4396","ESPECIALIDADE. CIRURGIA CARDIOVASCULAR CATETER GUIA MULTIPORPOSE CURVA 1 E 2"
"4397",""
"4398","100CM 7F LUZ IN 0,081"""
"4399","ESPECIALIDADE. CIRURGIA CARDIOVASCULAR CATETER GUIA MULTIPORPOSE CURVA 1 E 2"
"4400",""
"4401","100CM 8F LUZ IN 0,090"""
"4402","ESPECIALIDADE. CIRURGIA CARDIOVASCULAR CATETER GUIA TERAPEUTICO JR 3,5 E 4,0 C/"
"4403",""
"4404","100CM COMPRIMENTO"
"4405","ESPECIALIDADE. CIRURGIA CARDIOVASCULAR CATETER-BALAO CORONARIO, COM 2 MARCAS"
"4406",""
"4407","RADIOPACAS"
"4408","ESPECIALIDADE. CIRURGIA CARDIOVASCULAR CATETTER GUIA AR1 AR2 6F 0702040134"
"4409","ESPECIALIDADE. CIRURGIA CARDIOVASCULAR CJTO. P/ CIRCULACAO EXTRACORPOREA"
"4410",""
"4411","NEONATAL (0702040207)(DET)"
"4412","ESPECIALIDADE. CIRURGIA CARDIOVASCULAR CLIP PARA ANEURISMA TEMPORRIO 0702010227"
"4413","ESPECIALIDADE. CIRURGIA CARDIOVASCULAR COILS EMBOLIZANTE DE ACO INXIDÇVEL/COMP. E"
"4414",""
"4415","DIÄM.3 A 15CM"
"4416","ESPECIALIDADE. CIRURGIA CARDIOVASCULAR COILS EMBOLIZANTE DE PLATINA/COMP. E DIÄM."
"4417",""
"4418","3 A 15CM"
"4419","ESPECIALIDADE. CIRURGIA CARDIOVASCULAR COILS EMBOLIZANTE DE PLATINA/DIÄMETROS: 2"
"4420",""
"4421","A 16MM"
"4422","ESPECIALIDADE. CIRURGIA CARDIOVASCULAR CONJ. DESCT. DE CIRCUL. ASSISTIDA"
"4423","ESPECIALIDADE. CIRURGIA CARDIOVASCULAR CONJUNTO DE ENXERTO ARTERIAL INORGÅNICO"
"4424",""
"4425","COM COLAGENO."
"4426","ESPECIALIDADE. CIRURGIA CARDIOVASCULAR CONJUNTO DE FILTRO DE VEIA CAVA - BAINHA"
"4427",""
"4428","6F,CARREGADOR 6F"
"4429","ESPECIALIDADE. CIRURGIA CARDIOVASCULAR CONJUNTO DESCARTAVEL DE CIRCULACAO"
"4430",""
"4431","ASSISTIDA."
"4432","ESPECIALIDADE. CIRURGIA CARDIOVASCULAR CONJUNTO FILTRO DE VEIA CAVA ACO"
"4433",""
"4434","INOXIDÇVEL 316L"
"4435","ESPECIALIDADE. CIRURGIA CARDIOVASCULAR CONJUNTO PARA CIRCULAÇÃO EXTRACORPOREA"
"4436","ESPECIALIDADE. CIRURGIA CARDIOVASCULAR CONJUNTO PARA CIRCULACAO EXTRACORPOREA"
"4437",""
"4438","PEDIATRICA (DET.)"
"4439","ESPECIALIDADE. CIRURGIA CARDIOVASCULAR ELETRODO ENDOCARDICO CDI COMPATIVEL"
"4440",""
"4441","C/RESSONANCIA MAGNETICA,"
"4442","ESPECIALIDADE. CIRURGIA CARDIOVASCULAR ELETRODO ENDOCARDICO DEFINITIVO, BIPOLAR"
"4443","ESPECIALIDADE. CIRURGIA CARDIOVASCULAR ELETRODO ENDOCARDICO DEFINITIVO, BIPOLAR,"
"4444",""
"4445","FIXAÇÃO ATIVA."
"4446","ESPECIALIDADE. CIRURGIA CARDIOVASCULAR ELETRODO EPICARDICO DEFINITIVO, BIPOLAR."
"4447","ESPECIALIDADE. CIRURGIA CARDIOVASCULAR ELETRODO PARA MARCAPASSO TEMPORARIO 6F"
"4448",""
"4449","ENDOCARDICO."
"4450","ESPECIALIDADE. CIRURGIA CARDIOVASCULAR ENXERTO ARTERIAL INORGANICO VALVADO."
"4451","ESPECIALIDADE. CIRURGIA CARDIOVASCULAR ENXERTO INORGÄNICO PTFE - 6X50MM"
"4452","ESPECIALIDADE. CIRURGIA CARDIOVASCULAR ENXERTO INORGÄNICO PTFE - 8X50MM"
"4453","ESPECIALIDADE. CIRURGIA CARDIOVASCULAR ENXERTO TUBULAR PTFE 20 A 80CM"
"4454","ESPECIALIDADE. CIRURGIA CARDIOVASCULAR ENXERTO TUBULAR PTFE ANELADO 70CM"
"4455","ESPECIALIDADE. CIRURGIA CARDIOVASCULAR ENXERTO TUBULAR RETO PTFE/DIÄMETROS DE 6"
"4456",""
"4457","A 8MM"
"4458","ESPECIALIDADE. CIRURGIA CARDIOVASCULAR ENXERTO VASCULAR RETO/DIÄMETRO DE 12 A"
"4459",""
"4460","34MM"
"4461","ESPECIALIDADE. CIRURGIA CARDIOVASCULAR ENXERTO VASCULAR RETO/DIÄMETRO DE 6 A"
"4462",""
"4463","10MM"
"4464","ESPECIALIDADE. CIRURGIA CARDIOVASCULAR ENXERTO VASCULAR TUBULAR BIFURCADO"
"4465",""
"4466","INORGANICO"
"4467","ESPECIALIDADE. CIRURGIA CARDIOVASCULAR FIO GUIA 0,014,MODERADO E EXTRA-"
"4468",""
"4469","SUPORTES,C/HASTE PROXIMAL"
"4470","ESPECIALIDADE. CIRURGIA CARDIOVASCULAR FIO GUIA 0,035 EXTRA STIFF FLOPPY"
"4471",""
"4472","(LANDERQUIST)"
"4473","ESPECIALIDADE. CIRURGIA CARDIOVASCULAR FIO GUIA ANGIOP./COMP.180 A 200CM SUPORTE"
"4474",""
"4475","MÓDIO DISTAL 4,5CM"
"4476","ESPECIALIDADE. CIRURGIA CARDIOVASCULAR FIO GUIA P/ ANGIOPLASTIA - SUPORTE EXTRA"
"4477",""
"4478","(EXTRA-SUPORTE)"
"4479","ESPECIALIDADE. CIRURGIA CARDIOVASCULAR FIO GUIA P/ ANGIOPLASTIA/COMP."
"4480",""
"4481","190CM/MODERADO SUPORTE"
"4482","ESPECIALIDADE. CIRURGIA CARDIOVASCULAR FIO GUIA P/ ANGIOPLASTIA/COMP.180CM/PESO"
"4483",""
"4484","DA PONTA 12 GRAMAS"
"4485","ESPECIALIDADE. CIRURGIA CARDIOVASCULAR FIO GUIA P/ ANGIOPLASTIA/COMP.180CM/PESO"
"4486",""
"4487","DA PONTA 6 GRAMAS"
"4488","ESPECIALIDADE. CIRURGIA CARDIOVASCULAR FIO GUIA P/ ANGIOPLASTIA/SUPORTE FLOPPY"
"4489","ESPECIALIDADE. CIRURGIA CARDIOVASCULAR FIO GUIA P/ ANGIPLASTIA/COMP.190CM/EXTRA"
"4490",""
"4491","SUPORTE"
"4492","ESPECIALIDADE. CIRURGIA CARDIOVASCULAR GERADOR DE MARCAPASSO DUPLA-CÅMARA."
"4493","ESPECIALIDADE. CIRURGIA CARDIOVASCULAR GERADOR DE MARCAPASSO MULTISSITIO-"
"4494",""
"4495","RESSINCRONIZADOR RNM"
"4496","ESPECIALIDADE. CIRURGIA CARDIOVASCULAR GERADOR DE MARCAPASSO UNICAMERAL."
"4497","ESPECIALIDADE. CIRURGIA CARDIOVASCULAR GUIA HIDROF÷LICA/0,014""/PROCED. COMPLEXOS"
"4498",""
"4499","DE DIAGN./INTERV."
"4500","ESPECIALIDADE. CIRURGIA CARDIOVASCULAR INTROD. VALV. PERCT./5F, DE 10 A"
"4501",""
"4502","12CM/VÇLVULA HEMOSTÇTICA"
"4503","ESPECIALIDADE. CIRURGIA CARDIOVASCULAR INTROD. VALV. PERCUT./6F, DE 10 A"
"4504",""
"4505","12CM/VÇLVULA HEMOSTÇTICA"
"4506","ESPECIALIDADE. CIRURGIA CARDIOVASCULAR INTROD. VALVULADO PERCUT./5F,DE 10 A"
"4507",""
"4508","12CM/AGULHA PUNCAO"
"4509","ESPECIALIDADE. CIRURGIA CARDIOVASCULAR INTRODUR VALVULADO PERCUTÄNEO - 7F, DE 23"
"4510",""
"4511","A 24CM"
"4512","ESPECIALIDADE. CIRURGIA CARDIOVASCULAR INTRODUTOR DE PUNCAO PARA IMPLANTE DE"
"4513",""
"4514","ELETRODO ENDOCÇRDICO"
"4515","ESPECIALIDADE. CIRURGIA CARDIOVASCULAR INTRODUTOR FAB. C/ CARACTERISTICAS DE"
"4516",""
"4517","MAXIMA FLEX. (DET)"
"4518","ESPECIALIDADE. CIRURGIA CARDIOVASCULAR INTRODUTOR RADIAL - 5F, DE 10 A 13CM, FIO"
"4519",""
"4520","0,021"" A 0,025"""
"4521","ESPECIALIDADE. CIRURGIA CARDIOVASCULAR INTRODUTOR RADIAL/6F, DE 10 A 13 FIO GUIA"
"4522",""
"4523","DE 0,021"" A 0,025"""
"4524","ESPECIALIDADE. CIRURGIA CARDIOVASCULAR INTRODUTOR VALVULADO PERCUTÄNEO - 6F, DE"
"4525",""
"4526","10 A 12CM"
"4527","ESPECIALIDADE. CIRURGIA CARDIOVASCULAR INTRODUTOR VALVULADO PERCUTÄNEO - 6F, DE"
"4528",""
"4529","23 A 24CM"
"4530","ESPECIALIDADE. CIRURGIA CARDIOVASCULAR INTRODUTOR VALVULADO PERCUTÄNEO - 7F, DE"
"4531",""
"4532","10 A 12CM"
"4533","ESPECIALIDADE. CIRURGIA CARDIOVASCULAR INTRODUTOR VALVULADO PERCUTÄNEO - 8F, DE"
"4534",""
"4535","10 A 12CM"
"4536","ESPECIALIDADE. CIRURGIA CARDIOVASCULAR INTRODUTOR VALVULADO PERCUTÄNEO - 9F, DE"
"4537",""
"4538","10 A 12CM"
"4539","ESPECIALIDADE. CIRURGIA CARDIOVASCULAR INTRODUTOR VALVULADO PERCUTÄNEO 10F, DE"
"4540",""
"4541","10 A 12CM"
"4542","ESPECIALIDADE. CIRURGIA CARDIOVASCULAR INTRODUTOR VALVULADO PERCUTÅNEO 4F, DE"
"4543",""
"4544","11CM"
"4545","ESPECIALIDADE. CIRURGIA CARDIOVASCULAR INTRODUTOR VALVULADO PERCUTÄNEO 4F, DE"
"4546",""
"4547","7,5 OU 8,5CM"
"4548","ESPECIALIDADE. CIRURGIA CARDIOVASCULAR INTRODUTOR VALVULADO PERCUTÄNEO 5F, DE"
"4549",""
"4550","7,5 A 8,5CM"
"4551","ESPECIALIDADE. CIRURGIA CARDIOVASCULAR INTRODUTOR VALVULAR PERCUTÄNEO 11F, DE"
"4552",""
"4553","10 E 12CM"
"4554","ESPECIALIDADE. CIRURGIA CARDIOVASCULAR MARCAPASSO CARDIACO MULTIPROGRAMAVEL"
"4555",""
"4556","COM CÅMARA DUPLA."
"4557","ESPECIALIDADE. CIRURGIA CARDIOVASCULAR MARCAPASSO CARDIACO MULTIPROGRAMAVEL"
"4558",""
"4559","COM TELEMETRIA."
"4560","ESPECIALIDADE. CIRURGIA CARDIOVASCULAR MARCAPASSO MUTI-SITIO."
"4561","ESPECIALIDADE. CIRURGIA CARDIOVASCULAR PATCH INORGÅNICO MINIMO DE 225 CMÊ DE"
"4562",""
"4563","FELTRO"
"4564","ESPECIALIDADE. CIRURGIA CARDIOVASCULAR PATCH ORGANICO 50 CM2."
"4565","ESPECIALIDADE. CIRURGIA CARDIOVASCULAR PROTESE INTRALUMINAL CORONARIANA COM"
"4566",""
"4567","BALAO."
"4568","ESPECIALIDADE. CIRURGIA CARDIOVASCULAR PROTESE VALVAR BIOLOGICA"
"4569",""
"4570","AORTICA,PERICARDIO BOVINO, C/ANEL"
"4571","ESPECIALIDADE. CIRURGIA CARDIOVASCULAR PROTESE VALVULAR BIOLOGICA COM SUPORTE"
"4572",""
"4573","OU ANEL  ."
"4574","ESPECIALIDADE. CIRURGIA CARDIOVASCULAR PROTESE VALVULAR BIOLOGICA COM SUPORTE"
"4575",""
"4576","OU ANEL - AORTICA."
"4577","ESPECIALIDADE. CIRURGIA CARDIOVASCULAR PROTESE VALVULAR MECÅNICA DE DUPLO"
"4578",""
"4579","FOLHETO - AORTICA."
"4580","ESPECIALIDADE. CIRURGIA CARDIOVASCULAR PROTESE INTRALUMINAL ARTERIAL PERIFERICA"
"4581",""
"4582","702040517"
"4583","ESPECIALIDADE. CIRURGIA CARDIOVASCULAR PROTESE VALVAR BIOLOGICA MITRAL,"
"4584",""
"4585","PERICARDIO BOVINO C/ANEL"
"4586","ESPECIALIDADE. CIRURGIA CARDIOVASCULAR PROTESE VALVULAR MECANICA DE DUPLO"
"4587",""
"4588","FOLHETO.."
"4589","ESPECIALIDADE. CIRURGIA CARDIOVASCULAR SCHUNT DE CAROTIDA"
"4590","ESPECIALIDADE. CIRURGIA CARDIOVASCULAR SISTEMA  DE PROTECAO CEREBRAL CAROTIDEA"
"4591",""
"4592","(DET)"
"4593","ESPECIALIDADE. CIRURGIA CARDIOVASCULAR SISTEMA DE ELETRODOS P/ESTIMULAÇÃO"
"4594",""
"4595","MULTISSITIO,ATRIOVENTRICU"
"4596","ESPECIALIDADE. CIRURGIA CARDIOVASCULAR SISTEMA DE ELETRODOS PARA ESTIMULAÇÃO"
"4597",""
"4598","MULTI-SITIO."
"4599","ESPECIALIDADE. CIRURGIA CARDIOVASCULAR SISTEMA DE LIBERACAO DE COIL"
"4600","ESPECIALIDADE. CIRURGIA CARDIOVASCULAR STEN PERIFÔRICO EXPANSIVEL POR BALAO"
"4601",""
"4602","COMPATIVEL GUIA 0,035"
"4603","ESPECIALIDADE. CIRURGIA CARDIOVASCULAR STENT ""ALONE"" EXPANDIDO POR BALAO."
"4604","ESPECIALIDADE. CIRURGIA CARDIOVASCULAR STENT AUTO EXPANSIVEL DE NITINOL PARA"
"4605",""
"4606","FEMORAL."
"4607","ESPECIALIDADE. CIRURGIA CARDIOVASCULAR STENT AUTO-EXPANSIVEL DE NITINOL."
"4608","ESPECIALIDADE. CIRURGIA CARDIOVASCULAR STENT AUTOEXPANSIVEL DE NITINOL PRÔ-"
"4609",""
"4610","MONTADO.FIO GUIA 0,018"""
"4611","ESPECIALIDADE. CIRURGIA CARDIOVASCULAR STENT AUTOEXPANSIVEL DE NITINOL PRÔ-"
"4612",""
"4613","MONTADO.FIO GUIA 0,035"""
"4614","ESPECIALIDADE. CIRURGIA CARDIOVASCULAR STENT AUTOEXPANSIVEL DE NITINOL, RETO."
"4615","ESPECIALIDADE. CIRURGIA CARDIOVASCULAR STENT CROMO COBALTO/TAMANHOS: 2,5 A"
"4616",""
"4617","4,0MM - DIÄMETRO"
"4618","ESPECIALIDADE. CIRURGIA CARDIOVASCULAR STENT DE CROMO-COBALTO"
"4619","ESPECIALIDADE. CIRURGIA CARDIOVASCULAR STENT DE NITINOL PARA REMODELAÇÃO"
"4620",""
"4621","ENDOVASCULAR."
"4622","ESPECIALIDADE. CIRURGIA CARDIOVASCULAR STENT INTRALUMINAL ARTERIAL PERIFÔRICO."
"4623","ESPECIALIDADE. CIRURGIA CARDIOVASCULAR STENT P/ ANGIOPLASTIA DE CAROTIDA"
"4624",""
"4625","AUTOEXPANSIVEL EM ALGILOL"
"4626","ESPECIALIDADE. CIRURGIA CARDIOVASCULAR STENT PARA ANGIOPLASTIA DE CAROTIDA"
"4627",""
"4628","AUTOEXPANSIVEL-CONICO"
"4629","ESPECIALIDADE. CIRURGIA CARDIOVASCULAR STENT PARA ANGIOPLASTIA RENAL EM LIGA DE"
"4630",""
"4631","CROMO-COBALTO."
"4632","ESPONJAS HEMOSTATICAS ESPONJA HEMOSTATICA BASE DE COLAGENO,MED.ENTRE 100 A"
"4633",""
"4634","150CM2"
"4635","FILMES PARA RADIODIAGNOSTICO DIGITAL, 20X25CM"
"4636","FILMES PARA RADIODIAGNOSTICO DIGITAL, 26X36CM"
"4637","FILMES PARA RADIODIAGNOSTICO FILME PARA IMPRESSAO A SECO MEDINDO 35X43CM"
"4638","FILMES PARA RADIODIAGNOSTICO FILME PLANO, BRANCO E PRETO, MEDIDAS 18X24CM"
"4639","FILMES PARA RADIODIAGNOSTICO FILME PLANO, BRANCO E PRETO, MEDIDAS 24X30CM"
"4640","FILMES PARA RADIODIAGNOSTICO FILME PLANO, BRANCO E PRETO, MEDIDAS 30X40CM"
"4641","FILMES PARA RADIODIAGNOSTICO FILME PLANO, BRANCO E PRETO, MEDIDAS 35X43CM"
"4642","FILMES PARA RADIODIAGNOSTICO FILMES PARA MAMOGRAFIA 25CM X 30 CM"
"4643","FILTRO PARA APARELHO RESPIRADOR FILTRO DE ANESTESIA A BASE DE CAL SODADA,C/"
"4644",""
"4645","APROX. 3,4 KG"
"4646","FILTROS BACTERIANOS DE USO MEDICINAL FILTRO BACTERIANO P/O PREPARO DE SOLUCOES"
"4647",""
"4648","CITOSTATICA (DET.)"
"4649","FILTROS BACTERIANOS DE USO MEDICINAL FILTRO BARREIRA BACTERIA/VIRUS, AUTO"
"4650",""
"4651","UMIDIFICADOR(DETALHADA)"
"4652","FILTROS BACTERIANOS DE USO MEDICINAL FILTRO ELETROSTATICO BACTER/VIRAL,PAC"
"4653",""
"4654","NEONATAL,V 30-100ML"
"4655","FILTROS BACTERIANOS DE USO MEDICINAL FILTRO ELETROSTATICO BACTER/VIRAL,PAC"
"4656",""
"4657","PEDIATRICO,V 75-300ML"
"4658","FILTROS BACTERIANOS DE USO MEDICINAL FILTRO"
"4659",""
"4660","HEPA,CIRC.RESP.EQUIP.VENTILACAO.MECANICA.AP.ANESTESIA"
"4661","FILTROS BACTERIANOS DE USO MEDICINAL FILTRO PARA ENTRADA DE AR DE INCUB. MARCA"
"4662",""
"4663","FANEN (DETALHADA)"
"4664","FILTROS BACTERIANOS DE USO MEDICINAL FILTRO PARA SOLUCOES INTRAVENOSAS NAO-"
"4665",""
"4666","LIPIDICAS (DETALHADA)"
"4667","FIO PARA USO EM CIRURGIA DE ORTESE E PROTESE FIO DE KIRSHNER DE ACO INOX DE 300MM"
"4668",""
"4669","DE COMPRIMENTO."
"4670","FIO PARA USO EM CIRURGIA DE ORTESE E PROTESE FIO DE STEIMANN ACO INOX DE 300MM DE"
"4671",""
"4672","COMPRIMENTO."
"4673","FIO PARA USO EM CIRURGIA DE ORTESE E PROTESE FIO OLIVADO PARA FIXADOR EXTERNO"
"4674","FIO PARA USO EM CIRURGIA DE ORTESE E PROTESE FIOS DE LUQUE - USO EXCLUSIVO DO HIJG"
"4675","FIOS CIRURGICOS 3LIP PARA LIGADURA EM TITÅNIO,TAMANHO PEQUENO,ESTÔRIL"
"4676","FIOS CIRURGICOS CARGA GRAMPEADOR LINEAR CORT. ALTURA 2,5MM VASCULAR 1,0MM"
"4677","FIOS CIRURGICOS CARGA GRAMPEADOR LINEAR CORT.4,5 A 4,8 MM TECIDO ESPESSO 2MM"
"4678","FIOS CIRURGICOS CARGA GRAMPEADOR LINEAR CORTANTE APROX.3,8MM A 3,85MM"
"4679","FIOS CIRURGICOS CARGA P/ GRAMP. ENDOSCOPIO LINEAR CORTANTE/60MM/ESP. 2,0MM"
"4680","FIOS CIRURGICOS CARGA P/ GRAMP. ENDOSCOPIO LINEAR CORTANTE/60MM/VASC. 1,0MM"
"4681","FIOS CIRURGICOS CARGA P/ GRAMP. LINEAR/NAO ARTIC./NAO CORTANTE/ESPESSO 2,0MM"
"4682","FIOS CIRURGICOS CARGA P/ GRAMP. LINEAR/NAO ARTIC./NAO CORTANTE/NORMAL 1,5MM"
"4683","FIOS CIRURGICOS CARGA P/ GRAMP.LINEAR/NAO ARTIC./NAO CORT./60MM/ESPES.1,5MM"
"4684","FIOS CIRURGICOS CARGA P/ GRAMP.LINEAR/NAO ARTIC./NAO CORTANTE/VASCULAR 1,0MM"
"4685","FIOS CIRURGICOS CARGA P/ GRAMPEADOR LINEAR CORTANTE 75 A 80MM/NORMAL 1,5MM"
"4686","FIOS CIRURGICOS CARGA P/ GRAP. ENDOSCOPIO LINEAR CORTANTE/60MM/NORMAL 1,5MM"
"4687","FIOS CIRURGICOS CARGA P/ GRAP.LINEAR/NAO ARTIC./NAO CORTANTE/60MM/ESP. 2,0MM"
"4688","FIOS CIRURGICOS CARGA P/ GRAPEADOR LINEAR CORTANTE 75 A 80MM/ESPESSO 2,0MM"
"4689","FIOS CIRURGICOS CERA P/OSSO,ESTERIL,EMB.UNITARIA."
"4690","FIOS CIRURGICOS CLIP PARA LIGADURA EM TITÅNIO, TAMANHO GRANDE, ESTÔRIL"
"4691","FIOS CIRURGICOS CLIP PARA LIGADURA EM TITÅNIO, TAMANHO MÔDIO-GRANDE, ESTÔRIL"
"4692","FIOS CIRURGICOS CLIP PARA LIGADURA EM TITÅNIO, TAMANHO MÔDIO, ESTÔRIL"
"4693","FIOS CIRURGICOS CLIPS DE LIGADURAS VASCULAR, TAMANHO 10 MM, EM POLIMERO"
"4694","FIOS CIRURGICOS CLIPS DE LIGADURAS VASCULAR, TAMANHO 13 MM, EM POLIMERO"
"4695","FIOS CIRURGICOS CLIPS DE LIGADURAS VASCULAR, TAMANHO 16 MM, EM POLIMERO"
"4696","FIOS CIRURGICOS FIO CIR ACO INOX,ESP.1,C/4X45CM COMP.AG1/2CIRTRIG.4CM(D)"
"4697","FIOS CIRURGICOS FIO CIR.  POLIGLACTINA/ACIDO POLIGLICOLICO,7-0,OFTALMOLOGICO"
"4698","FIOS CIRURGICOS FIO CIR. CROMADO, 0, 70 A 75CM COMP. AGULHA 1/2"
"4699","FIOS CIRURGICOS FIO CIR. MONOF. POLIPROPILENO,AZUL,6-0,75CM, 2AGULHAS .3/8"
"4700","FIOS CIRURGICOS FIO CIR. SEDA TRANCADA,2,S/AGULHA, PRETO (DETALHADA)"
"4701","FIOS CIRURGICOS FIO CIR.,MONOF.,POLIAMIDA,3-0,C/AG.3/8,TRI.,MED.3.0CM PT."
"4702","FIOS CIRURGICOS FIO CIR.,MONOF.,SINT.,5-0,C/AG.3/8,TRI.,MED.3.0CM INCOLOR(D)"
"4703","FIOS CIRURGICOS FIO CIR.,MONOF.POLIAMIDA,4-0,C/AG.M/C,TRI.,MED.1.5CM PT.(D)"
"4704","FIOS CIRURGICOS FIO CIR.ACO INOX,4,C/AGULHA (DET.)"
"4705","FIOS CIRURGICOS FIO CIR.ACO INOX,5,C/AGULHA M/C,TRIANGULAR,4.8CM (DET.)"
"4706","FIOS CIRURGICOS FIO CIR.ACO INOX,ESPESSURA 0,X 60CM COMPRIMENTO S/AGULHA"
"4707","FIOS CIRURGICOS FIO CIR.ALGODAO,ESPESSURA 0,S/AGULHA,COR PRETA/AZUL"
"4708","FIOS CIRURGICOS FIO CIR.ALGODAO,ESPESSURA 2-0,S/AGULHA,COR PRETA/AZUL"
"4709","FIOS CIRURGICOS FIO CIR.ALGODAO,ESPESSURA 3-0,S/AGULHA,COR PRETA/AZUL(DET.)"
"4710","FIOS CIRURGICOS FIO CIR.CATGUT CROM. 1, 70 CM COMP. AGULHA 1/2, 4.0 CM"
"4711","FIOS CIRURGICOS FIO CIR.CROMADO,0,C/AGULHA M/C,RED.MED.4.0CM."
"4712","FIOS CIRURGICOS FIO CIR.CROMADO,1,C/AG.3/8 CIRC.,RED.,MED.3.0CM"
"4713","FIOS CIRURGICOS FIO CIR.CROMADO,2-0,C/AGULHA 1/2 CIRC.REDONDA,MED.2.5CM (D)"
"4714","FIOS CIRURGICOS FIO CIR.CROMADO,3-0,C/AGULHA M/C,REDONDA,MED.2.5CM"
"4715","FIOS CIRURGICOS FIO CIR.CROMADO,5-0,C/AGULHA M/C,REDONDA,MED.1.5CM (DET.)"
"4716","FIOS CIRURGICOS FIO CIR.LINHO BRANCO,0,C/AG.3/8 CIRC.REDONDA,MED.3.0CM (D)"
"4717","FIOS CIRURGICOS FIO CIR.LINHO BRANCO,2-0,C/AG. 3/8 RED.3.0CM (DET)"
"4718","FIOS CIRURGICOS FIO CIR.LINHO BRANCO,ESPESSURA 0,S/AGULHA (DETALHADA)"
"4719","FIOS CIRURGICOS FIO CIR.MONOF,POLIAMIDA,4-0,C/2 AG.M/C,RED.MED.2.5CM PT(D)"
"4720","FIOS CIRURGICOS FIO CIR.MONOF. ABS. SINT.C/AG. M/C,CIL. MED.3,5A 3.7CM"
"4721","FIOS CIRURGICOS FIO CIR.MONOF.,POLIAMIDA,5-0,C/AG.M/C,TRI.,MED.2.5CM PT(D)"
"4722","FIOS CIRURGICOS FIO CIR.MONOF.,POLIAMIDA,6-0,C/AG.M/C,TRI.MED.1.5CM PT.(D)"
"4723","FIOS CIRURGICOS FIO CIR.MONOF.,POLIPROPILENO,4-0,C/2AG.M/C,RED.MED.1.5CM(D)"
"4724","FIOS CIRURGICOS FIO CIR.MONOF.ABS. SINT.ESP.4 C/AG.1/2C, RED.1,5 A.1.7MM(D)"
"4725","FIOS CIRURGICOS FIO CIR.MONOF.ABS. SINT.ESP.5 C/AG.1/2C, RED.1,5 A.1.7MM(D)"
"4726","FIOS CIRURGICOS FIO CIR.MONOF.ABS. SINT.ESP.5 C/AG.3/8C, TRIANG (DET)"
"4727","FIOS CIRURGICOS FIO CIR.MONOF.C/POLIGLE.ABS.SINT.ESP.5 C/AG.3/8C,TRIANGULAR"
"4728","FIOS CIRURGICOS FIO CIR.MONOF.POLIAMIDA 2-0C/AG.3/8 CIR.TRI.MED.4CM PT.(D)"
"4729","FIOS CIRURGICOS FIO CIR.MONOF.POLIAMIDA,4-0,C/AG.3/8,TRI.,MED.2.5CM PT.(D)"
"4730","FIOS CIRURGICOS FIO CIR.MONOF.POLIAMIDA,5-0,C/AG.M/C,TRI.,MED.1.5CM PT.(D)"
"4731","FIOS CIRURGICOS FIO CIR.MONOF.POLIAMIDA,6-0,C/AG.3/8,TRI.MED.2.0CM PT (D)"
"4732","FIOS CIRURGICOS FIO CIR.MONOF.POLIPROPILENO,0,C/AG.M/C,RED.MED.3.5CM AZ"
"4733","FIOS CIRURGICOS FIO CIR.MONOF.POLIPROPILENO,2-0,C/2 AG.M/C,RED.MED.2.5 AZ (D"
"4734","FIOS CIRURGICOS FIO CIR.MONOF.POLIPROPILENO,2-0,C/AG.3/8CIRC.RED.3.0CM AZ (D"
"4735","FIOS CIRURGICOS FIO CIR.MONOF.POLIPROPILENO,3-0,C/2 AG.M/C,RED.3.0CM AZ(D)"
"4736","FIOS CIRURGICOS FIO CIR.MONOF.POLIPROPILENO,4-0,C/2AG.M/C,RED.2.0CM AZ(D)"
"4737","FIOS CIRURGICOS FIO CIR.MONOF.POLIPROPILENO,5-0,C/2 AG. M/C,RED.1.5CM AZ (D)"
"4738","FIOS CIRURGICOS FIO CIR.MONOF.POLIPROPILENO,5-0,C/2AG M/C,R.1,0AZ(D"
"4739","FIOS CIRURGICOS FIO CIR.MONOF.POLIPROPILENO,8-0,C2 AG.3/8 CIRC.RED. 0.65"
"4740","FIOS CIRURGICOS FIO CIR.MONOF.POLIPROPILENO,AZUL, 7-0.60CM. 2AGUL. CIRC.3/8"
"4741","FIOS CIRURGICOS FIO CIR.OFT,SINT.POLIGLACTINA,CORADO,5-0,C/2AG.1/4,ESP.8.7(D"
"4742","FIOS CIRURGICOS FIO CIR.OFT.,SINT.POLIGLACTINA,6-0,C/2AG.1/4,ESP.8.7"
"4743","FIOS CIRURGICOS FIO CIR.OFT.MONOF.POLIAM.10-0,C/2 AG.M/C,ESP.7.0/7.5 PT(D)"
"4744","FIOS CIRURGICOS FIO CIR.OFT.MONOF.POLIP.10-0,C/2AG.3/8 CIR.0.65CM(D)"
"4745","FIOS CIRURGICOS FIO CIR.OFTAL.SEDA TRANC.PRETO/AZUL,8-0,30CM, 2AGUL. CIR.1/2"
"4746","FIOS CIRURGICOS FIO CIR.POLI.TRAN.POLIBUTILATO/SILIC. 2-0.75CM.2AGUL.3/8,5.0"
"4747","FIOS CIRURGICOS FIO CIR.POLIESTER TRANC., 2,C AGULHA.1/2,TRIANGULAR"
"4748","FIOS CIRURGICOS FIO CIR.POLIESTER TRANC.,5,C/AG.M/C,TRI.MED.4.7CM"
"4749","FIOS CIRURGICOS FIO CIR.POLIESTER TRANCADO,0,S/AGULHA (DETALHADA)"
"4750","FIOS CIRURGICOS FIO CIR.POLIESTER TRANCADO,2-0,C/AG. 3/8,RED.MED.3.0CM"
"4751","FIOS CIRURGICOS FIO CIR.POLIGLECAPRONE,3-0,C/AG.3/8,TRIANG.,1,95CM(DET.)"
"4752","FIOS CIRURGICOS FIO CIR.POLIÔSTER TR.IMPREGNADO C/ POLIBUTILATO OU SILICONE"
"4753","FIOS CIRURGICOS FIO CIR.POLIÔSTER TRAN. OFTALM.BRANCO,5-0,45CM,2AGU.1/4,8.7"
"4754","FIOS CIRURGICOS FIO CIR.SEDA TRANC.6-0,C/2AG.3/8,ESPAT.,MED.6.5MM,PRETO"
"4755","FIOS CIRURGICOS FIO CIR.SEDA TRANCADA,0,S/AGULHA, PRETO (DETALHADA)"
"4756","FIOS CIRURGICOS FIO CIR.SEDA TRANCADA,2-0,C/AG.3/8,RED.,MED.3.0CM,PRETO(D)"
"4757","FIOS CIRURGICOS FIO CIR.SEDA TRANCADA,2-0,S/AGULHA,PRETO (DETALHADA)"
"4758","FIOS CIRURGICOS FIO CIR.SEDA TRANCADA,3-0,C/AG.3/8,RED.,MED.3.0CM,PRETO(D)"
"4759","FIOS CIRURGICOS FIO CIR.SEDA TRANCADA,3-0,C/AG.M/C,TRI.,MED.1.5CM,PRETO(D)"
"4760","FIOS CIRURGICOS FIO CIR.SEDA TRANCADA,3-0,S/AGULHA, PRETO (DETALHADA)"
"4761","FIOS CIRURGICOS FIO CIR.SEDA TRANCADA,4-0,C/AG.M/C,TRI.MED.1.5CM,PRETO(D)"
"4762","FIOS CIRURGICOS FIO CIR.SEDA TRANCADA,4-0,S/AGULHA,PRETO(DETALHADA)"
"4763","FIOS CIRURGICOS FIO CIR.SIMPLES,0,C/AG. M/C,REDONDA,MED.4.0CM"
"4764","FIOS CIRURGICOS FIO CIR.SIMPLES,1,C/AG.3/8,REDONDA,MED.3.0CM"
"4765","FIOS CIRURGICOS FIO CIR.SIMPLES,2-0,C/AG.M/C,REDONDA,MED.3.0CM (DET.)"
"4766","FIOS CIRURGICOS FIO CIR.SIMPLES,2-0,S/AGULHA (DETALHADA)"
"4767","FIOS CIRURGICOS FIO CIR.SIMPLES,3-0,C/AG.M/C,REDONDA,MED.2.5CM (DET.)"
"4768","FIOS CIRURGICOS FIO CIR.SIMPLES,4-0,C/AG.M/C,RED.,MED.1.5CM (DETALHADA)"
"4769","FIOS CIRURGICOS FIO CIR.SIMPLES,4-0,C/AG.M/C,RED.,MED.2.0CM (DETALHADA)"
"4770","FIOS CIRURGICOS FIO CIR.SINT.POLIDIOXANONA,4-0,C/AG.M/C,RED.MED.1.5CM(DET)"
"4771","FIOS CIRURGICOS FIO CIR.SINT.POLIDIOXANONA,4-0,C/AG.M/C,RED.MED.2.5CM(DET)"
"4772","FIOS CIRURGICOS FIO CIR.SINT.POLIDIOXANONA,5-0,C/2AG.M/C,RES.MED.1,5CM(DET)"
"4773","FIOS CIRURGICOS FIO CIR.SINT.POLIGLAC,INCOLOR,2-0,C/AG.M/C,TRI.2.5CM"
"4774","FIOS CIRURGICOS FIO CIR.SINT.POLIGLACTINA,CORADO, 1.,70CM, AGULHA  ̧, 3,5CM"
"4775","FIOS CIRURGICOS FIO CIR.SINT.POLIGLACTINA,CORADO,0,C/AG.M/C,RED.3.5CM(D)"
"4776","FIOS CIRURGICOS FIO CIR.SINT.POLIGLACTINA,CORADO,2-0,C/AG.3/8,RED.3.0CM"
"4777","FIOS CIRURGICOS FIO CIR.SINT.POLIGLACTINA,CORADO,2-0,C/AG.M/C,RED.2.5CM(D)"
"4778","FIOS CIRURGICOS FIO CIR.SINT.POLIGLACTINA,CORADO,3-0,C/AG.M/C,RED.2.5CM(D)"
"4779","FIOS CIRURGICOS FIO CIR.SINT.POLIGLACTINA,CORADO,3-0,C/AG.M/C,TRI.2.0CM"
"4780","FIOS CIRURGICOS FIO CIR.SINT.POLIGLACTINA,CORADO,4-0,C/AG.M/C,RED.2.0CM(D)"
"4781","FIOS CIRURGICOS FIO CIR.SINT.POLIGLACTINA,CORADO,6-0,C/AG.M/C,TRI.1.5"
"4782","FIOS CIRURGICOS FIO CIR.SINT.POLIGLACTINA,CORADO,8-0,C/2AG.3/8,ESP.6.5MM(D)"
"4783","FIOS CIRURGICOS FIO CIR.SINT.POLIGLACTINA,INCOLOR,4-0,C/AG.3/8,TRI.2.0CM(D)"
"4784","FIOS CIRURGICOS FIO CIR.SINT.POLIGLACTINA,INCOLOR.5-0,C/AG.M/C,TRI.1.5CM"
"4785","FIOS CIRURGICOS FIO CIR.SINTETICO POLIDIOXANONA,1,AG.M/C,RED.6.5CM"
"4786","FIOS CIRURGICOS FIO CIR.SINTETICO POLIDIOXANONA,2-0,C/AG.M/C,RED.2.5CM"
"4787","FIOS CIRURGICOS FIO CIR.SINTETICO POLIDIOXANONA,3-0,C/AG.M/C,RED.2.5CM(D)"
"4788","FIOS CIRURGICOS FIO CIR.SINTETICO,POLIDIOXANONA,6-0,C/2AG.3/8,RED.1.3CM"
"4789","FIOS CIRURGICOS FIO CIR.SINTETICO,POLIDIOXANONA,7-0,C/2AG.3/8,RED.0.90CM"
"4790","FIOS CIRURGICOS FIO CIRURG.MONOFIL.4-0, 70CM,AG.2,5CM,1/2 CIRCULO"
"4791","FIOS CIRURGICOS FIO CIRURGICO DE POLIESTER TRANCADO (DETALHADA)"
"4792","FIOS CIRURGICOS FIO CIRURGICO EM NYLON MONOF.2-0,COM AG.3.0CM CUTICULAR"
"4793","FIOS CIRURGICOS FIO CIRURGICO SINT.POLIG.INC.ESP.3-0.70CM COMP.C/AG.3/8CIR."
"4794","FIOS CIRURGICOS FIO CIRURGICO SINT.POLIGL.COR ESP 3-0 COMP.70CM AG.5/8 CIRC."
"4795","FIOS CIRURGICOS FIO CIRÞRGICO CROMADO, 4-0, 70 A 75CM COMPRIMENTO,AGULHA 1/2"
"4796","FIOS CIRURGICOS FIO CIRÞRGICO MONOFILAMENTAR ABSORVIVEL, SINTÔTICO, ESP. 4,0"
"4797","FIOS CIRURGICOS FIO CIRÞRGICO MONOFILAMENTAR C/POLIGLECAPRONE ABSORVIVEL"
"4798","FIOS CIRURGICOS FIO CIRÞRGICO POLIESTER TRANCADO,ESPE.0,COMP.75CM,AGULHA 3/8"
"4799","FIOS CIRURGICOS FIO CIRÞRGICO,MONOF.POLIP.AZUL, 3-0,COM 75, 1 AGULHA 3/8,3.0"
"4800","FIOS CIRURGICOS FIO CIRÞRGICO,MONOF.POLIP.AZUL, 3-0,COM 75,2 AGULHAS 1/2,2.5"
"4801","FIOS CIRURGICOS FIO DE ACO P/ CERCLAGEM, USADO EM CIR. ORTOPEDICA NR 1,0"
"4802","FIOS CIRURGICOS FIO DE ACO P/ CERCLAGEM, USADO EM CIR. ORTOPEDICA NR 1,5"
"4803","FIOS CIRURGICOS FIO MICROCIR. MONOF.POL.PRETO,10-0 DE 13-15 CM COMP.AGUL.3/8"
"4804","FIOS CIRURGICOS FIO P/CIR.MONOF.POLIPROPILENO,2,C/3AG23/8 CIRC.TRI.7.5"
"4805","FIOS CIRURGICOS FIO P/MARCAPASSO,2-0,MONOF.C/2AG:TRI.6CM,M/C,RED.2.5CM(DET.)"
"4806","FIOS CIRURGICOS FIO P/MICROCIR.MONOF.POLIAM.8-0,C/AG.3/8,RED.0.60A0.65CM(D)"
"4807","FIOS CIRURGICOS FIO P/MICROCIR.MONOF.POLIAMIDA,9-0,AG.3/8,RED.MED.3.73 PT(D"
"4808","FIOS CIRURGICOS FIOS CIRÞRGICOS SINTÔTICO POLIDIOXANONA, EMBALAGEM EM SACHE"
"4809","FIOS CIRURGICOS FITA CARDIACA MEDINDO 0.03X0.35X80X80CM, (DETALHADA)"
"4810","FIOS CIRURGICOS GRAMPEADOR ARTICULADO NAO CORTANTE/ALT.E ESPES. 1,5MM"
"4811","FIOS CIRURGICOS GRAMPEADOR CIRCULAR INTRALUMINAL 4,8 A 5,5 MM NC 28 A 29MM"
"4812","FIOS CIRURGICOS GRAMPEADOR CIRCULAR INTRALUMINAL 4,8 A 5,5MM NC 31 A 33MM"
"4813","FIOS CIRURGICOS GRAMPEADOR CIRCULAR INTRALUMINAL A 5,5 MM NC 25"
"4814","FIOS CIRURGICOS GRAMPEADOR CIRCULAR INTRALUMINAL APROX. 4,8 A 5,5MM NC 21"
"4815","FIOS CIRURGICOS GRAMPEADOR CURVO CORTANTE/CARGA COMP. 40MM/ESPESSO 2,0MM"
"4816","FIOS CIRURGICOS GRAMPEADOR ENDOCOPIO LINEAR CORTANTE/60MM"
"4817","FIOS CIRURGICOS GRAMPEADOR LINEAR - ALTURA 2,5MM TECIDO VASCULAR 1,0MM"
"4818","FIOS CIRURGICOS GRAMPEADOR LINEAR 55 A 60 MM ALTURA 4,5 A 4,8MM ESPESSO 2MM"
"4819","FIOS CIRURGICOS GRAMPEADOR LINEAR 55 A 60MM CORTANTE ALTURA 3,8 A 3,85MM."
"4820","FIOS CIRURGICOS GRAMPEADOR LINEAR 75 A 80MM DE APROX.3,8 A 3,85MM NORMAL 1,5"
"4821","FIOS CIRURGICOS GRAMPEADOR LINEAR 75 A 80MM/TECIDO ESPESSO 2,0MM"
"4822","FIOS CIRURGICOS GRAMPEADOR LINEAR ARTICULADO NAO CORTANTE/TECIDO ESP. 2,0MM"
"4823","FIOS CIRURGICOS GRAMPEADOR LINEAR NAO ARTICULADO/NAO CORTANTE/ESPESSO 2,0MM"
"4824","FIOS CIRURGICOS GRAMPEADOR LINEAR NAO ARTICULADO/NAO CORTANTE/NORMAL 1,5MM"
"4825","FIOS CIRURGICOS GRAMPEADOR LINEAR NAO ARTICULADO/NAO CORTANTE/VASCULAR 1,0MM"
"4826","FIOS CIRURGICOS GRAMPEADOR LINEAR/NAO ARTIC./NAO CORTANTE/60MM/ESPES. 1,5MM"
"4827","FIOS CIRURGICOS GRAPEADOR LINEAR/NAO ARTIC./NAO CORTANTE/60MM/ESPESSO 2,0MM"
"4828","FIOS CIRURGICOS KIT CIRURG. VALVULA MITRAL/AORTICA,FIO POLIÔST. TRANCADO-2,0"
"4829","FIOS CIRURGICOS KIT CORONARIANO,02PONTES,POLIPROPILENO,7-0,C/2AG.3/8,RED.(D)"
"4830","FIOS CIRURGICOS KIT CORONARIANO,03PONTES,POLIPROPILENO,1C/7-0,C/2AG.RED.(D)"
"4831","FIOS CIRURGICOS KIT OBSTETRICO C/FIO CIR. SIMPLES,0,C/3AG.M/C,RED.(DET.)"
"4832","FIOS CIRURGICOS LAMINA ENXERTO EM ACO CARBONO, MED. 15 CM(DETALHADA)"
"4833","FIOS CIRURGICOS TELA CIRÞRGICA P/ REFORCO ABDOMINAL - TAMANHO 15X20CM"
"4834","FIOS CIRURGICOS TELA CIRÞRGICA P/ REFORCO ABDOMINAL - TAMANHO10X15 CM"
"4835","FIOS CIRURGICOS TELA INORGÅNICA POLIPROPILENO, TAM. APROX.30X26 A 30X30CM"
"4836","FIOS CIRURGICOS TELA INORGANICA POLIPROPILENO, TAMANHO MÓDIO 15X15 CM"
"4837","FIOS CIRURGICOS TELA INORGANICA POLIPROPILENO, TAMANHO PEQUENO 7X15CM"
"4838","FIOS CIRURGICOS TELA INORGANICA POLIPROPILENO,AREA ATE 100CM2,ESTERIL(DET.)"
"4839","FITA REATIVA TIRA PARA DETERMINAÇÃO GLICOSE NO SANGUE, ADULTO/PEDIATRICO"
"4840","FIXADOR PARA USO EM CIRURGIA DE ORTESE E PROTESE FIXADOR EXTERNO LINEAR"
"4841","FIXADOR PARA USO EM CIRURGIA DE ORTESE E PROTESE MINI FIXADOR EXTERNO ARTICULADO"
"4842",""
"4843","PARA FALANGE E METACARPO"
"4844","FIXADOR PARA USO EM CIRURGIA DE ORTESE E PROTESE SISTEMA P/ FIXACAO OCCIPTO-"
"4845",""
"4846","CERVICAL SUS 0702031267"
"4847","FORMALDEIDO P.A.(FORMOL) FRASCO COM 1 LITRO"
"4848","FRASCO DE POLIETILENO FRASCO EM POLIETILENO,DIAM.MIN.BOCA"
"4849",""
"4850","30MM,C/TAMPA,CAP.250ML"
"4851","FRASCOS / COLETORES COLETOR/BOLSA URINA INFANTIL,UNISSEX,ADESIVO NAO ALERGÕNICO"
"4852","FRASCOS / COLETORES COPO DE PLASTICO/POLIPROPILENO GRADUADO, 60ML, AUTOCLAVE"
"4853","FRASCOS / COLETORES DISPENSADOR DE BANCADA TIPO PUMP P/ALCOOL GEL"
"4854","FRASCOS / COLETORES DISPOSITIVO EXTERNO P/INCONTINÕNCIA URINARIA, TAMANHO M*"
"4855","FRASCOS / COLETORES FRACOS COLETORES,DISP.EXTERNO P/INCONT.URINARIA MASC.PEQ.(D)"
"4856","FRASCOS / COLETORES FRASCO COL.CAP.1000ML,P/DREN.DE TORAX,C/EXTENSAO,ADAPTADOR"
"4857","FRASCOS / COLETORES FRASCO COL.CAP.250ML,P/DREN.DE TORAX,C/EXTENSAO E ADAPTADOR"
"4858","FRASCOS / COLETORES FRASCO COL.CAP.500ML,P/DREN.DE TORAX,C/EXTENSAO E ADAPTADOR"
"4859","FRASCOS / COLETORES FRASCO COLETOR DE URINA,SIST.ABERTO,C/EXT.CAP.1000ML.(DET.)"
"4860","FRASCOS / COLETORES FRASCO COLETOR DE VIDRO C/ROSCA,CAP.500CC. (DETALHADA)."
"4861","FRASCOS / COLETORES FRASCO COLETOR EM VIDRO,C/CAP. P/5L.C/TAMPA (DETALHADA)"
"4862","FRASCOS / COLETORES FRASCO COLETOR,DISP.EXT.P/INCONTINENCIA URINARIA MASC.GRAN(D"
"4863","FRASCOS / COLETORES FRASCO PARA COLETA DE URINA (24 HS)EM POLIPROPILENO 2000ML"
"4864","FRASCOS / COLETORES FRASCO PLAST. C/CAP.300ML. P/FORMULAS ENTERAIS (DETALHADA)."
"4865","FRASCOS / COLETORES RECIPIENTE DE VIDRO, COM BOCA LARGA, 450 ML (DET)"
"4866","FURADOR DE AORTA FURADOR DE AORTA DESC.HASTE C/19CM,CORTE REDONDO DIAM.3,5MM"
"4867","FURADOR DE AORTA FURADOR DE AORTA DESC.HASTE C/19CM,CORTE REDONDO DIAM.4,0MM"
"4868","FURADOR DE AORTA FURADOR DE AORTA DESC.HASTE C/19CM,CORTE REDONDO DIAM.4,5MM"
"4869","GANCHO PARA USO EM CIRURGIA DE ORTESE E PROTESE DISPOSITIVO INTERSOMATICO"
"4870",""
"4871","CARREGADOR DE ENXERTO TITANIO"
"4872","GANCHO PARA USO EM CIRURGIA DE ORTESE E PROTESE GANCHO LAMINAR"
"4873","GANCHO PARA USO EM CIRURGIA DE ORTESE E PROTESE GANCHO LAMINAR OFF-SET"
"4874","GANCHO PARA USO EM CIRURGIA DE ORTESE E PROTESE GANCHO LAMINAR PROCESSO"
"4875",""
"4876","TRANSVERSO"
"4877","GANCHO PARA USO EM CIRURGIA DE ORTESE E PROTESE GANCHO PEDICULAR"
"4878","GANCHO PARA USO EM CIRURGIA DE ORTESE E PROTESE GANCHO SUPRA-LAMINAR"
"4879","GAS GAS ESPECIAL, ARGONIO 4.8. PUREZA MINIMA DE 99,998%."
"4880","GAS GAS ESPECIAL, HELIO 6.0 ANALITICO,PUREZA MINIMA 99,9999%"
"4881","GAS GAS ESPECIAL, NITROGENIO 5.0 ECD, PUREZA MINIMA 99,999%"
"4882","GASES MEDICINAIS AR SINTETICO 5.0 ANALITICO, PUREZA MINIMA 99,999"
"4883","GASES MEDICINAIS GAS HELIO ANALITICO"
"4884","GASES MEDICINAIS HIDROGENIO 5.0 ANALITICO, PUREZA MINIMA 99,999"
"4885","GEL NAO ABRASIVO GEL NAO ABRASIVO P/LUBRIF.INT.SOL.AGUA,NAO GORD.SAC.5A10G(D"
"4886","GRAMPO PARA CIRURGIA DE ORTESE E PROTESE GRAMPO ORTOPÓDICO DE ACO"
"4887",""
"4888","INOXIDAVEL,ENGLOBA TODAS AS MEDIDAS"
"4889","GRAMPO PARA CIRURGIA DE ORTESE E PROTESE GRAMPOS DE CORPO VERTEBRAL - USO"
"4890",""
"4891","EXCLUSIVO DO HIJG"
"4892","GUIA PARA CIRURGIA FIO GUIA HIDROFILICA 0,035X150CM, REGULAR"
"4893","GUIA PARA CIRURGIA FIO GUIA HIDROFILICA 0,035X180CM, REGULAR"
"4894","GUIA PARA CIRURGIA FIO GUIA HIDROFILICA 0,035X260CM, HALF-STIFF"
"4895","GUIA PARA CIRURGIA FIO GUIA HIDROFILICA 0,035X260CM, REGULAR"
"4896","GUIA PARA CIRURGIA FIO GUIA HIDROFILICA 0,035X260CM, STIFF"
"4897","GUIA PARA CIRURGIA FIO GUIA TEFLONADO,PONTA EM J, 3MM, 0,035,140CM A 160CM"
"4898","GUIA PARA CIRURGIA MICRO CATETER"
"4899","HASTE PARA USO EM CIRURGIA DE ORTESE E PROTESE 0ASTE INTRAMEDULAR LONGA PARA"
"4900",""
"4901","FEMUR C/BLOQUEIO CEFÇLICO."
"4902","HASTE PARA USO EM CIRURGIA DE ORTESE E PROTESE COMPONENTE ACETABULAR"
"4903",""
"4904","POLIETILENO CIMENTADO - CROSS LINKED"
"4905","HASTE PARA USO EM CIRURGIA DE ORTESE E PROTESE COMPONENTE ACETABULAR"
"4906",""
"4907","POLIETILENO PARA ESFERAS 22,28,32"
"4908","HASTE PARA USO EM CIRURGIA DE ORTESE E PROTESE COMPONENTE"
"4909",""
"4910","CEFÇLICO/POLIETILENO/METALICO BIPOLAR"
"4911","HASTE PARA USO EM CIRURGIA DE ORTESE E PROTESE COMPONENTE FEMORAL FABRICADA EM"
"4912",""
"4913","ACO INOXIDÇVEL POLIDA"
"4914","HASTE PARA USO EM CIRURGIA DE ORTESE E PROTESE FIOS DE CERCLAGEM EM ACO INOX"
"4915",""
"4916","DIVERSOS DIÄMETROS."
"4917","HASTE PARA USO EM CIRURGIA DE ORTESE E PROTESE HASTE BLOQUEADA CANULADA"
"4918",""
"4919","FEMORAL."
"4920","HASTE PARA USO EM CIRURGIA DE ORTESE E PROTESE HASTE BLOQUEADA CANULADA TIBIAL"
"4921","HASTE PARA USO EM CIRURGIA DE ORTESE E PROTESE HASTE FEMORAL DE REVISAO NAO"
"4922",""
"4923","CIMENTADA C/ FIXACAO DISTAL"
"4924","HASTE PARA USO EM CIRURGIA DE ORTESE E PROTESE HASTE FEMORAL POLIDA DE REVISAO"
"4925",""
"4926","CIMENTADA, EM ACO INOX"
"4927","HASTE PARA USO EM CIRURGIA DE ORTESE E PROTESE HASTE FLEX÷VEL DE TITÄNIO, COM"
"4928",""
"4929","TRACAO."
"4930","HASTE PARA USO EM CIRURGIA DE ORTESE E PROTESE HASTE INTRAMEDULAR PARA FEMUR"
"4931",""
"4932","CURTA C/ BLOQUEIO CEFÇLICO"
"4933","HASTE PARA USO EM CIRURGIA DE ORTESE E PROTESE HASTE INTRAMEDULAR RETROGRADA,"
"4934",""
"4935","INCLUI PARAFUSOS."
"4936","HASTE PARA USO EM CIRURGIA DE ORTESE E PROTESE HASTE ORTOPÓDICA FABR. EM CROMO-"
"4937",""
"4938","COBALTO-MOLIBDENIO JOELH0"
"4939","HASTE PARA USO EM CIRURGIA DE ORTESE E PROTESE HASTE ORTOPÓDICA FABR. EM CROMO-"
"4940",""
"4941","COBALTO-MOLIBDENIO, TIBIAL"
"4942","HASTE PARA USO EM CIRURGIA DE ORTESE E PROTESE HASTE P ASSOCIAÇÃO PARAFUSOS DE"
"4943",""
"4944","TITÅNIO.HIJG. SUS 0702050334"
"4945","HASTE PARA USO EM CIRURGIA DE ORTESE E PROTESE HASTE P/ ASSOCIACAO C/ PARAFUSOS"
"4946",""
"4947","DE TITÄNIO SUS0702050334"
"4948","HASTE PARA USO EM CIRURGIA DE ORTESE E PROTESE RESTRITOR FEMORAL PARA RETENCAO"
"4949",""
"4950","DE CIMENTO TAMANHOS 10 A 20M"
"4951","HASTE PARA USO EM CIRURGIA DE ORTESE E PROTESE TELA CURVA PARA RECONSTRUCAO"
"4952",""
"4953","ACETABULAR FIXACAO C/PARAFUSOS"
"4954","HASTE PARA USO EM CIRURGIA DE ORTESE E PROTESE TELA RETA OU CURVA TROCANTERICA"
"4955",""
"4956","PARA RECONSTRUCAO FEMURAL"
"4957","INDICADOR QUIMICO FITA TIPO I P/ IDENTIFICAÇÃO DE PACOTES P/USO EM EMBALAGENS"
"4958","INDICADORES E MATERIAIS PARA ESTERELIZACAO A SECO INDI. QUIM, P/DETEC.FALHAS NA"
"4959",""
"4960","REMOCAO DE AR POR PRE-VACUO"
"4961","INDICADORES E MATERIAIS PARA ESTERELIZACAO A UMIDO EMB.P/ESTER.DE ARTIGOS"
"4962",""
"4963","MÔDICOS HOSPITALARES0,50M X 0,50M"
"4964","INDICADORES E MATERIAIS PARA ESTERELIZACAO A UMIDO EMBAL. P/ ESTERILIZACAO -"
"4965",""
"4966","TAMANHO 100CM X 100CM"
"4967","INDICADORES E MATERIAIS PARA ESTERELIZACAO A UMIDO EMBAL. PARA ESTERILIZACAO -"
"4968",""
"4969","TAMANHO 1,20M X 1,20M CM"
"4970","INDICADORES E MATERIAIS PARA ESTERELIZACAO A UMIDO EMBALAGEM  PARA"
"4971",""
"4972","ESTERILIZAÇÃO - TAMANHO 150M X 150CM"
"4973","INDICADORES E MATERIAIS PARA ESTERELIZACAO A UMIDO EMBALAGEM PARA ESTERILIZAÇÃO"
"4974",""
"4975","30CM X 30CM"
"4976","INDICADORES E MATERIAIS PARA ESTERELIZACAO A UMIDO EMBALAGEM PARA ESTERILIZAÇÃO"
"4977",""
"4978","TAMANHO 0,75M X 0,75M"
"4979","INDICADORES E MATERIAIS PARA ESTERELIZACAO A UMIDO FITA ADESIVA FLEXIVEL,"
"4980",""
"4981","BRANCA/BEGE, MEDINDO 1.9CM(L)X50M(C)"
"4982","INDICADORES E MATERIAIS PARA ESTERELIZACAO A UMIDO INDICADOR BIOLOGICO PARA"
"4983",""
"4984","ESTERILIZACAO A VAPOR (DETALHADA)"
"4985","INDICADORES E MATERIAIS PARA ESTERELIZACAO A UMIDO INDICADOR DE FUNCIONAMENTO"
"4986",""
"4987","DAS ULTRASSONICAS"
"4988","INDICADORES E MATERIAIS PARA ESTERELIZACAO A UMIDO INDICADOR DE LIMPEZA PARA"
"4989",""
"4990","LAVADORAS TERMODESINFECTADORAS"
"4991","INDICADORES E MATERIAIS PARA ESTERELIZACAO A UMIDO INDICADOR EFICACIA DE LIMP."
"4992",""
"4993","CANULADOS TERMOD./ULTRASSONICAS"
"4994","INDICADORES E MATERIAIS PARA ESTERELIZACAO A UMIDO INDICADOR QUIMICO DE"
"4995",""
"4996","TEMPERATURA PARA TERMODESINFECTADORAS"
"4997","INDICADORES E MATERIAIS PARA ESTERELIZACAO A UMIDO INDICADOR QUIMICO INTERNO"
"4998",""
"4999","P/ESTERILIZACAO A VAPOR(DET)."
"5000","INDICADORES E MATERIAIS PARA ESTERELIZACAO A UMIDO PACOTE TESTE DESAFIO PRONTO"
"5001","INDICADORES E MATERIAIS PARA ESTERELIZACAO A UMIDO PACOTE TESTE DESAFIO,USO"
"5002",""
"5003","UNICO, ANSI/AAMI/ISO 11140-1:2014"
"5004","INDICADORES E MATERIAIS PARA ESTERELIZACAO A UMIDO PAPEL CREPADO MED. 60CM X"
"5005",""
"5006","60CM APROX. CX. C/ 500 FLS. (DET)"
"5007","INSERT PARA USO ESPEC÷FICO EM CIRURGIA DE ORTESE E PROTESE INSERT EM CERAMICA"
"5008",""
"5009","DELTA (LINER)"
"5010","KIT COMPLEMENTAR CONJUNTO PARA ANESTESIA REGIONAL TÓCNICA COMBINADA"
"5011","KIT INSUFLADOR KIT INSUFLADOR P/ANGIOPLASTIA,MANOM.C/ESCLA ENTRE 25 E 30ATM"
"5012","KIT PARA GASTROSTOMIA KIT P/GASTROSTOMIA ENDOSC. PERCUTANEA POR METODO"
"5013",""
"5014","PULL,N14"
"5015","KIT PARA USO EM CIRURGIA DE ORTESE E PROTESE KIT DE CIMENTACAO"
"5016","KIT PARA USO EM CIRURGIA DE ORTESE E PROTESE MICRO PLACAS EM TITÄNIO SISTEMA 1,4 -"
"5017",""
"5018","1,6"
"5019","KIT PARA USO EM CIRURGIA DE ORTESE E PROTESE MINIPLACAS EM TITÄNIO SISTEMA 2,0"
"5020",""
"5021","FORMAS E TAM. VARIADOS"
"5022","KIT PARA USO EM CIRURGIA DE ORTESE E PROTESE PARAFUSO EMERGÔNCIAL DE TITÄNIO,"
"5023",""
"5024","DIÄMETRO 2,7MM TAM 8 A 20MM"
"5025","KIT PARA USO EM CIRURGIA DE ORTESE E PROTESE PARAFUSOS BLOQUEADO DE TITÄNIO,"
"5026",""
"5027","DIÄMETRO 2,4MM TAM.8 A 20MM"
"5028","KIT PARA USO EM CIRURGIA DE ORTESE E PROTESE PLACA PARA RECONSTRUCAO DE"
"5029",""
"5030","MANDIBULA 2,4MM UNIVERSAL"
"5031","KIT PARA USO EM CIRURGIA DE ORTESE E PROTESE PLACAS  PARA RECONSTRUCAO DE"
"5032",""
"5033","MANDIBULA 2,4 SISTEMA BLOQUEADO"
"5034","KIT PERCUTANEO GUIA EXTRA-SUPORTE (DETALHADA)"
"5035","KIT PERCUTANEO INTRODUTOR VALV. PERC. TAMANHOS 12,18,20,22 E 24FR DE 30CM"
"5036","LAMINA ANGULADO LAMINA CRESCENTE ANGULADO,2 A 3MM C/BISEL P/CIMA (DET.)"
"5037","LAMINA DE SWAVER LÅMINA  SHAVER (CÅNULA DE DEBRIDAÇÃO)RETA,DESC.TAM.MIN.150MM"
"5038","LAMINA DE SWAVER LAMINA DE CORTE E PERFURANTE PARA SHAVER DIAMETRO 5,5MM"
"5039","LAMINA DE SWAVER LÄMINA OSSEA TIPO BARREL BURR, DESCARTAVEL,COMP. M÷NIMO 190"
"5040","LUVAS CIRURGICAS LUVA CIRURGICA NC6,5, ESTÓRIL,EM LATEX NATURAL"
"5041","LUVAS CIRURGICAS LUVA CIRURGICA,NC6,5 SINTETICA  (D)"
"5042","LUVAS CIRURGICAS LUVA CIRURGICA,NC7,0 ESTERIL EM LATEX NATURAL"
"5043","LUVAS CIRURGICAS LUVA CIRURGICA,NC7,5 ESTÓRIL EM LATEX NATURAL (DETALHADA)"
"5044","LUVAS CIRURGICAS LUVA CIRURGICA,NC8,0 ESTÓRIL EM LATÓX NATURAL"
"5045","LUVAS CIRURGICAS LUVA CIRURGICA,NC8,5 ESTÓRIL EM LATEX NATURAL"
"5046","LUVAS CIRURGICAS LUVA CIRÞRGICA NC 7,5 ESTÔRIL, SINTÔTICA SEM LATEX."
"5047","LUVAS CIRURGICAS LUVA CIRÞRGICA NC 8,0 ESTÔRIL, SINTÔTICA SEM LATEX."
"5048","LUVAS CIRURGICAS LUVA CIRÞRGICA NC 8,5 ESTÔRIL, SINTÔTICA SEM LATEX."
"5049","LUVAS CIRURGICAS LUVA CIRÞRGICA,NC 7,0ESTÔRIL,SINTÔTICA POLIISOPRENO,SEMLATEX"
"5050","LUVAS DE PROCEDIMENTOS DESCARTAVEL DE LATEX, TAMANHO M, CAIXA COM 100"
"5051","LUVAS DE PROCEDIMENTOS DESCARTAVEL DE LATEX, TAMANHO P, CAIXA COM 100"
"5052","LUVAS DE PROCEDIMENTOS DESCARTAVEL DE LATEX, TAMANHO PP, COM TALCO, CAIXA COM"
"5053",""
"5054","100 UNIDADES"
"5055","LUVAS DE PROCEDIMENTOS DESCARTAVEL LUVA DE PROCEDIMENTO DESCARTAVEL, S/ TALCO,"
"5056",""
"5057","TAM. GRANDE (G)"
"5058","LUVAS DE PROCEDIMENTOS DESCARTAVEL LUVA DE PROCEDIMENTO DESCARTAVEL, S/ TALCO,"
"5059",""
"5060","TAM. MÔDIO (M)"
"5061","LUVAS DE PROCEDIMENTOS DESCARTAVEL LUVA DE PROCEDIMENTO DESCARTAVEL, S/ TALCO,"
"5062",""
"5063","TAM. PEQUENO (P)"
"5064","LUVAS DE PROCEDIMENTOS DESCARTAVEL LUVA DE PROCEDIMENTO, DESC.ISENTA DE LATEX"
"5065",""
"5066","NAO ESTERIL TAM.G"
"5067","LUVAS DE PROCEDIMENTOS DESCARTAVEL LUVA DE PROCEDIMENTO, DESC.ISENTA DE LATEX"
"5068",""
"5069","NAO ESTERIL TAM.P"
"5070","LUVAS DE PROCEDIMENTOS DESCARTAVEL LUVA DE PROCEDIMENTO,DESC.ISENTA DE LATEX"
"5071",""
"5072","NAO ESTERIL TAM.M"
"5073","LUVAS DE PROCEDIMENTOS DESCARTAVEL LUVA DE VINIL, TAMANHO G"
"5074","LUVAS DE PROCEDIMENTOS DESCARTAVEL LUVA DE VINIL, TAMANHO M"
"5075","LUVAS DE PROCEDIMENTOS DESCARTAVEL LUVA EM POLIETILENO, COM CINCO DEDOS,"
"5076",""
"5077","TAMANHO ÞNICO"
"5078","LUVAS DE PROCEDIMENTOS DESCARTAVEL LUVA EM POLIETILENO,5 DEDOS, EST.,TAM. UNICO,"
"5079",""
"5080","UNIDADE"
"5081","MALHA TUBULAR COMPRES.P/TRAT.DE SEQUELAS DE QUEIMAD.-TORAX S/MANGAS G"
"5082","MALHA TUBULAR COMPRES.P/TRAT.DE SEQUELAS DE QUEIMAD.-TORAX S/MANGAS M"
"5083","MALHA TUBULAR COMPRES.P/TRAT.SEQUELAS DE QUEIMAD.MEIA ATE VIRILHA OU JOELH"
"5084","MALHA TUBULAR COMPRES.P/TRAT.SEQUELAS DE QUEIMAD.MEIA CALCA P/1 PERNA G"
"5085","MALHA TUBULAR COMPRES.P/TRAT.SEQUELAS DE QUEIMAD.MEIA CALCA P/1 PERNA P"
"5086","MALHA TUBULAR MALHA TUB.ALGODAO,ELAST.P/GESSO,MED.APROX.15CMX25MTS(DET)"
"5087","MALHA TUBULAR MALHA TUB.ALGODAO,ELAST.P/GESSO,MED.APROX.25CMX25MTS(DET.)"
"5088","MALHA TUBULAR MALHA TUB.ALGODAO,ELAST.P/GESSO,MED.APROX.8CMX25MTS(DET.)"
"5089","MALHA TUBULAR MALHA TUBULAR ALGODAO,ELASTICA,P/ GESSO, MED. 10CM X 25M"
"5090","MALHA TUBULAR MALHA TUBULAR ALGODAO,ELASTICA,P/ GESSO, MED. 4CM X 25M"
"5091","MALHA TUBULAR MALHA TUBULAR ALGODAO,ELASTICA,P/ GESSO, MED. 6CM X 25M"
"5092","MALHA TUBULAR MALHA TUBULAR ELASTICA NC 3, BRACOS, PERNAS, JOELHO E PÔS"
"5093","MALHA TUBULAR MALHA TUBULAR ELASTICA NC4,JOELHO,BRACO,PERNAS,DEDOS DOS PÔS"
"5094","MALHA TUBULAR MALHA TUBULAR ELASTICA NC6,COXA,CABECA,OMBROS E REGIAO PÔLVI"
"5095","MANGOTE PLASTICO COM ELASTICO NAS ESTREMIDADES"
"5096","MANTA TERMICA CORPO INTEIRO"
"5097","MANTA TERMICA MANTA TERMICA ACESSO CARDIACO ESTERILIZADO"
"5098","MANTA TERMICA MEMBRO INFERIOR"
"5099","MANTA TERMICA MEMBROS SUPERIORES"
"5100","MANTA TERMICA PEDIATRICA, P/USO SOBRE O CORPO. TAMANHO GRANDE"
"5101","MAT. DIVERSOS - ACAO JUDICIAL (EXCL. 450)  MEIA ELÇSTICA,30-40 MMHG,CALCA,TAMANHO G"
"5102","MAT. DIVERSOS - ACAO JUDICIAL (EXCL. 450)  VASELINA + OLEODE FIGADO DE BACALHAU-"
"5103",""
"5104","CUREFINI DERMAL"
"5105","MAT. DIVERSOS - ACAO JUDICIAL (EXCL. 450) AGULHA PARA CANETA 32G, 0,23/0,25 X 6 MM -"
"5106",""
"5107","NOVOFINE"
"5108","MAT. DIVERSOS - ACAO JUDICIAL (EXCL. 450) AGULHA PARA CANETA 4 MM X 0,23 MM -  BD"
"5109",""
"5110","ULTRA-FINE"
"5111","MAT. DIVERSOS - ACAO JUDICIAL (EXCL. 450) AGULHA PARA CANETA 5 MM X 0,25 MM - BD"
"5112",""
"5113","ULTRA-FINE"
"5114","MAT. DIVERSOS - ACAO JUDICIAL (EXCL. 450) AGULHA PARA CANETA 8 MM X 0,25 MM - BD"
"5115",""
"5116","ULTRA-FINE"
"5117","MAT. DIVERSOS - ACAO JUDICIAL (EXCL. 450) ALANTOINA 1%, SHAMPOO, FRASCO 200ML"
"5118","MAT. DIVERSOS - ACAO JUDICIAL (EXCL. 450) APLICADOR DO CONJUNTO DE INFUSAO - QUICK-"
"5119",""
"5120","SET MMT 305QS"
"5121","MAT. DIVERSOS - ACAO JUDICIAL (EXCL. 450) ATADURA ELASTICA DE ALTA COMPRESSAO"
"5122","MAT. DIVERSOS - ACAO JUDICIAL (EXCL. 450) ATADURA ELASTICA NEVADA 10CM X 2,2CM"
"5123","MAT. DIVERSOS - ACAO JUDICIAL (EXCL. 450) ATADURA ELASTICA NEVADA 12 CM X 2,2 M - NEVE"
"5124","MAT. DIVERSOS - ACAO JUDICIAL (EXCL. 450) ATADURA ELASTICA NEVADA 15 CM X 2,2 M"
"5125","MAT. DIVERSOS - ACAO JUDICIAL (EXCL. 450) ATADURA ELASTICA NEVADA 5 CM X 2,2 M"
"5126","MAT. DIVERSOS - ACAO JUDICIAL (EXCL. 450) BALSAMO RELIPIDIZANTE, 200 ML - XERACALM A.D"
"5127","MAT. DIVERSOS - ACAO JUDICIAL (EXCL. 450) BARREIRA PROTETORA, SPRAY, 50 ML - SENSI"
"5128",""
"5129","CARE"
"5130","MAT. DIVERSOS - ACAO JUDICIAL (EXCL. 450) BETAMETASONA, DIPROP.0,5%+SALICILICO,ACIDO"
"5131",""
"5132","3% LOC CAPILAR"
"5133","MAT. DIVERSOS - ACAO JUDICIAL (EXCL. 450) BOLSA COLETORA DE URINA PERNA 750ML"
"5134","MAT. DIVERSOS - ACAO JUDICIAL (EXCL. 450) BOLSA DE COLOSTOMIA, 13 - 64 MM - HOLLISTER"
"5135",""
"5136","REF.: 8531"
"5137","MAT. DIVERSOS - ACAO JUDICIAL (EXCL. 450) BOMBA DE INFUSAO COMODATO EQUIPOS"
"5138",""
"5139","009610014 E 009610043"
"5140","MAT. DIVERSOS - ACAO JUDICIAL (EXCL. 450) BOMBA DE INFUSAO DE INSULINA-"
"5141",""
"5142","MEDTRONIC/MINIMED 640G MMT-1752"
"5143","MAT. DIVERSOS - ACAO JUDICIAL (EXCL. 450) BOTON P/GASTROSTOMIA PERC.ENDOSCOPICA"
"5144",""
"5145","14FR,1,2CM"
"5146","MAT. DIVERSOS - ACAO JUDICIAL (EXCL. 450) BOTON P/GASTROSTOMIA PERCUTANEA"
"5147",""
"5148","ENDOSCOPICA 16FR, 2,5CM"
"5149","MAT. DIVERSOS - ACAO JUDICIAL (EXCL. 450) BOTON PARA GASTROSTOMIA PERCUTANEA"
"5150",""
"5151","ENDOSCOPICA, 18 FR"
"5152","MAT. DIVERSOS - ACAO JUDICIAL (EXCL. 450) BOTTON P/GASTROSTOMIA PERCUTANEA"
"5153",""
"5154","ENDOSCOPICA, 16 FR  X 1,7CM"
"5155","MAT. DIVERSOS - ACAO JUDICIAL (EXCL. 450) BOTTON P/GASTROSTOMIA PERCUTANEA"
"5156",""
"5157","ENDOSCOPICA 18 FR X 2,5 CM."
"5158","MAT. DIVERSOS - ACAO JUDICIAL (EXCL. 450) CANETA APLICADORA DE INSULINA - HUMAPEN"
"5159",""
"5160","LUXURA HD"
"5161","MAT. DIVERSOS - ACAO JUDICIAL (EXCL. 450) CANETA APLICADORA DE INSULINA - NOVOPEN 4"
"5162","MAT. DIVERSOS - ACAO JUDICIAL (EXCL. 450) CÅNULA DE TRAQUEOSTOMIA COM BALAO,Ä NC 6 -"
"5163",""
"5164","PORTEX OU SHIRLEY"
"5165","MAT. DIVERSOS - ACAO JUDICIAL (EXCL. 450) CAPIXIL, VITAMINAS E ZINCO, SHAMPOO, 150 ML"
"5166","MAT. DIVERSOS - ACAO JUDICIAL (EXCL. 450) CARELINK USB MMT 7306"
"5167","MAT. DIVERSOS - ACAO JUDICIAL (EXCL. 450) CARTUCHO PLASTICO 3,15ML(SERINGA+AGULHA)-"
"5168",""
"5169","DISENTRONIC ROCHE"
"5170","MAT. DIVERSOS - ACAO JUDICIAL (EXCL. 450) CATETER URETRAL HIDROF.LUB.ESTERIL TAM.12"
"5171",""
"5172","MASC.SPEEDICATH"
"5173","MAT. DIVERSOS - ACAO JUDICIAL (EXCL. 450) CATETER URETRAL HIDROFILICO LUBR.TAM.10"
"5174",""
"5175","MASC.-SPEEDICATH"
"5176","MAT. DIVERSOS - ACAO JUDICIAL (EXCL. 450) CATETER URETRAL HIDROFILICO LUBRIFICADO 10-"
"5177",""
"5178","SPEEDICATH"
"5179","MAT. DIVERSOS - ACAO JUDICIAL (EXCL. 450) CETRIMIDA+OLEODE"
"5180",""
"5181","AMENDOA+CALÕNDULA,SABONETE 100G-CETRILAN"
"5182","MAT. DIVERSOS - ACAO JUDICIAL (EXCL. 450) CICLOPIROX OLAMINA 1,5%, SHAMPOO, 120 ML"
"5183","MAT. DIVERSOS - ACAO JUDICIAL (EXCL. 450) COBERTURA DE ESPUMA DE POLIURETANO COM"
"5184",""
"5185","ESTRUTURA 3D 10X10CM"
"5186","MAT. DIVERSOS - ACAO JUDICIAL (EXCL. 450) COMPOSTO DE HIDROCOLOIDES"
"5187",""
"5188","NATURAIS,GEL,15G-DUODERM CONVATEC"
"5189","MAT. DIVERSOS - ACAO JUDICIAL (EXCL. 450) CONEXAO (02) DUAS VIAS PARA INFUSAO"
"5190",""
"5191","PARENTERAL"
"5192","MAT. DIVERSOS - ACAO JUDICIAL (EXCL. 450) CONJUNTO DE INFUSAO SILHOUETTE MMT 378"
"5193",""
"5194","COMBO SET 60CM, (DET)"
"5195","MAT. DIVERSOS - ACAO JUDICIAL (EXCL. 450) CONJUNTO INFUSAO 6MM X 60CM-QUICK-SET"
"5196",""
"5197","PARADIGM REF.: MMT 399"
"5198","MAT. DIVERSOS - ACAO JUDICIAL (EXCL. 450) CONJUNTO INFUSAO 9MM X 60CM-QUICK-SET"
"5199",""
"5200","PARADIGM REF.: MMT 397"
"5201","MAT. DIVERSOS - ACAO JUDICIAL (EXCL. 450) CREME BARREIRA PROTETORA A BASE DE OXIDO E"
"5202",""
"5203","ZINCO"
"5204","MAT. DIVERSOS - ACAO JUDICIAL (EXCL. 450) CREME DE BARREIRA DURAVEL, 92 G  - 3M"
"5205",""
"5206","CAVILON"
"5207","MAT. DIVERSOS - ACAO JUDICIAL (EXCL. 450) CREME DE BARREIRA NUTRITIVO P/PELE A BASE"
"5208",""
"5209","DE AGUA, 118 ML"
"5210","MAT. DIVERSOS - ACAO JUDICIAL (EXCL. 450) CREME DE BARREIRA, 24% SILICONE, 118 ML"
"5211","MAT. DIVERSOS - ACAO JUDICIAL (EXCL. 450) CREME DENTAL, 90 G - SENSODYNE ORIGINAL"
"5212","MAT. DIVERSOS - ACAO JUDICIAL (EXCL. 450) CREME HIDRATANTE CORPORAL,  200 G - EPIDRAT"
"5213",""
"5214","CORPO INTENSIVO"
"5215","MAT. DIVERSOS - ACAO JUDICIAL (EXCL. 450) CREME HIDRATANTE, POTE 453 G -  CETAPHIL"
"5216","MAT. DIVERSOS - ACAO JUDICIAL (EXCL. 450) CREME HIFRATANTE CORPORAL, 453 G - CERAVE"
"5217","MAT. DIVERSOS - ACAO JUDICIAL (EXCL. 450) CREME PROTETOR E CICATRIZANTE, 40 G -"
"5218",""
"5219","CETRILAN"
"5220","MAT. DIVERSOS - ACAO JUDICIAL (EXCL. 450) CURATIVO  DE MEMBRANA CELULOSICA 18 CM X"
"5221",""
"5222","12 CM"
"5223","MAT. DIVERSOS - ACAO JUDICIAL (EXCL. 450) CURATIVO 10 X 10, PECA - URGOTUL"
"5224","MAT. DIVERSOS - ACAO JUDICIAL (EXCL. 450) CURATIVO 10 X 12, PECA - URGOTUL AG"
"5225","MAT. DIVERSOS - ACAO JUDICIAL (EXCL. 450) CURATIVO 10 X 20 CM - MEPILEX"
"5226","MAT. DIVERSOS - ACAO JUDICIAL (EXCL. 450) CURATIVO 15 X 20 CM - MEPILEX TRANSFER"
"5227","MAT. DIVERSOS - ACAO JUDICIAL (EXCL. 450) CURATIVO 17 X 25 CM - MEPITEL ONE"
"5228","MAT. DIVERSOS - ACAO JUDICIAL (EXCL. 450) CURATIVO 20 X 20 CM, PECA = CURATIVO -"
"5229",""
"5230","MEPILEX"
"5231","MAT. DIVERSOS - ACAO JUDICIAL (EXCL. 450) CURATIVO ABSORVENTE"
"5232",""
"5233","C/PRATA,15X15CM,ESTÔRIL-AQUACEL AG"
"5234","MAT. DIVERSOS - ACAO JUDICIAL (EXCL. 450) CURATIVO ABSORVENTE IMPREGNADO COM"
"5235",""
"5236","CLORETO"
"5237","MAT. DIVERSOS - ACAO JUDICIAL (EXCL. 450) CURATIVO ADESIVO DE ESPUMA DE SILICONE,12 X"
"5238",""
"5239","5,5 CM-FOAM LITE"
"5240","MAT. DIVERSOS - ACAO JUDICIAL (EXCL. 450) CURATIVO ALTAMENTE ABSORVENTE"
"5241","MAT. DIVERSOS - ACAO JUDICIAL (EXCL. 450) CURATIVO BIOLOGICO OCLUSIVO MEDINDO 20,3 X"
"5242",""
"5243","20,3 CM"
"5244","MAT. DIVERSOS - ACAO JUDICIAL (EXCL. 450) CURATIVO CARVAO ATIVADO C/PRATA 10X20CM."
"5245",""
"5246","CX C/10"
"5247","MAT. DIVERSOS - ACAO JUDICIAL (EXCL. 450) CURATIVO DE ALGINATO DE CALCIO COM PRATA"
"5248",""
"5249","10 X 10 CM"
"5250","MAT. DIVERSOS - ACAO JUDICIAL (EXCL. 450) CURATIVO DE HIDROFIBRA ESTERIL ABSORVENTE,"
"5251",""
"5252","5,5 X 12 CM"
"5253","MAT. DIVERSOS - ACAO JUDICIAL (EXCL. 450) CURATIVO GEL HIDRATANTE ALGINATO CALCIO E"
"5254",""
"5255","SODIO,85G-SAF GEL"
"5256","MAT. DIVERSOS - ACAO JUDICIAL (EXCL. 450) CURATIVO HIDROFIBRA ABSORVENTE 10 X 10 CM -"
"5257",""
"5258","AQUACEL"
"5259","MAT. DIVERSOS - ACAO JUDICIAL (EXCL. 450) CURATIVO HIDROFIBRA ESTERIL ABSORVENTE"
"5260",""
"5261","10X10CM-AQUACEL FOAM"
"5262","MAT. DIVERSOS - ACAO JUDICIAL (EXCL. 450) CURATIVO IMPREGNADO COM PRATA C/"
"5263",""
"5264","COBERTURA DE ESPUMA 15X15CM"
"5265","MAT. DIVERSOS - ACAO JUDICIAL (EXCL. 450) DEXPANTENOL, CREME, 20 G"
"5266","MAT. DIVERSOS - ACAO JUDICIAL (EXCL. 450) DISPOS. P/ INCONT. URINARIA MASC. C/ EXTENSOR"
"5267",""
"5268","TAM M (DET)"
"5269","MAT. DIVERSOS - ACAO JUDICIAL (EXCL. 450) DISPOSITIVO P/INFUSAO DE INSULINA - I-PORT"
"5270",""
"5271","ADVANCE MEDTRONIC"
"5272","MAT. DIVERSOS - ACAO JUDICIAL (EXCL. 450) ENLITE SENSORES MMT 7008A CAIXA COM 5"
"5273",""
"5274","UNIDADES"
"5275","MAT. DIVERSOS - ACAO JUDICIAL (EXCL. 450) EQUIPO PARA NUTRICAO ENTERAL - EMBRAMED"
"5276","MAT. DIVERSOS - ACAO JUDICIAL (EXCL. 450) FITA DE PROTECAO DE POLIURETANO, 7 CM X 20 M"
"5277",""
"5278","- TENSOBAN"
"5279","MAT. DIVERSOS - ACAO JUDICIAL (EXCL. 450) FRALDA CALCA, ADULTO, P/M - TENA PANTS"
"5280",""
"5281","CONFORT"
"5282","MAT. DIVERSOS - ACAO JUDICIAL (EXCL. 450) FRALDA CALCA, ADULTO, P/M - TENA PANTS"
"5283",""
"5284","ULTRA CARE"
"5285","MAT. DIVERSOS - ACAO JUDICIAL (EXCL. 450) FRALDA DESC. ADULTO TAMANHO G - SEVEN"
"5286",""
"5287","MASTER"
"5288","MAT. DIVERSOS - ACAO JUDICIAL (EXCL. 450) FRALDA DESC. ADULTO TAMANHO G - TENA"
"5289",""
"5290","CONFORT"
"5291","MAT. DIVERSOS - ACAO JUDICIAL (EXCL. 450) FRALDA DESC. ADULTO TAMANHO M - BIOFRAL"
"5292",""
"5293","CONFORT"
"5294","MAT. DIVERSOS - ACAO JUDICIAL (EXCL. 450) FRALDA DESC. ADULTO TAMANHO P/M -"
"5295",""
"5296","PLENITUD ACTIVE PLUS"
"5297","MAT. DIVERSOS - ACAO JUDICIAL (EXCL. 450) FRALDA DESC. ADULTO TAMANHO XG - NATURAL"
"5298",""
"5299","MASTER"
"5300","MAT. DIVERSOS - ACAO JUDICIAL (EXCL. 450) FRALDA DESC. ADULTO,TAM P - NATURAL MASTER"
"5301","MAT. DIVERSOS - ACAO JUDICIAL (EXCL. 450) FRALDA DESC.ADULTO EG,+90KG,CINTURA"
"5302",""
"5303","120A165CM-CONFORT MASTER"
"5304","MAT. DIVERSOS - ACAO JUDICIAL (EXCL. 450) FRALDA DESC.ADULTO G,+70KG,CINTURA 115A"
"5305",""
"5306","150CM-CONFORT MASTER"
"5307","MAT. DIVERSOS - ACAO JUDICIAL (EXCL. 450) FRALDA DESC.ADULTO"
"5308",""
"5309","G,70A90KG,CINTURA115A150CM-BIGFRAL NOTURN"
"5310","MAT. DIVERSOS - ACAO JUDICIAL (EXCL. 450) FRALDA DESC.ADULTO M,"
"5311",""
"5312","40A70KG,CINTURA80A115CM-BIGFRAL PLUS"
"5313","MAT. DIVERSOS - ACAO JUDICIAL (EXCL. 450) FRALDA DESC.ADULTO"
"5314",""
"5315","M,40A70KG,CINTURA80A115CM-BIGFRAL NOTURNA"
"5316","MAT. DIVERSOS - ACAO JUDICIAL (EXCL. 450) FRALDA DESC.ADULTO P,"
"5317",""
"5318","30A40KG,CINTURA50A80CM-BIGFRAL PLUS"
"5319","MAT. DIVERSOS - ACAO JUDICIAL (EXCL. 450) FRALDA DESC.ADULTO XG, +"
"5320",""
"5321","90KG,CINTURA120A165CM-BIGFRAL PLUS"
"5322","MAT. DIVERSOS - ACAO JUDICIAL (EXCL. 450) FRALDA DESC.INFANT.XXG, ELASTICO PARTE TRAS"
"5323",""
"5324","CINTURA, 15-25KG"
"5325","MAT. DIVERSOS - ACAO JUDICIAL (EXCL. 450) FRALDA DESC.JUVENIL,"
"5326",""
"5327","20A33KG,CINTURA42A72CM-BIGFRAL PLUS"
"5328","MAT. DIVERSOS - ACAO JUDICIAL (EXCL. 450) FRALDA DESCART.INFANTIL,TAMANHO SUPER"
"5329",""
"5330","EXTRA GRANDE,15 A 25KG"
"5331","MAT. DIVERSOS - ACAO JUDICIAL (EXCL. 450) FRALDA DESCARTAVEL ADULTO TAMANHO G-BIG"
"5332",""
"5333","FRAL PLUS"
"5334","MAT. DIVERSOS - ACAO JUDICIAL (EXCL. 450) FRALDA DESCARTAVEL ADULTO TAMANHO M -"
"5335",""
"5336","NATURAL MASTER"
"5337","MAT. DIVERSOS - ACAO JUDICIAL (EXCL. 450) FRALDA DESCARTAVEL ADULTO TAMANHO M -"
"5338",""
"5339","TENA CONFORT"
"5340","MAT. DIVERSOS - ACAO JUDICIAL (EXCL. 450) FRALDA DESCARTAVEL ADULTO, TAMANHO G -"
"5341",""
"5342","MILI"
"5343","MAT. DIVERSOS - ACAO JUDICIAL (EXCL. 450) FRALDA DESCARTAVEL ADULTO, TAMANHO M -"
"5344",""
"5345","MILI"
"5346","MAT. DIVERSOS - ACAO JUDICIAL (EXCL. 450) FRALDA DESCARTAVEL GERIATRICA GG - SEVEN"
"5347","MAT. DIVERSOS - ACAO JUDICIAL (EXCL. 450) FRALDA DESCARTAVEL INFANTIL, TAMANHO G,"
"5348",""
"5349","PARA USO NA AGUA"
"5350","MAT. DIVERSOS - ACAO JUDICIAL (EXCL. 450) FRALDA DESCARTAVEL INFANTIL, TAMANHO XXG-"
"5351",""
"5352","PAMPERS CONFORT SEC"
"5353","MAT. DIVERSOS - ACAO JUDICIAL (EXCL. 450) FRALDA DESCARTÇVEL ADULTO TAMANHO G-BIG"
"5354",""
"5355","FRAL PLUS NOTURNA"
"5356","MAT. DIVERSOS - ACAO JUDICIAL (EXCL. 450) FRALDA GERIATRCA, TAMNHO G - TENA SLIP"
"5357",""
"5358","ULTRA"
"5359","MAT. DIVERSOS - ACAO JUDICIAL (EXCL. 450) FRALDA INFANTIL XG-TURMA DA"
"5360",""
"5361","MONICA/HUGGIES/PAMPERS/CREMER"
"5362","MAT. DIVERSOS - ACAO JUDICIAL (EXCL. 450) FRALDA INFANTIL XXG-TURMA DA"
"5363",""
"5364","MONICA/HUGGIES/PAMPERS/CREMER"
"5365","MAT. DIVERSOS - ACAO JUDICIAL (EXCL. 450) FRALDA INFANTIL, GRANDINHOS 15 A 24KG -"
"5366",""
"5367","POMPOM PROTEK"
"5368","MAT. DIVERSOS - ACAO JUDICIAL (EXCL. 450) GEL DE BANHO,500ML-ATODERM GEL DOUCHE"
"5369",""
"5370","BIODERMA"
"5371","MAT. DIVERSOS - ACAO JUDICIAL (EXCL. 450) GEL DE SILICONE P/TRATAMENTO CICATRIZES 15"
"5372",""
"5373","G-KELO COTE GEL"
"5374","MAT. DIVERSOS - ACAO JUDICIAL (EXCL. 450) GEL HIDRATANTE C/ALGINATO, 85G - ALLY GEL OU"
"5375",""
"5376","SAF GEL"
"5377","MAT. DIVERSOS - ACAO JUDICIAL (EXCL. 450) GEL HIDRATANTE COM ACIDOS GRAXOS, 85 G -"
"5378",""
"5379","DERSANI HIDROGEL"
"5380","MAT. DIVERSOS - ACAO JUDICIAL (EXCL. 450) GLICERINA 10%+ALANTO÷NA 1%+COLD CREAM"
"5381",""
"5382","QSP 200G"
"5383","MAT. DIVERSOS - ACAO JUDICIAL (EXCL. 450) GLICOSIMETRO COMODATO TIRAS 009695001"
"5384","MAT. DIVERSOS - ACAO JUDICIAL (EXCL. 450) HIDRAT. CORP. INTENSIVO, S/FRAGR.Ä200ML-"
"5385",""
"5386","NEUTROGENAÄNORWEGIAN"
"5387","MAT. DIVERSOS - ACAO JUDICIAL (EXCL. 450) HIDRATANTE CORPORAL, 200 ML - LIPIKAR"
"5388",""
"5389","BAUME AP+"
"5390","MAT. DIVERSOS - ACAO JUDICIAL (EXCL. 450) HIDRATANTE CORPORAL,500ML- ATODERM"
"5391",""
"5392","INTENSIVE BIODERMA"
"5393","MAT. DIVERSOS - ACAO JUDICIAL (EXCL. 450) HIDRATANTE NATURAL, 200 ML - REGENÖR"
"5394",""
"5395","EMULSAO SUMRED"
"5396","MAT. DIVERSOS - ACAO JUDICIAL (EXCL. 450) HIDRATANTE PARA OS PÔS - ATRAC TAINÄ"
"5397","MAT. DIVERSOS - ACAO JUDICIAL (EXCL. 450) HIDRATANTE PREBIOTICO RESTAURADOR, 400 G -"
"5398",""
"5399","HIDRADEEP CALM"
"5400","MAT. DIVERSOS - ACAO JUDICIAL (EXCL. 450) HIDRATANTE REPARADOR, BISNAGA 40 ML -"
"5401",""
"5402","CICAPLAST BAUME"
"5403","MAT. DIVERSOS - ACAO JUDICIAL (EXCL. 450) HIDROGEL DE POLIHEXANIDA 0,1 % BETAINA"
"5404","MAT. DIVERSOS - ACAO JUDICIAL (EXCL. 450) KIT - SERVICE PACK SMALL ACCU-CHECK SPIRIT"
"5405",""
"5406","COMBO"
"5407","MAT. DIVERSOS - ACAO JUDICIAL (EXCL. 450) KIT SISTEMA DE INFUSAO CONTINUA DE INSULINA"
"5408",""
"5409","(BOMBA) 6/60"
"5410","MAT. DIVERSOS - ACAO JUDICIAL (EXCL. 450) KIT SISTEMA DE INFUSAO CONTINUA DE INSULINA"
"5411",""
"5412","(BOMBA)8 A 9/60"
"5413","MAT. DIVERSOS - ACAO JUDICIAL (EXCL. 450) KIT SISTEMA DE INFUSAO CONTINUA DE"
"5414",""
"5415","INSULINA(BOMBA)10 A 17/60"
"5416","MAT. DIVERSOS - ACAO JUDICIAL (EXCL. 450) LANCETA - ACCU_CHECK SAFE-T-PRO UNO"
"5417","MAT. DIVERSOS - ACAO JUDICIAL (EXCL. 450) LANCETA - ACCU-CHECK SOFTCLIX"
"5418","MAT. DIVERSOS - ACAO JUDICIAL (EXCL. 450) LANCETA - G-TECH LAN2810G"
"5419","MAT. DIVERSOS - ACAO JUDICIAL (EXCL. 450) LANCETA - ONETOUCH"
"5420","MAT. DIVERSOS - ACAO JUDICIAL (EXCL. 450) LANCETAS - ACCU-CHEK FASTCLIX"
"5421","MAT. DIVERSOS - ACAO JUDICIAL (EXCL. 450) LANCETAS - FREESTYLE LANCETS"
"5422","MAT. DIVERSOS - ACAO JUDICIAL (EXCL. 450) LEITOR DE GLICOSE  - FREESTYLE LIBRE"
"5423","MAT. DIVERSOS - ACAO JUDICIAL (EXCL. 450) LENCO UMEDECIDO, (TOALHA), MEDINDO, NO"
"5424",""
"5425","MINIMO, 18 X 13 CM"
"5426","MAT. DIVERSOS - ACAO JUDICIAL (EXCL. 450) LOCAO DE LIMPEZA, 120 ML - CETAPHIL"
"5427","MAT. DIVERSOS - ACAO JUDICIAL (EXCL. 450) LOCAO HIDRAT. CORPORAL HIPOALERGÕ. 200ML-"
"5428",""
"5429","STIEFEL FISIOGEL AI"
"5430","MAT. DIVERSOS - ACAO JUDICIAL (EXCL. 450) LOCAO HIDRATANTE 200 ML - NEUTROGENA BODY"
"5431",""
"5432","CARE INTENSIVE"
"5433","MAT. DIVERSOS - ACAO JUDICIAL (EXCL. 450) LOCAO HIDRATANTE A BASE DE AGE, 200 ML  -"
"5434",""
"5435","SANISKIN"
"5436","MAT. DIVERSOS - ACAO JUDICIAL (EXCL. 450) LOCAO HIDRATANTE CORPORAL"
"5437",""
"5438","HIPOALERGÕN.120ML-STIEFEL FISIOGEL"
"5439","MAT. DIVERSOS - ACAO JUDICIAL (EXCL. 450) LOCAO HIDRATANTE CORPORAL"
"5440",""
"5441","HIPOALERGÕN.400ML-STIEFEL FISIOGEL"
"5442","MAT. DIVERSOS - ACAO JUDICIAL (EXCL. 450) LOCAO HIDRATANTE CORPORAL, 200 ML - LIPIKAR"
"5443","MAT. DIVERSOS - ACAO JUDICIAL (EXCL. 450) LOCAO HIDRATANTE CORPORAL, 200 ML -"
"5444",""
"5445","NEUTROGENA NORWEGIAN"
"5446","MAT. DIVERSOS - ACAO JUDICIAL (EXCL. 450) LOCAO HIDRATANTE INFANTIL, 200 G - HIDRAKIDS"
"5447","MAT. DIVERSOS - ACAO JUDICIAL (EXCL. 450) LOCAO HIDRATANTE PARA PELE SENSIVEIS, 500"
"5448",""
"5449","ML - UMIDITÇ LOCAO"
"5450","MAT. DIVERSOS - ACAO JUDICIAL (EXCL. 450) LOCAO HIDRATANTE, 295 ML - CETAPHIL"
"5451",""
"5452","RESTORADERM"
"5453","MAT. DIVERSOS - ACAO JUDICIAL (EXCL. 450) LOCAO HIDRATANTE, 300 ML - NUTRAPLUS"
"5454","MAT. DIVERSOS - ACAO JUDICIAL (EXCL. 450) LOCAO HIDRATANTE, 473 ML -  CETAPHIL"
"5455",""
"5456","ADVANCED  MOISTURIZER"
"5457","MAT. DIVERSOS - ACAO JUDICIAL (EXCL. 450) LOCAO HIDRATANTE, CREME, 30 G - FISIOGEL A.I."
"5458",""
"5459","CREME"
"5460","MAT. DIVERSOS - ACAO JUDICIAL (EXCL. 450) LOCAO HIDRATANTE,FRASCO 120 ML - UMIDITA AI"
"5461","MAT. DIVERSOS - ACAO JUDICIAL (EXCL. 450) LOCAO PARA PERNAS E PÔS, HIPOALERGÕNICO,"
"5462",""
"5463","200 ML"
"5464","MAT. DIVERSOS - ACAO JUDICIAL (EXCL. 450) LOCAO, FRASCO 125 ML - EUCERIN PH5"
"5465","MAT. DIVERSOS - ACAO JUDICIAL (EXCL. 450) LUBRIFICANTE INTIMO, GEL, 50 G"
"5466","MAT. DIVERSOS - ACAO JUDICIAL (EXCL. 450) MALHA TUBULAR ELASTICA NC 5"
"5467","MAT. DIVERSOS - ACAO JUDICIAL (EXCL. 450) MALHA TUBULAR ELASTICA NC 7, PERINEAL,"
"5468",""
"5469","TORAXÄE ABDOMEN"
"5470","MAT. DIVERSOS - ACAO JUDICIAL (EXCL. 450) MEIA CALCA 3/4, 20-30 MMHG, TAMANHO M2 -"
"5471",""
"5472","SIGVARIS"
"5473","MAT. DIVERSOS - ACAO JUDICIAL (EXCL. 450) MEIA CALCA ELASTICA TAMANHO M, 20 -30 MMHG -"
"5474",""
"5475","SIGVARIS AT863"
"5476","MAT. DIVERSOS - ACAO JUDICIAL (EXCL. 450) MEIA ELASTICA 30-40 MMHG,"
"5477",""
"5478","3/4(PANTURRILHA),TAM.G3 - SIGVARIS"
"5479","MAT. DIVERSOS - ACAO JUDICIAL (EXCL. 450) MEIA ELASTICA 7/8 DE MEDIA COMPRESSAO"
"5480","MAT. DIVERSOS - ACAO JUDICIAL (EXCL. 450) MEIA ELASTICA MEDIA COMPRESSAO TAMANHO"
"5481",""
"5482","7/8(ATE O JOELHO)-M"
"5483","MAT. DIVERSOS - ACAO JUDICIAL (EXCL. 450) MEIA ELASTICA, 20-30 MMHG, 3/4, SEM PONTEIRA,"
"5484",""
"5485","G2 - SIGVARISÄ"
"5486","MAT. DIVERSOS - ACAO JUDICIAL (EXCL. 450) MEIA ELASTICA, 20-30 MMHG, 3/4, TAMANHO G3 -"
"5487",""
"5488","SIGVARIS"
"5489","MAT. DIVERSOS - ACAO JUDICIAL (EXCL. 450) MEIA ELASTICA, 20-30 MMHG, CALCA, S/PONTEIRA,"
"5490",""
"5491","G2 - SIGVARIS"
"5492","MAT. DIVERSOS - ACAO JUDICIAL (EXCL. 450) MEIA ELASTICA, 30-40 MMHG,  3/4, TAMANHO M"
"5493","MAT. DIVERSOS - ACAO JUDICIAL (EXCL. 450) MEIA ELASTICA, 30-40 MMHG, 7/8, TAMANHO G -"
"5494",""
"5495","SIGVARIS"
"5496","MAT. DIVERSOS - ACAO JUDICIAL (EXCL. 450) MEIA ELASTICA, 30-40 MMHG, CALCA,TAMANHO G -"
"5497",""
"5498","SIGVARIS"
"5499","MAT. DIVERSOS - ACAO JUDICIAL (EXCL. 450) MEIA ELASTICA, 30-40MMHG,CALCA,G3- SIGVARIS"
"5500","MAT. DIVERSOS - ACAO JUDICIAL (EXCL. 450) MEIA ELASTICA,30/40 MMHG,CALCA,TAMANHO"
"5501",""
"5502","M(ALTA COMPRESSAO)"
"5503","MAT. DIVERSOS - ACAO JUDICIAL (EXCL. 450) MEIA ELÇSTICA, 20-30 MMHG, 3/4, TAMANHO GG"
"5504","MAT. DIVERSOS - ACAO JUDICIAL (EXCL. 450) MEIA ELÇSTICA, 20-30 MMHG, CALCA, TAMANHO G -"
"5505",""
"5506","SIGVARIS"
"5507","MAT. DIVERSOS - ACAO JUDICIAL (EXCL. 450) MEMBRANA REGENERADORA 10 X 7,5 , PECA -"
"5508",""
"5509","MEMBRACEL"
"5510","MAT. DIVERSOS - ACAO JUDICIAL (EXCL. 450) OLAMINA + PIRITIONA + SALICILICO, SHAMPOO,"
"5511",""
"5512","120 A 150ML"
"5513","MAT. DIVERSOS - ACAO JUDICIAL (EXCL. 450) OLEO ROSA MOSQUETA 50ML"
"5514","MAT. DIVERSOS - ACAO JUDICIAL (EXCL. 450) OLEOPARA BANHO SEM PERFUME,200 ML"
"5515","MAT. DIVERSOS - ACAO JUDICIAL (EXCL. 450) PELICULA PROTETORA 100% CIANOACRILATO, 0,5"
"5516",""
"5517","ML"
"5518","MAT. DIVERSOS - ACAO JUDICIAL (EXCL. 450) PLACA P/OSTOMIA 15 A 23 MM-COLOPLAST"
"5519",""
"5520","SENSURA CONVEX XPRO"
"5521","MAT. DIVERSOS - ACAO JUDICIAL (EXCL. 450) PROTETOR CUTÅNEO, SPRAY, 28 ML - CAVILON"
"5522","MAT. DIVERSOS - ACAO JUDICIAL (EXCL. 450) PROTETOR DIARIO P/ROSTO, AREIA FPS 30, 50 ML-"
"5523",""
"5524","CHRONOS HYDRA"
"5525","MAT. DIVERSOS - ACAO JUDICIAL (EXCL. 450) PROTETOR FPS50,50ML-PHYSICAL FUSION UV"
"5526",""
"5527","DEFENSE SKINCEUTICALS"
"5528","MAT. DIVERSOS - ACAO JUDICIAL (EXCL. 450) PROTETOR LABIAL FPS 30, 5,5 G - EPIDRAT LÇBIOS"
"5529","MAT. DIVERSOS - ACAO JUDICIAL (EXCL. 450) PROTETOR SOLAR  FPS 45, FRASCO 100 G"
"5530","MAT. DIVERSOS - ACAO JUDICIAL (EXCL. 450) PROTETOR SOLAR  GEL  FPS 30, 60 G - EPISOL"
"5531",""
"5532","WATER GEL"
"5533","MAT. DIVERSOS - ACAO JUDICIAL (EXCL. 450) PROTETOR SOLAR FPS 100, COM COR ESCURA, 40"
"5534",""
"5535","ML"
"5536","MAT. DIVERSOS - ACAO JUDICIAL (EXCL. 450) PROTETOR SOLAR FPS 30, AEROSOL, 150 A 200 ML"
"5537","MAT. DIVERSOS - ACAO JUDICIAL (EXCL. 450) PROTETOR SOLAR FPS 30, GEL CREME, 60 G-"
"5538",""
"5539","SUNMAX SENSITIVE"
"5540","MAT. DIVERSOS - ACAO JUDICIAL (EXCL. 450) PROTETOR SOLAR FPS 50, 120 ML - NEUTROGENA"
"5541",""
"5542","SUN FRESH"
"5543","MAT. DIVERSOS - ACAO JUDICIAL (EXCL. 450) PROTETOR SOLAR FPS 50, CREME-GEL, 120 G -"
"5544",""
"5545","FILTRUM VIT 50"
"5546","MAT. DIVERSOS - ACAO JUDICIAL (EXCL. 450) PROTETOR SOLAR FPS 50, CREME, 120 A 125 ML"
"5547","MAT. DIVERSOS - ACAO JUDICIAL (EXCL. 450) PROTETOR SOLAR FPS 50, CREME/LOCAO,"
"5548",""
"5549","S/FRAGRÅNCIA,120 A 125ML"
"5550","MAT. DIVERSOS - ACAO JUDICIAL (EXCL. 450) PROTETOR SOLAR FPS 50, GEL CREME, 50 G -"
"5551",""
"5552","ANTHELIOS AE"
"5553","MAT. DIVERSOS - ACAO JUDICIAL (EXCL. 450) PROTETOR SOLAR FPS 50, GEL CREME, 60 ML-"
"5554",""
"5555","SUNMAX SENSITIVE"
"5556","MAT. DIVERSOS - ACAO JUDICIAL (EXCL. 450) PROTETOR SOLAR FPS 60, 100 G - EPISOL SEC"
"5557","MAT. DIVERSOS - ACAO JUDICIAL (EXCL. 450) PROTETOR SOLAR FPS 60, 120 A 200 ML"
"5558","MAT. DIVERSOS - ACAO JUDICIAL (EXCL. 450) PROTETOR SOLAR FPS 60, FLUIDO OU SPRAY, 90 A"
"5559",""
"5560","125 ML"
"5561","MAT. DIVERSOS - ACAO JUDICIAL (EXCL. 450) PROTETOR SOLAR FPS 99, 60 G - EPISOL SEC"
"5562","MAT. DIVERSOS - ACAO JUDICIAL (EXCL. 450) PROTETOR SOLAR FPS70, LIVRE DE OLEO, FRASCO"
"5563",""
"5564","200ML"
"5565","MAT. DIVERSOS - ACAO JUDICIAL (EXCL. 450) PROTETOR SOLAR INFANTIL FPS 60, 150 ML -"
"5566",""
"5567","NIVEA SUN KIDS"
"5568","MAT. DIVERSOS - ACAO JUDICIAL (EXCL. 450) PROTETOR SOLAR INFANTIL FPS 70, 100 G - EPISOL"
"5569","MAT. DIVERSOS - ACAO JUDICIAL (EXCL. 450) PROTETOR SOLAR, SEM COR, FPS 99, 40 A 60 ML"
"5570","MAT. DIVERSOS - ACAO JUDICIAL (EXCL. 450) REMOVEDOR DE ADESIVO, SPRAY, 50 ML - SENSI"
"5571",""
"5572","CARE"
"5573","MAT. DIVERSOS - ACAO JUDICIAL (EXCL. 450) REMOVEDOR DE PROTEINA, SUBTILISINA, 3 ML -"
"5574",""
"5575","RENU 1 STEP"
"5576","MAT. DIVERSOS - ACAO JUDICIAL (EXCL. 450) RESERVATORIO SERINGA, 1,176ML,CX C/10 PCS-"
"5577",""
"5578","PARADIGM MMT326A"
"5579","MAT. DIVERSOS - ACAO JUDICIAL (EXCL. 450) RESERVATORIO NA FORMA SERINGA MMT 332A"
"5580",""
"5581","3ML,CX 10UN.BOMBA PAR"
"5582","MAT. DIVERSOS - ACAO JUDICIAL (EXCL. 450) SABONETE ANTI-SÔPTICO COM TRICLOSAN, BARRA"
"5583",""
"5584","80 G - SOAPEX"
"5585","MAT. DIVERSOS - ACAO JUDICIAL (EXCL. 450) SABONETE HIDRATANTE, BARRA 150 G-KALIMA10"
"5586","MAT. DIVERSOS - ACAO JUDICIAL (EXCL. 450) SABONETE LIQUIDO DE GLICERINA, 200 A 250 ML"
"5587","MAT. DIVERSOS - ACAO JUDICIAL (EXCL. 450) SABONETE LIQUIDO INTIMO, 200 ML"
"5588","MAT. DIVERSOS - ACAO JUDICIAL (EXCL. 450) SABONETE LIQUIDO, 295 ML - CETAPHIL"
"5589",""
"5590","RESTORADERM"
"5591","MAT. DIVERSOS - ACAO JUDICIAL (EXCL. 450) SABONETE LIQUIDO, 400 ML - LIPIKAR SURGRAS"
"5592",""
"5593","LA ROCHE POSAY"
"5594","MAT. DIVERSOS - ACAO JUDICIAL (EXCL. 450) SABONETE LIQUIDO, FRASCO 300 ML - CETAPHIL"
"5595","MAT. DIVERSOS - ACAO JUDICIAL (EXCL. 450) SABONETE LIQUIDO,ANTI-SEPT.C/TRICLOSAN 1%,"
"5596",""
"5597","120ML - SOAPEX 1%"
"5598","MAT. DIVERSOS - ACAO JUDICIAL (EXCL. 450) SABONETE P/PELE SENSIVEL E RESSEC.,BARRA"
"5599",""
"5600","100G-OILATUM JUNIOR"
"5601","MAT. DIVERSOS - ACAO JUDICIAL (EXCL. 450) SABONETE P/ROSTO E CORPO,80G-LIPIKAR"
"5602",""
"5603","SURGRAS LA ROCHE POSAY"
"5604","MAT. DIVERSOS - ACAO JUDICIAL (EXCL. 450) SABONETE PARA PELE ACNEICA, BARRA 90 G -"
"5605",""
"5606","DERMOTIVIN SALIX"
"5607","MAT. DIVERSOS - ACAO JUDICIAL (EXCL. 450) SABONETE, BARRA 100 G - EUCERIN PH5 SYNDET"
"5608","MAT. DIVERSOS - ACAO JUDICIAL (EXCL. 450) SABONETE, BARRA 80 G  - CETAPHIL"
"5609","MAT. DIVERSOS - ACAO JUDICIAL (EXCL. 450) SACO COLETOR DE URINA  DESCARTAVEL 2000 ML"
"5610","MAT. DIVERSOS - ACAO JUDICIAL (EXCL. 450) SENSOR MEDICAO CONTINUA LEITURA DA GLICOSE-"
"5611",""
"5612","FREESTYLE LIBRE"
"5613","MAT. DIVERSOS - ACAO JUDICIAL (EXCL. 450) SERINGA + AGULHA BD ULTRAFINE 0,5CC / 6MM X"
"5614",""
"5615","0,25MM - BD"
"5616","MAT. DIVERSOS - ACAO JUDICIAL (EXCL. 450) SERINGA 0,5 CC  + AGULHA 8 MM X 0,3 MM - BD"
"5617",""
"5618","ULTRAFINE"
"5619","MAT. DIVERSOS - ACAO JUDICIAL (EXCL. 450) SERINGA 1 ML  + AGULHA 8 MM X 0,3 MM - BD"
"5620",""
"5621","ULTRAFINE"
"5622","MAT. DIVERSOS - ACAO JUDICIAL (EXCL. 450) SERINGA DESC. P/ INSULINA 0,3 ML + AGULHA"
"5623",""
"5624","8MM X 0,3MM"
"5625","MAT. DIVERSOS - ACAO JUDICIAL (EXCL. 450) SET DE INFUSAO 10/60 DISTRONIC FLEXLINK"
"5626","MAT. DIVERSOS - ACAO JUDICIAL (EXCL. 450) SET DE INFUSAO 13/60 - ACCU-CHEK TENDERLINK"
"5627","MAT. DIVERSOS - ACAO JUDICIAL (EXCL. 450) SET DE INFUSAO 6/60 - ACCU-CHEK FLEXLINK"
"5628","MAT. DIVERSOS - ACAO JUDICIAL (EXCL. 450) SET DE INFUSAO 8/60 ACCU-CHECK FLEXLINK"
"5629","MAT. DIVERSOS - ACAO JUDICIAL (EXCL. 450) SET INFUSAO P/T 17/60 -"
"5630",""
"5631","DISENTRONIC/TENDERLINK ACCU CHEK"
"5632","MAT. DIVERSOS - ACAO JUDICIAL (EXCL. 450) SHAMPO INFANTIL, NEUTRO, 200 ML"
"5633","MAT. DIVERSOS - ACAO JUDICIAL (EXCL. 450) SHAMPOO ANTICASPA INTENSIVO, 125ML-KERIUM"
"5634",""
"5635","DS LA ROCHE POSAY"
"5636","MAT. DIVERSOS - ACAO JUDICIAL (EXCL. 450) SHAMPOO, 125 ML -  DUCRAY KERTYOL PSO"
"5637","MAT. DIVERSOS - ACAO JUDICIAL (EXCL. 450) SISTEMA DE COMPRESSAO GRADUADA PACIENTES"
"5638",""
"5639","EDEMA SEVERO TAM.L"
"5640","MAT. DIVERSOS - ACAO JUDICIAL (EXCL. 450) SISTEMA DE COMPRESSAO LAVAVEL 40 MMHG  DE"
"5641",""
"5642","3 PECAS TAMANHO G"
"5643","MAT. DIVERSOS - ACAO JUDICIAL (EXCL. 450) SISTEMA DE TERAPIA COMPRESSIVA 2 CAMADAS"
"5644","MAT. DIVERSOS - ACAO JUDICIAL (EXCL. 450) SISTEMA DE TERAPIA COMPRESSIVA TRES"
"5645",""
"5646","CAMADAS, TAMANHO UNICO"
"5647","MAT. DIVERSOS - ACAO JUDICIAL (EXCL. 450) SOLUCAO DESINFECCAO LENTES DE"
"5648",""
"5649","CONTATO,120ML-BOSTON SIMPLUS"
"5650","MAT. DIVERSOS - ACAO JUDICIAL (EXCL. 450) SOLUCAO LIMPEZA P/PALPEBRAS, OLHOS-FREX"
"5651",""
"5652","CLEAN T OU BLEPHAGEL"
"5653","MAT. DIVERSOS - ACAO JUDICIAL (EXCL. 450) SOLUCAO P/ LIMPEZA DE FERIDAS, COMPOSTA DE"
"5654",""
"5655","POLIHEXANIDA."
"5656","MAT. DIVERSOS - ACAO JUDICIAL (EXCL. 450) SONDA DE ASPIRACAO TRAQUEAL N.8 -"
"5657",""
"5658","EMBRAMED"
"5659","MAT. DIVERSOS - ACAO JUDICIAL (EXCL. 450) SONDA DE GASTROSTOMIA 14 FRENCH/CALIBRE 3"
"5660",""
"5661","CM"
"5662","MAT. DIVERSOS - ACAO JUDICIAL (EXCL. 450) SONDA DE GASTROSTOMIA 16 FRENCH/CALIBRE"
"5663",""
"5664","2,5 CM"
"5665","MAT. DIVERSOS - ACAO JUDICIAL (EXCL. 450) SONDA DE GASTROSTOMIA 20 FRENCH/CALIBRE"
"5666",""
"5667","1,5 CM"
"5668","MAT. DIVERSOS - ACAO JUDICIAL (EXCL. 450) SONDA DE GASTROSTOMIA 20 FRENCH/CALIBRE"
"5669",""
"5670","2,5 CM"
"5671","MAT. DIVERSOS - ACAO JUDICIAL (EXCL. 450) SONDA DE GASTROSTOMIA 20 FRENCH/CALIBRE"
"5672",""
"5673","2,7 CM"
"5674","MAT. DIVERSOS - ACAO JUDICIAL (EXCL. 450) SONDA DE GASTROSTOMIA 24 FRENCH/CALIBRE"
"5675",""
"5676","2,5 CM"
"5677","MAT. DIVERSOS - ACAO JUDICIAL (EXCL. 450) SONDA DE GASTROSTOMIA PERCUTANEA,18FR"
"5678",""
"5679","CALIBRE 1.2 (DET.)"
"5680","MAT. DIVERSOS - ACAO JUDICIAL (EXCL. 450) SONDA URETRAL,TAM.12 ESTERIL-BIOSANI"
"5681","MAT. DIVERSOS - ACAO JUDICIAL (EXCL. 450) TALCO LIQUIDO, 80 G - AMILIA"
"5682","MAT. DIVERSOS - ACAO JUDICIAL (EXCL. 450) TIRA REATIVA PARA CETONEMIA, CAIXA COM 10"
"5683",""
"5684","UNIDADES - OPTIUM"
"5685","MAT. DIVERSOS - ACAO JUDICIAL (EXCL. 450) TIRA REATIVA PARA DETERMINAÇÃO DE GLICOSE -"
"5686",""
"5687","ACCU-CHECK GUIDE"
"5688","MAT. DIVERSOS - ACAO JUDICIAL (EXCL. 450) TIRA REATIVA PARA GLICEMIA , CAIXA COM 50"
"5689",""
"5690","TIRAS - PERFORMA"
"5691","MAT. DIVERSOS - ACAO JUDICIAL (EXCL. 450) TIRA REATIVA PARA GLICEMIA, CAIXA COM 50 - ON"
"5692",""
"5693","CALL PLUS II"
"5694","MAT. DIVERSOS - ACAO JUDICIAL (EXCL. 450) TRANSMIS.P/MONITOR.GLICOSE-MEDTRONIC"
"5695",""
"5696","GUARDIAN LINK2 MMT-7730"
"5697","MAT. DIVERSOS - ACAO JUDICIAL (EXCL. 450) TRANSMISSOR E APLICADOR - MINILINK MMT"
"5698",""
"5699","7774RA"
"5700","MAT. DIVERSOS - ACAO JUDICIAL (EXCL. 450) UREIA 100 MG/ML, (10%), LOCAO, FRASCO  120 A"
"5701",""
"5702","150 ML"
"5703","MAT. DIVERSOS - ACAO JUDICIAL (EXCL. 450) UREIA 3%, LOCAO HIDRATANTE, 500 ML"
"5704","MAT. DIVERSOS - ACAO JUDICIAL (EXCL. 450) VITAMINA D 5000UI"
"5705","MAT. DIVERSOS - ACAO JUDICIAL (EXCL. 450) ZINCO, PIRITIONATO 1%+MENTOL 0,25%, SPRAY,"
"5706",""
"5707","100 ML - SKIN-CAP"
"5708","MAT. DIVERSOS - ACAO JUDICIAL (EXCL. 450)SOLUÇÃO AQUOSA DE COCOMIDOPROPIBETA÷NA"
"5709","MAT.DIVERSOS - ORDEM JUDICIAL(CONSUMO) COLCHAO HOSPITALAR"
"5710","MATERIAIS DESCARTAVEIS DIVERSOS (TECIDO/NAO TECIDO ANUSCOPIO, DESCARTAVEL"
"5711",""
"5712","ESTERIL (DETALHADA)"
"5713","MATERIAIS DESCARTAVEIS DIVERSOS (TECIDO/NAO TECIDO AVENTAL CIRURGICO"
"5714",""
"5715","DESCARTAVEL GRAMATURA 40 A 60G/M2."
"5716","MATERIAIS DESCARTAVEIS DIVERSOS (TECIDO/NAO TECIDO AVENTAL DESCARTAVEL"
"5717","MATERIAIS DESCARTAVEIS DIVERSOS (TECIDO/NAO TECIDO AVENTAL DESCARTAVEL"
"5718",""
"5719","GRAMATURA 30GR/CM2"
"5720","MATERIAIS DESCARTAVEIS DIVERSOS (TECIDO/NAO TECIDO AVENTAL DESCARTAVEL"
"5721",""
"5722","GRAMATURA 50 GR/CM2"
"5723","MATERIAIS DESCARTAVEIS DIVERSOS (TECIDO/NAO TECIDO AVENTAL PARA PROCEDIMENTO"
"5724",""
"5725","DESCARTÇVEL GRAMATURA 40G/M2 (DET)"
"5726","MATERIAIS DESCARTAVEIS DIVERSOS (TECIDO/NAO TECIDO AVENTAL PARA PROCEDIMENTO,"
"5727",""
"5728","GRAMATURA 25G/M2(DET)"
"5729","MATERIAIS DESCARTAVEIS DIVERSOS (TECIDO/NAO TECIDO CALCA DESCARTAVEL"
"5730","MATERIAIS DESCARTAVEIS DIVERSOS (TECIDO/NAO TECIDO CAMPO CIRÞRGICO DE"
"5731",""
"5732","POLIETILENO TRANSPARENTE, 90X120CM."
"5733","MATERIAIS DESCARTAVEIS DIVERSOS (TECIDO/NAO TECIDO CLAMP UMBILICAL DESCARTAVEL,"
"5734",""
"5735","ESTERIL (DETALHADA)"
"5736","MATERIAIS DESCARTAVEIS DIVERSOS (TECIDO/NAO TECIDO COBERTURA EM SMS, GRAMATURA"
"5737",""
"5738","DE 60 G/M2"
"5739","MATERIAIS DESCARTAVEIS DIVERSOS (TECIDO/NAO TECIDO COBERTURA IMPERMEAVEL E"
"5740",""
"5741","ABSORVENTE COMPOSTO POR POLIETILENO"
"5742","MATERIAIS DESCARTAVEIS DIVERSOS (TECIDO/NAO TECIDO ESCOVA PLASTICA P/ ANTI-SEPSIA"
"5743",""
"5744","CIRURGICA DE MAOS (DETALHADA)"
"5745","MATERIAIS DESCARTAVEIS DIVERSOS (TECIDO/NAO TECIDO ESPATULA DE MADEIRA"
"5746",""
"5747","(ABAIXADOR DE LINGUA)"
"5748","MATERIAIS DESCARTAVEIS DIVERSOS (TECIDO/NAO TECIDO ESPECULO VAGINAL EM PVC,"
"5749",""
"5750","TRANSPARENTE NR. 01 (DETALHADA)"
"5751","MATERIAIS DESCARTAVEIS DIVERSOS (TECIDO/NAO TECIDO ESPECULO VAGINAL EM PVC,"
"5752",""
"5753","TRANSPARENTE NR. 03 (DETALHADA)"
"5754","MATERIAIS DESCARTAVEIS DIVERSOS (TECIDO/NAO TECIDO ESPECULO VAGINAL EM PVC,"
"5755",""
"5756","TRANSPARENTE, NR. 02 (DETALHADA)"
"5757","MATERIAIS DESCARTAVEIS DIVERSOS (TECIDO/NAO TECIDO GORRO C/ ELASTICO,"
"5758",""
"5759","DESCARTAVEL (DETALHADA)"
"5760","MATERIAIS DESCARTAVEIS DIVERSOS (TECIDO/NAO TECIDO KIT P/ COLETA ENDOCERVICAL"
"5761",""
"5762","TRIPLICE P/USO GINECOLOGICO (DET)"
"5763","MATERIAIS DESCARTAVEIS DIVERSOS (TECIDO/NAO TECIDO LAMINA DE BISTURI NR. 10"
"5764",""
"5765","DESCARTAVEL (DETALHADA)"
"5766","MATERIAIS DESCARTAVEIS DIVERSOS (TECIDO/NAO TECIDO LAMINA DE BISTURI NR. 22,"
"5767",""
"5768","DESCARTAVEL (DETALHADA)"
"5769","MATERIAIS DESCARTAVEIS DIVERSOS (TECIDO/NAO TECIDO LAMINA DE BISTURI, NR. 11"
"5770",""
"5771","DESCARTAVEL (DETALHADA)"
"5772","MATERIAIS DESCARTAVEIS DIVERSOS (TECIDO/NAO TECIDO LAMINA DE BISTURI, NR. 12"
"5773",""
"5774","DESCARTAVEL (DETALHADA)"
"5775","MATERIAIS DESCARTAVEIS DIVERSOS (TECIDO/NAO TECIDO LAMINA DE BISTURI, NR. 15,"
"5776",""
"5777","DESCARTAVEL (DETALHADA)"
"5778","MATERIAIS DESCARTAVEIS DIVERSOS (TECIDO/NAO TECIDO LAMINA DE BISTURI, NR. 20,"
"5779",""
"5780","DESCARTAVEL (DETALHADA)"
"5781","MATERIAIS DESCARTAVEIS DIVERSOS (TECIDO/NAO TECIDO LAMINA DE BISTURI, NR. 21,"
"5782",""
"5783","DESCARTAVEL (DETALHADA)"
"5784","MATERIAIS DESCARTAVEIS DIVERSOS (TECIDO/NAO TECIDO LAMINA DE BISTURI, NR. 23,"
"5785",""
"5786","DESCARTAVEL (DETALHADA)"
"5787","MATERIAIS DESCARTAVEIS DIVERSOS (TECIDO/NAO TECIDO LAMINA DE"
"5788",""
"5789","BISTURI,NR.11,P/PROCED.VASCULARES E ARTERIAIS"
"5790","MATERIAIS DESCARTAVEIS DIVERSOS (TECIDO/NAO TECIDO LANCETA PERFURO CORTANTE EM"
"5791",""
"5792","ACO INOX 1 A 1,5MM"
"5793","MATERIAIS DESCARTAVEIS DIVERSOS (TECIDO/NAO TECIDO LANCETA PERFURO CORTANTE EM"
"5794",""
"5795","ACO INOX. (DETALHADA)"
"5796","MATERIAIS DESCARTAVEIS DIVERSOS (TECIDO/NAO TECIDO LENCOL DESCARTAVEL, EM PAPEL"
"5797",""
"5798","TECIDO BRANCO PICOTADO (DET)"
"5799","MATERIAIS DESCARTAVEIS DIVERSOS (TECIDO/NAO TECIDO MASCARA CIRURGICA"
"5800",""
"5801","DESCARTAVEL"
"5802","MATERIAIS DESCARTAVEIS DIVERSOS (TECIDO/NAO TECIDO MASCARA FACIAL (ADULTO"
"5803",""
"5804","MEDIO) (DETALHADA)"
"5805","MATERIAIS DESCARTAVEIS DIVERSOS (TECIDO/NAO TECIDO MASCARA FACIAL (ADULTO"
"5806",""
"5807","PEQUENO) (DETALHADA)"
"5808","MATERIAIS DESCARTAVEIS DIVERSOS (TECIDO/NAO TECIDO MASCARA FACIAL (INFANTIL)"
"5809",""
"5810","(DETALHADA)"
"5811","MATERIAIS DESCARTAVEIS DIVERSOS (TECIDO/NAO TECIDO MASCARA FACIAL (NEONATO)"
"5812",""
"5813","(DETALHADA)"
"5814","MATERIAIS DESCARTAVEIS DIVERSOS (TECIDO/NAO TECIDO MASCARA FACIAL (PEDIATRICO)"
"5815",""
"5816","(DETALHADA)"
"5817","MATERIAIS DESCARTAVEIS DIVERSOS (TECIDO/NAO TECIDO MASCARA FACIAL ALMOFADA COM"
"5818",""
"5819","VALVULA"
"5820","MATERIAIS DESCARTAVEIS DIVERSOS (TECIDO/NAO TECIDO MASCARA FACIAL SEM VISEIRA"
"5821",""
"5822","C/NO MINIMO TRÕS CAMADAS,ELASTICO"
"5823","MATERIAIS DESCARTAVEIS DIVERSOS (TECIDO/NAO TECIDO MASCARA FACIAL SEM VISEIRA"
"5824",""
"5825","COM NO MINIMO TRES CAMADAS,TIRAS"
"5826","MATERIAIS DESCARTAVEIS DIVERSOS (TECIDO/NAO TECIDO MASCARA SEMI FACIAL,"
"5827",""
"5828","P/PROTECAO DE AGENTES BIOLOGICOS (DET)"
"5829","MATERIAIS DESCARTAVEIS DIVERSOS (TECIDO/NAO TECIDO OCULOS PROTETOR, EM"
"5830",""
"5831","POLIETILENO C/ LENTES EM POLICARBONO(DT)"
"5832","MATERIAIS DESCARTAVEIS DIVERSOS (TECIDO/NAO TECIDO PERFURADOR DE MEMBRANA"
"5833",""
"5834","AMNIOTICA (DETALHADA)"
"5835","MATERIAIS DESCARTAVEIS DIVERSOS (TECIDO/NAO TECIDO PULSEIRA DE IDENTIFICAÇÃO DE"
"5836",""
"5837","PACIENTES"
"5838","MATERIAIS DESCARTAVEIS DIVERSOS (TECIDO/NAO TECIDO PULSEIRA DE IDENTIFICAÇÃO DE"
"5839",""
"5840","PACIENTES ADULTO/PEDIATRICO"
"5841","MATERIAIS DESCARTAVEIS DIVERSOS (TECIDO/NAO TECIDO PULSEIRA DE IDENTIFICAÇÃO NA"
"5842",""
"5843","COR AMARELA."
"5844","MATERIAIS DESCARTAVEIS DIVERSOS (TECIDO/NAO TECIDO PULSEIRA DE IDENTIFICAÇÃO NA"
"5845",""
"5846","COR AZUL."
"5847","MATERIAIS DESCARTAVEIS DIVERSOS (TECIDO/NAO TECIDO PULSEIRA DE IDENTIFICAÇÃO NA"
"5848",""
"5849","COR LARANJA."
"5850","MATERIAIS DESCARTAVEIS DIVERSOS (TECIDO/NAO TECIDO PULSEIRA DE IDENTIFICAÇÃO NA"
"5851",""
"5852","COR VERDE."
"5853","MATERIAIS DESCARTAVEIS DIVERSOS (TECIDO/NAO TECIDO PULSEIRA DE IDENTIFICAÇÃO NA"
"5854",""
"5855","COR VERMELHA."
"5856","MATERIAIS DESCARTAVEIS DIVERSOS (TECIDO/NAO TECIDO RESPIRADOR FACIAL P/ PROTECAO"
"5857",""
"5858","CONTRA MAT. PARTICULADO (DET)"
"5859","MATERIAIS DESCARTAVEIS DIVERSOS (TECIDO/NAO TECIDO RESPIRADOR PURIFICADOR DE AR"
"5860",""
"5861","(DETALHADA)"
"5862","MATERIAIS DESCARTAVEIS DIVERSOS (TECIDO/NAO TECIDO SAPATILHA (PROPE),NAO"
"5863",""
"5864","TECIDO,MED. 20CM X 30CM X 18CM ALTURA"
"5865","MATERIAIS DESCARTAVEIS DIVERSOS (TECIDO/NAO TECIDO TERMOMETRO DIGITAL (DET)"
"5866","MATERIAIS HEMOSTATICOS HEMOSTATICO A BASE DE CELULOSE, MEDINDO 30 A 50 CM2,"
"5867",""
"5868","ESTÔRIL"
"5869","MATERIAIS PARA CIRURGIA OFTALMICA SOLUCAO VISCOELASTICA DISPERSIVA APIROGENICA"
"5870","MATERIAIS PARA COLANGIOPANCREATOGRAFIA ALCA"
"5871",""
"5872","POLIPECTOMIA,MANOPLA,CATETER,JUMBO OVAL, LACO 30MM"
"5873","MATERIAIS PARA COLANGIOPANCREATOGRAFIA ALCA"
"5874",""
"5875","POLIPECTOMIA,MANOPLA,CATETER,OVAL STANDARD,LACO 10MM"
"5876","MATERIAIS PARA COLANGIOPANCREATOGRAFIA BALAO DILATADOR ENDOSCOPICO,"
"5877",""
"5878","ESOFAGO/COLONO,  18 A 20 MM"
"5879","MATERIAIS PARA COLANGIOPANCREATOGRAFIA BALAO DILATADOR ENDOSCOPICO,"
"5880",""
"5881","ESOFAGO/COLONO, 10 A 12 MM"
"5882","MATERIAIS PARA COLANGIOPANCREATOGRAFIA BALAO DILATADOR ENDOSCOPICO,"
"5883",""
"5884","ESOFAGO/COLONO, 12 A 15 MM"
"5885","MATERIAIS PARA COLANGIOPANCREATOGRAFIA BALAO DILATADOR ENDOSCOPICO,"
"5886",""
"5887","ESOFAGO/COLONO, 15 A 18 MM"
"5888","MATERIAIS PARA COLANGIOPANCREATOGRAFIA BALAO EXTRATOR DE CALCULOS BILIARES."
"5889","MATERIAIS PARA COLANGIOPANCREATOGRAFIA CESTA EXTRATORA DE CORPO ESTRANHO"
"5890",""
"5891","C/MANOPLA,USO ÞNICO,4 FIOS"
"5892","MATERIAIS PARA COLANGIOPANCREATOGRAFIA FIO GUIA P/ COLANGIOPANCREATOGRAFIA,"
"5893",""
"5894","PONTA ANGULADA 0.035 +/"
"5895","MATERIAIS PARA COLANGIOPANCREATOGRAFIA FIO GUIA PARA COLANGIOPANCREATOGRAFIA,"
"5896",""
"5897","PONTA RETA 0,25"
"5898","MATERIAIS PARA COLANGIOPANCREATOGRAFIA FIO GUIA PARA COLANGIOPANCREATOGRAFIA,"
"5899",""
"5900","PONTA RETA 0.035 +/-"
"5901","MATERIAIS PARA COLANGIOPANCREATOGRAFIA PAPILOTOMO TRIPLO LÞMEM PARA"
"5902",""
"5903","COLANGIOPANCREATOGRAFIA"
"5904","MATERIAIS PARA COLANGIOPANCREATOGRAFIA PAPILOTOMO TRIPLO LÞMEN PARA"
"5905",""
"5906","COLANGIOPANCREATOGRAFIA (25 MM)"
"5907","MATERIAIS PARA COLANGIOPANCREATOGRAFIA PAPILOTOMO TRIPLO LÞMEN PARA"
"5908",""
"5909","COLANGIOPANCREATOGRAFIA (30 MM)"
"5910","MATERIAIS PARA COLANGIOPANCREATOGRAFIA PAPILOTOMO PARA"
"5911",""
"5912","COLANGIOPANCREATOGRAFIA, 5 FR"
"5913","MATERIAIS PARA COLANGIOPANCREATOGRAFIA PROTESE BILIAR PRÔ-MONTADA COM"
"5914",""
"5915","INTRODUTOR, 8,5+-1FR"
"5916","MATERIAIS PARA COLANGIOPANCREATOGRAFIA PROTESE COLEDOCO P/"
"5917",""
"5918","COLANGIOPANCREATOGRAFIA,8,5+-1FR,5+-1CM"
"5919","MATERIAIS PARA COLANGIOPANCREATOGRAFIA PROTESE COLEDOCO P/"
"5920",""
"5921","COLANGIOPANCREATOGRAFIA. 8,5+-1FR,9+-1CM"
"5922","MATERIAIS PARA COLANGIOPANCREATOGRAFIA PROTESE COLEDOCO P/"
"5923",""
"5924","COLANGIOPANCREATOGRAFIA.8,5+-1FR, 7+-1CM"
"5925","MATERIAIS PARA COLANGIOPANCREATOGRAFIA PROTESE DE COLEDOCO PARA"
"5926",""
"5927","COLANGIOPANCREATOGRAFIA, 7 FR, 7 CM"
"5928","MATERIAIS PARA COLOSTOMIA BARREIRA PROTETORA DE PELE PERIESTOMA A BASE DE"
"5929",""
"5930","PECTINA"
"5931","MATERIAIS PARA COLOSTOMIA PLACA FECHADA PROTETORA DA PELE 10X10CM APROX (DET)"
"5932","MATERIAIS PARA COLOSTOMIA PO PROTETOR DA PELE, A BASE DE PECTINA  (DET)"
"5933","MATERIAIS PARA COLOSTOMIA PROTETOR PARA COLOSTOMIA RECORTAVEL DE 19-20 MM A 50-"
"5934",""
"5935","55 MM"
"5936","MATERIAIS PARA COLOSTOMIA SISTEMA OCLUSOR"
"5937","MATERIAIS PARA ELETROCARDIOGRAMA ELETRODO ADULTO/PEDIATRICO DESC.PINO ACO"
"5938",""
"5939","INOX,CONFEC. ESPUMA"
"5940","MATERIAIS PARA ELETROCARDIOGRAMA ELETRODO NEONATAL DESC., PINO ACO INOX."
"5941",""
"5942","(DETALHADA)"
"5943","MATERIAIS PARA ELETROCARDIOGRAMA ELETRODO PARA ECG COMPATIVEL C/RNM"
"5944","MATERIAIS PARA ELETROCARDIOGRAMA GEL  DE CONTATO PARA USG E ECG E ECO, 100G"
"5945","MATERIAIS PARA ELETROCARDIOGRAMA PAPEL P/ELETROCARDIOGRAMA,TERMOSENSIVEL, 90"
"5946",""
"5947","X 90MM (DET.)"
"5948","MATERIAIS PARA ELETROCARDIOGRAMA PAPEL P/VIDEO"
"5949",""
"5950","PRINTER,P/ELETROCARD.MED.110X20,UPP110 S(DET)"
"5951","MATERIAIS PARA ELETROCARDIOGRAMA PAPEL PARA ELETROCARDIOGRAMA, MEDINDO 216"
"5952",""
"5953","MM X 30 M"
"5954","MATERIAIS PARA ELETROCARDIOGRAMA PAPEL"
"5955",""
"5956","TERMOSSENSIVEL,COLOR,210MMX25M.COMP.ARCO C PHILIPS"
"5957","MATERIAIS PARA ELETROENCEFALOGRAMA CREME CONDUTOR PARA ELETRO-"
"5958",""
"5959","ENCEFALOGRAMA"
"5960","MATERIAIS PARA ESTOMAS BARREIRA PROTETORA DE PELE PERIESTOMA,DIÅMETRO 20 A"
"5961",""
"5962","50MM"
"5963","MATERIAIS PARA ESTOMAS BOLSA DRENAVEL CONFEC.EM PLASTICO FLEXIVEL,ARO 100 OU"
"5964",""
"5965","102MM"
"5966","MATERIAIS PARA ESTOMAS BOLSA DRENAVEL CONFEC.EM PLASTICO FLEXIVEL,ARO DE 38 OU"
"5967",""
"5968","40MM"
"5969","MATERIAIS PARA ESTOMAS BOLSA DRENAVEL CONFEC.EM PLASTICO FLEXIVEL,ARO DE 44 OU"
"5970",""
"5971","45MM"
"5972","MATERIAIS PARA ESTOMAS BOLSA DRENAVEL CONFEC.EM PLASTICO FLEXIVEL,ARO DE 50 OU"
"5973",""
"5974","51MM"
"5975","MATERIAIS PARA ESTOMAS BOLSA DRENAVEL CONFEC.EM PLASTICO FLEXIVEL,ARO DE 57 OU"
"5976",""
"5977","60MM"
"5978","MATERIAIS PARA ESTOMAS BOLSA NEONATAL PARA OSTOMA INTESTINAL  DRENAVEL DE 0 A"
"5979",""
"5980","27MM"
"5981","MATERIAIS PARA ESTOMAS BOLSA P/ESTOMA DRENAVEL, RESINA RECORTAVEL"
"5982","MATERIAIS PARA ESTOMAS BOLSA P/ESTOMA DRENAVEL, RESINA RECORTAVEL"
"5983",""
"5984","10X70MM(DET)"
"5985","MATERIAIS PARA ESTOMAS BOLSA P/ESTOMA DRENAVEL, RESINA RECORTAVEL"
"5986",""
"5987","13X64MM(DET)"
"5988","MATERIAIS PARA ESTOMAS BOLSA P/ESTOMA INTEST,DRENAVEL RESINA PRE-CORTADO"
"5989",""
"5990","25MM(DET)"
"5991","MATERIAIS PARA ESTOMAS BOLSA P/ESTOMA INTESTINAL RECORTAVEL 19MM A 64MM(DET)"
"5992","MATERIAIS PARA ESTOMAS BOLSA P/ESTOMA INTESTINAL RECORTAVEL 43MM A 51MM(DET)"
"5993","MATERIAIS PARA ESTOMAS BOLSA P/ESTOMIA INT.DRENAV.OPACA,DIÅM.MIN.10-13 MAX.38-"
"5994",""
"5995","43MM"
"5996","MATERIAIS PARA ESTOMAS BOLSA P/ESTOMIA INTESTINAL,DRENAVEL,OPACA,DIÅMETRO 13 A"
"5997",""
"5998","70MM"
"5999","MATERIAIS PARA ESTOMAS BOLSA P/ESTOMIA INTESTINAL,DRENAVEL,TRANSPARENTE/13 A"
"6000",""
"6001","70MM"
"6002","MATERIAIS PARA ESTOMAS BOLSA P/ESTOMIA INTESTINAL,FECHADA,OPACA,DIÅMETRO 10-"
"6003",""
"6004","13A70MM"
"6005","MATERIAIS PARA ESTOMAS BOLSA PARA UROSTOMIA EM PLASTICO FLEXIVEL, ARO DE 40 MM"
"6006","MATERIAIS PARA ESTOMAS BOLSA PARA UROSTOMIA EM PLASTICO, ARO DE 57MM (DET)"
"6007","MATERIAIS PARA ESTOMAS BOLSA PARA UROSTOMIA,CONFECCIONADA EM CAMADAS DE FILME"
"6008",""
"6009","E DE"
"6010","MATERIAIS PARA ESTOMAS BOLSA PEDIAT.P/ESTOMA INTESTINAL,10MMX35MM (D)"
"6011","MATERIAIS PARA ESTOMAS BOLSA PEDIAT.P/OSTOMIA INTEST. DRENAVEL RESINA"
"6012",""
"6013","RECORTAVEL"
"6014","MATERIAIS PARA ESTOMAS BOLSA PEDIATRICA PARA UROSTOMIA RESINA"
"6015","MATERIAIS PARA ESTOMAS CINTO ELASTICO,AJUSTAVEL ATE 100 CM ( DETALHADA)"
"6016","MATERIAIS PARA ESTOMAS CLIPS FECHAMENTO BOLSA DE OSTOMIA DRENAVEL (DET)"
"6017","MATERIAIS PARA ESTOMAS CONJ.P/IRRIGACAO COLOS.CAP.1,5L,CINTO 50MM E 80CM (DET.)"
"6018","MATERIAIS PARA ESTOMAS DESODORIZANTE / LUBRIFICANTE LIQUIDO, PARA NEUTRALIZAR"
"6019",""
"6020","ODOR"
"6021","MATERIAIS PARA ESTOMAS FILTRO DE CARVAO ATIVADO, AVULSO, AUTO-ADESIVO"
"6022",""
"6023","(DETALHADA)"
"6024","MATERIAIS PARA ESTOMAS MANGA COL. P/IRRIG. COLOSTOMIA DE 50X80CM APROX.(DET)"
"6025","MATERIAIS PARA ESTOMAS PLACA DE BARREIRA DE PELE,DE RESINA SINTÔTICA PLANA COM"
"6026",""
"6027","ALOE"
"6028","MATERIAIS PARA ESTOMAS PLACA DE RESINA SINTÓTICA CONVEXA, DE 33 A 45MM (DET)"
"6029","MATERIAIS PARA ESTOMAS PLACA DE RESINA SINTÔTICA PLANA, ARO 100 OU 102MM"
"6030","MATERIAIS PARA ESTOMAS PLACA DE RESINA SINTÔTICA PLANA, ARO DE 44 OU 45 MM"
"6031","MATERIAIS PARA ESTOMAS PLACA DE RESINA SINTÔTICA PLANA, ARO DE 50 OU 51 MM"
"6032","MATERIAIS PARA ESTOMAS PLACA DE RESINA SINTÔTICA PLANA, ARO DE 57 OU 60MM"
"6033","MATERIAIS PARA ESTOMAS PLACA DE RESINA SINTÔTICA PLANA, AUTO-ADESIVA,ARO DE 40"
"6034",""
"6035","MM"
"6036","MATERIAIS PARA ESTOMAS SISTEMA 1 PECA PARA USO POS-OPERATORIO EM ESTOMA"
"6037","MATERIAIS PARA FLUIDOTERAPIAS CONECCAO 4 VIAS P/INFUSAO PARENTERAL,APROX. DE"
"6038",""
"6039","20CM (DET.)"
"6040","MATERIAIS PARA FLUIDOTERAPIAS CONEXAO (02)DUAS VIAS P/INFUSAO"
"6041",""
"6042","PARENTERAL,BIOCOMPATIVEL,PVC"
"6043","MATERIAIS PARA FLUIDOTERAPIAS CONEXAO MULTIVIAS 2 VIAS NEONATAL"
"6044",""
"6045","INF.PARENTERAL,BIOCOMP.PVC"
"6046","MATERIAIS PARA FLUIDOTERAPIAS DISPOSITIVO DESCARTAVEL PARA TRANSFERENCIA"
"6047","MATERIAIS PARA FLUIDOTERAPIAS EXTENSOR DIETA VIA SONDA,INFUSAO"
"6048",""
"6049","ENTERAL.DIÅM.EXT.2MM-INT1MM"
"6050","MATERIAIS PARA FLUIDOTERAPIAS EXTENSOR DIETA VIA SONDA,INFUSAO"
"6051",""
"6052","ENTERAL.DIÅM.EXT.3MM-INT2MM"
"6053","MATERIAIS PARA FLUIDOTERAPIAS EXTENSOR P/ CATETER EM POLIVINIL C/120CM DE"
"6054",""
"6055","COMP.(DETALHADA)"
"6056","MATERIAIS PARA FLUIDOTERAPIAS EXTENSOR P/CATETER EM PVC COM 60CM DE"
"6057",""
"6058","COMPRIMEN.(DETALHADA)"
"6059","MATERIAIS PARA FLUIDOTERAPIAS EXTENSOR P/CATETER,EM PVC,C/120CM,CAL.2.4X1.5MM"
"6060",""
"6061","(DET.)"
"6062","MATERIAIS PARA FLUIDOTERAPIAS EXTENSOR P/CATETER,EM PVC,C/120CM,CALIBRE 3F (DET.)"
"6063","MATERIAIS PARA FLUIDOTERAPIAS TORNEIRINHA DE 3 (TRES) VIAS, DESCARTAVEL"
"6064",""
"6065","(DETALHADA)"
"6066","MATERIAIS PARA FONOAUDIOLOGIA BICO DE MAMADEIRA EM LATEX OU SIL.C/ABERTURA EM"
"6067",""
"6068","FENDA(D)"
"6069","MATERIAIS PARA FONOAUDIOLOGIA BICO DE MAMADEIRA EM LATEX,PREMATURO(D)"
"6070","MATERIAIS PARA FONOAUDIOLOGIA BICO DE MAMADEIRA ORTODONTICA,100% SILICONE,FURO"
"6071",""
"6072","P/LEITE(D)"
"6073","MATERIAIS PARA FONOAUDIOLOGIA CHUPETA ORTOD.LATEX,C/FORMAT.ESPEC.P/BEBES"
"6074",""
"6075","PREMAT.(1,750G)(D"
"6076","MATERIAIS PARA FONOAUDIOLOGIA CHUPETA ORTODONTICA EM 100% SILICONE"
"6077",""
"6078","ATOXICO,PEQUENO(D)"
"6079","MATERIAIS PARA RADIODIAGNOSTICO AVENTAL PLUMBICO (CHUMBO)"
"6080","MATERIAIS PARA RADIODIAGNOSTICO COLAR PARA PROTECAO DE TIREOIDE 0,5PB,"
"6081",""
"6082","MULTIFOLHAS"
"6083","MATERIAIS PARA RADIODIAGNOSTICO FIXADOR PARA FILME RADIOGRAFICO, CONCENTRADO"
"6084",""
"6085","(DET)"
"6086","MATERIAIS PARA RADIODIAGNOSTICO OCULOS DE PROTECAO PUMBLIFERO FRONTAL E"
"6087",""
"6088","LATERAL"
"6089","MATERIAIS PARA RADIODIAGNOSTICO PAPELCARDIOTOCOGRAFO,TERMOSSENSIVEL,150X90MM,COMP.COMEN"
"6090","MATERIAIS PARA RADIODIAGNOSTICO PAPEL IMP.TERMOS.,COMPATIVEL C/O CARDIOTOGRAFO(DETALHADA)"
"6091","MATERIAIS PARA RADIODIAGNOSTICO PAPEL PARA CARDIOTOCOGRAFO, 150X90MM - BISTOS"
"6092","MATERIAIS PARA RADIODIAGNOSTICO PAPEL TERMICO P&B, MED. 110MMX20M (DET)"
"6093","MATERIAIS PARA RADIODIAGNOSTICO PAPEL TERMOSENSIVEL PARA ELETROCARDIOGRAFO63MMX30MTS (DET)"
"6094","MATERIAIS PARA RADIODIAGNOSTICO PAPEL TERMOSENSIVEL PARA MONITORES FETAISPHILIPS."
"6095","MATERIAIS PARA RADIODIAGNOSTICO REVELADOR FILME RADIOGRAFICO, CONCENTRADO(DET)"
"6096","MATERIAIS PARA UROSTOMIA BOLSA DE COLOSTOMIA COM ARO DE 45 MM PARA SISTEMA 2PECAS"
"6097","MATERIAIS PARA UROSTOMIA BOLSA PARA UROSTOMIA CONVEXA, 13 A 38 MM"
"6098","MATERIAIS PARA UROSTOMIA BOLSA PARA UROSTOMIA DRENAVEL, 45 MM"
"6099","MATERIAIS PARA UROSTOMIA BOLSA PARA UROSTOMIA, 19 A 45 MM COM PLACA DE PROTECAO"
"6100","MATERIAIS PARA UROSTOMIA PLACA DE RESINA SINTÔTICA CONVEXA, 22 A 33 MM"
"6101","MATERIAIS PARA UROSTOMIA PLACA DE RESINA SINTÔTICA CONVEXA,22 A 33 MM*9784008"
"6102","MATERIAIS PARA USO EM DIALISE  DIALISADOR CAPILAR ALTO FLUXO, DE AREA 1,7 A 2,2 MÊ"
"6103","MATERIAIS PARA USO EM DIALISE CAT.P/HEMOD.C/DUPLO LUMEN,CURVO,INT.JUG.CAL.11/12FR X 15CM"
"6104","MATERIAIS PARA USO EM DIALISE CATETER P/ DIALISE PERITONIAL C/ 01 CUFF, TAM. ADULTO(DET)"
"6105","MATERIAIS PARA USO EM DIALISE CATETER P/ HEMOD.C/DUPLO LUMEN,CAL.11/122FR X20CM(D)"
"6106","MATERIAIS PARA USO EM DIALISE CATETER P/DIALISE PERITONEAL RIGIDO PEDIATRICO,COM202 MM"
"6107","MATERIAIS PARA USO EM DIALISE CATETER P/DIALISE PERITONIAL C/01 CUFFS,NEONATAL(DET)"
"6108","MATERIAIS PARA USO EM DIALISE CATETER P/DIALISE PERITONIAL C/01 CUFFS,PEDIATRICO(DET)"
"6109","MATERIAIS PARA USO EM DIALISE CATETER P/DIALISE PERITONIAL C/02 CUFFS,NEONATAL(DET)"
"6110","MATERIAIS PARA USO EM DIALISE CATETER P/DIALISE PERITONIAL C/02 CUFFS,PEDIATRICO(DET)"
"6111","MATERIAIS PARA USO EM DIALISE CATETR P/ HEMOD.C/DUPLO LUMEN,RETO,CAL.11/12FR X15CM (D)"
"6112","MATERIAIS PARA USO EM DIALISE DIALISADOR CAPILAR MÔDIA E ALTA PERFOMANCE, ATÔ 1.6M2"
"6113","MATERIAIS PARA USO EM DIALISE DIALISADOR CAPILAR MÔDIA E ALTA PERFOMANCE,AREA 1.7A 2.2 M2"
"6114","MATERIAIS PARA USO EM DIALISE FILTRO 0,2 MICRA C/CONEXAO LUER,P/PA E VENOSA,EMRINS(DET.)"
"6115","MATERIAIS PARA USO EM DIALISE LINHA ART.DE SANGUE DIALIZ.C/SEG.P/BOMBA DE SANGUE 8MM. (D)"
"6116","MATERIAIS PARA USO EM DIALISE LINHA VENOSA DE SANGUEP/DIALIZADOR,C/CATABOLHAS,20 MM.(DETA"
"6117","MATERIAL PARA CIRURCIA CARDIACA CATETER BALAO PERIFÔRICA."
"6118","MATERIAL PARA CIRURCIA CARDIACA CATETER DE REENTRADA."
"6119","MATERIAL PARA CIRURCIA CARDIACA CATETER DIAGNOSTICO TIPO KAMPE 5F."
"6120","MATERIAL PARA CIRURCIA CARDIACA CONJUNTO PARA TRANJUGULAR (FIGADO)."
"6121","MATERIAL PARA CIRURCIA CARDIACA DISPOSITIVO DE FECHAMENTO ARTERIAL"
"6122","MATERIAL PARA CIRURCIA CARDIACA GUIA BRANCA."
"6123","MATERIAL PARA CIRURCIA CARDIACA GUIA HIDROFILICA."
"6124","MATERIAL PARA CIRURCIA CARDIACA INTRODUTOR DE 40CM"
"6125","MATERIAL PARA CIRURCIA CARDIACA INTRODUTOR DE 45CM."
"6126","MATERIAL PARA CIRURCIA CARDIACA INTRODUTOR DE 55CM."
"6127","MATERIAL PARA CIRURCIA CARDIACA INTRODUTOR LONGO DE VASOS 10-12FR."
"6128","MATERIAL PARA CIRURCIA CARDIACA KIT INTRODUTOR ARAMADO."
"6129","MATERIAL PARA CIRURCIA CARDIACA KIT INTRODUTOR CURVO PARA ACESSOCONTRALATERAL."
"6130","MATERIAL PARA CIRURCIA CARDIACA KIT PARA CIRURGIA CORONARIA SEM CEC."
"6131","MATERIAL PARA CIRURCIA CARDIACA LIQUIDO PARA EMBOLIZAÇÃO"
"6132","MATERIAL PARA CIRURCIA CARDIACA LIQUIDO PARA EMBOLIZAÇÃO."
"6133","MATERIAL PARA CIRURCIA CARDIACA MICRO CATETER"
"6134","MATERIAL PARA CIRURCIA CARDIACA MICRO CATETERCORONARIO.150CM.ATÔ1,8FR/0,60MM.FIO GUIA0,014"""
"6135","MATERIAL PARA CIRURCIA CARDIACA MICRO-CATETER PARA SER INTRODUZIDO SOBRE FIO-GUIA 0,018"
"6136","MATERIAL PARA CIRURCIA CARDIACA MICRO-GUIA"
"6137","MATERIAL PARA CIRURCIA CARDIACA SISTEMA DE TROMBECTOMIA MECÅNICA (CATETER +EQUIPO)"
"6138","MATERIAL PARA CIRURGIA CATETER URETERAL OPEN END"
"6139","MATERIAL PARA CIRURGIA CONJUNTO DILATADORES RENAIS AMPLATZ"
"6140","MATERIAL PARA NEUROCIRURGIA CATETER GUIA 5FX135CM, ARAMADO COM FLEXIBILIDADEPROGRESSIVA"
"6141","MATERIAL PARA NEUROCIRURGIA CATETER GUIA 6FX135CM ARAMADO COM FLEXIBILIDADEPROGRESSIVA"
"6142","MATERIAL PARA NEUROCIRURGIA CATETER GUIA 8FX110 CM, COAXIAL ARAMADO C/BALAO DE12 X 12MM"
"6143","MATERIAL PARA NEUROCIRURGIA CATETER P MONITORIZAÇÃO DE PRESSAO INTRACRANIANAPARENQUIMAL"
"6144","MATERIAL PARA NEUROCIRURGIA CATETER P MONITORIZAÇÃO DE PRESSAO INTRACRANIANAVENTRICULAR"
"6145","MATERIAL PARA NEUROCIRURGIA DISPOSITIVO DIVERSOR DE FLUXO PARA EMBOLIZAÇÃO DEANEURISMAS"
"6146","MATERIAL PARA NEUROCIRURGIA INTRODUTOR FABRICADO COM CARACT DE MAX.FLEXIBILIDADE"
"6147","MATERIAL PARA NEUROCIRURGIA MICROCATETER 1.2F OU 1.5F X 165 CM, COM PONTADESTACAVEL"
"6148","MATERIAL PARA NEUROCIRURGIA MICROCATETER 5FX135CM ARAMADO P/ASPIRAÇÃOMECÅNICA DE TROMBO"
"6149","MICRO GUIA MICRO GUIA HIDROF÷LICO EM ACO INOXIDÇVEL"
"6150","MICRO MOLA MICRO MOLAS EM PLAT.C/DUPLO FILAMENTO INT.DE POLIP.2D E 3D"
"6151","MICROCOILES EM PLATINA TIPO TORNADO(CONSIGNADO/CONVENIO) ELETRODO DOCARDIODESFIBRILADOR-FIXAÇÃO ATIVA."
"6152","MICROCOILES EM PLATINA TIPO TORNADO(CONSIGNADO/CONVENIO) ELETRODO DOCARDIODESFIBRILADOR-FIXACAO PASSIVA."
"6153","OPME (ORDENS JUDICIAIS) LINER DE CONEXAO"
"6154","OPME (ORDENS JUDICIAIS) VALVULA FONATORIA PARA TRAQUEOSTOMIA - PORTEX"
"6155","OSTOMIA RESPIRATORIA - REABILITACAO PULMONAR / FONATORIA ADESIVO PARATRAQUEOSTOMIA"
"6156","OSTOMIA RESPIRATORIA - REABILITACAO PULMONAR / FONATORIA CÅNULA CURTA DETRAQUEOSTOMIA TIPO BUTTON"
"6157","OSTOMIA RESPIRATORIA - REABILITACAO PULMONAR / FONATORIA DISPOSITIVO DE LIMPEZADAS PROTESES FONATORIAS"
"6158","OSTOMIA RESPIRATORIA - REABILITACAO PULMONAR / FONATORIA ESCOVA DE LIMPEZA DASPROTESES FONATORIAS"
"6159","OSTOMIA RESPIRATORIA - REABILITACAO PULMONAR / FONATORIA FILTRO P/ PROTESE VOZDE TRAQUEOSTOMIA"
"6160","OSTOMIA RESPIRATORIA - REABILITACAO PULMONAR / FONATORIA KIT DE TRAQUEOSTOMIA"
"6161","OSTOMIA RESPIRATORIA - REABILITACAO PULMONAR / FONATORIA LARINGOFONE - LARINGEELETRONICA"
"6162","OSTOMIA RESPIRATORIA - REABILITACAO PULMONAR / FONATORIA PLUGUE 22,5 FR, P/PROTESE FONATORIA"
"6163","OSTOMIA RESPIRATORIA - REABILITACAO PULMONAR / FONATORIA PROTESE FONATORIA -"
"6164",""
"6165","VALVULA DE FALA. C/ INTRODUTOR"
"6166","OSTOMIA RESPIRATORIA - REABILITACAO PULMONAR / FONATORIA PROTESE FONATORIA -"
"6167",""
"6168","VALVULA DE FALA. C/ PROTETOR DE FARINGE"
"6169","OSTOMIA RESPIRATORIA - REABILITACAO PULMONAR / FONATORIA PROTETOR DE ESTOMA"
"6170",""
"6171","PARA BANHO - COLAR CERVICAL"
"6172","PARAFUSO ORTOPEDICO PARAFUSO CORTICAL 1,5MM SUS 0702030660"
"6173","PARAFUSO ORTOPEDICO PARAFUSO CORTICAL 2,0MM SUS 0702030678"
"6174","PARAFUSO PARA USO EM CIRURGIA DE ORTESE E PROTESE. PARAFUSO  CANULADO MINI 2,7MM"
"6175",""
"6176","EM TITÄNIO COMP. 16 A 30MM"
"6177","PARAFUSO PARA USO EM CIRURGIA DE ORTESE E PROTESE. PARAFUSO AUTO ROSCANTE"
"6178",""
"6179","ACETABULAR C/ DIÄMETRO 4,5MM A 6,5MM"
"6180","PARAFUSO PARA USO EM CIRURGIA DE ORTESE E PROTESE. PARAFUSO AUTO ROSCANTE"
"6181",""
"6182","ACETABULAR EM TITANIO, PRIMARIA"
"6183","PARAFUSO PARA USO EM CIRURGIA DE ORTESE E PROTESE. PARAFUSO CANULADO ACO INOX"
"6184",""
"6185","3,5MM COMP.10 A 40MM  02 EM 02MM"
"6186","PARAFUSO PARA USO EM CIRURGIA DE ORTESE E PROTESE. PARAFUSO CANULADO ACO INOX"
"6187",""
"6188","4,5MM COMP.22 A 50 DE 02 EM O2MM"
"6189","PARAFUSO PARA USO EM CIRURGIA DE ORTESE E PROTESE. PARAFUSO CANULADO EM ACO"
"6190",""
"6191","INOXIDAVEL DIÄMETRO 7,0MM"
"6192","PARAFUSO PARA USO EM CIRURGIA DE ORTESE E PROTESE. PARAFUSO CANULADO EM ACO"
"6193",""
"6194","INOXIDAVEL NO DIÄMETRO DE 7,0MM"
"6195","PARAFUSO PARA USO EM CIRURGIA DE ORTESE E PROTESE. PARAFUSO CORTICAL EM ACO INOX,"
"6196",""
"6197","ROSCA 4,5MM COMP. 12 A 70MM"
"6198","PARAFUSO PARA USO EM CIRURGIA DE ORTESE E PROTESE. PARAFUSO CORTICAL EM ACO"
"6199",""
"6200","INOXIDÇVEL DIÄMTERO ROSCA 3,5 MM"
"6201","PARAFUSO PARA USO EM CIRURGIA DE ORTESE E PROTESE. PARAFUSO DE TITÄNIO ASSOCIÇVEL"
"6202",""
"6203","A PLACA CERVICAL0702050407"
"6204","PARAFUSO PARA USO EM CIRURGIA DE ORTESE E PROTESE. PARAFUSO ESPONJOSO ACO INOX"
"6205",""
"6206","ROSCA DE 6,5MM COMP.25 A 110MM"
"6207","PARAFUSO PARA USO EM CIRURGIA DE ORTESE E PROTESE. PARAFUSO ESPONJOSO EM ACO"
"6208",""
"6209","INOX ROSCA 6,5MM ROSCA 32MM."
"6210","PARAFUSO PARA USO EM CIRURGIA DE ORTESE E PROTESE. PARAFUSO ESPONJOSO EM ACO"
"6211",""
"6212","INOXIDAVEL,DIÄMETRO DA ROSCA 6,5MM"
"6213","PARAFUSO PARA USO EM CIRURGIA DE ORTESE E PROTESE. PARAFUSO ESPONJOSO ROSCA"
"6214",""
"6215","TOTAL EM ACO INOXIDÇVEL 4,0MM"
"6216","PARAFUSO PARA USO EM CIRURGIA DE ORTESE E PROTESE. PARAFUSO MALEOLAR ACO INOX"
"6217",""
"6218","ROSCA 4,5MM COMP.2,5 A 70MM"
"6219","PARAFUSO PARA USO EM CIRURGIA DE ORTESE E PROTESE. PARAFUSO ORTOPÓDICO DE"
"6220",""
"6221","TITÄNIO C/PASSO ROSCA ARREDONDADA"
"6222","PARAFUSO PARA USO EM CIRURGIA DE ORTESE E PROTESE. PARAFUSO PARA BLOQUEIO MAXILO-"
"6223",""
"6224","MANDIBULAR DE 8 A 12MM."
"6225","PARAFUSO PARA USO EM CIRURGIA DE ORTESE E PROTESE. PARAFUSO PEDICULAR"
"6226",""
"6227","MONOAXIAL,ALETAS.D.4,35, 5,0 6,0 7,0 8,0"
"6228","PARAFUSO PARA USO EM CIRURGIA DE ORTESE E PROTESE. PARAFUSO PEDICULAR"
"6229",""
"6230","MONOAXIAL,DIÅM.4,35, 5,0 6,0 7,0 E 8,0"
"6231","PARAFUSO PARA USO EM CIRURGIA DE ORTESE E PROTESE. PARAFUSO PEDICULAR"
"6232",""
"6233","POLIAXIAL,ALETAS,D. 4,35, 5,0 6,0 7,0 8,0"
"6234","PARAFUSO PARA USO EM CIRURGIA DE ORTESE E PROTESE. PARAFUSO PEDICULAR"
"6235",""
"6236","POLIAXIAL,DIÅMETROS 4,35, 5,0 6,0 7,0 8,0"
"6237","PARAFUSO PARA USO EM CIRURGIA DE ORTESE E PROTESE. PARAFUSO PEDICULAR"
"6238",""
"6239","POLIAXIAL,ILIACO,D. 5,0 6,0 7,0  8,0"
"6240","PARAFUSO PARA USO EM CIRURGIA DE ORTESE E PROTESE. PARAFUSO TITÄNIO ASSOC. A"
"6241",""
"6242","BARRA CERVICAL SUS 0702050407"
"6243","PARAFUSO PEDICULADO PARAFUSO DE INTERFERENCIA EM TITANIO.ENGLOBA TODOS"
"6244",""
"6245","TAMANHOS"
"6246","PECAS E COMPONENTES ESCOVA DE LIMPEZA DE CANAL DE ENDOSCOPIO, C/DIÅMETRO DE 5 A"
"6247","PECAS E COMPONENTES ESCOVA LIMPEZA FRASCOS,TUBOS,CUBARIM,BACIAS,30-"
"6248",""
"6249","40CM,100X60MM"
"6250","PECAS E COMPONENTES ESCOVA P/LIMPEZA DE CREMALHEIRAS,RANHURAS E CONEXÏES"
"6251",""
"6252","MACHO-F"
"6253","PECAS E COMPONENTES ESCOVA P/LIMPEZA DE INSTRUMENTAIS CIRÞRGICOS ORTOPÔDICOS"
"6254","PECAS E COMPONENTES ESCOVA P/LIMPEZA EXTERNA DE CANULADOS E ENDOSCOPIOS"
"6255","PECAS E COMPONENTES ESCOVA P/LIMPEZA INSTRUMENTAIS FRAGEIS, COMO ENDOSCOPIOS"
"6256","PECAS E COMPONENTES ESCOVA P/LIMPEZA INSTRUMENTAIS GRANDES, EXIGEM LIMPEZA"
"6257",""
"6258","SUAVE"
"6259","PECAS E COMPONENTES ESCOVA PARA LIMPEZA DE RASPAS ACETABULARES"
"6260","PECAS E COMPONENTES ESCOVA PARA LIMPEZA DE SUPERFICIES IRREGULARES,"
"6261",""
"6262","AUTOCLAVAVEL"
"6263","PECAS E COMPONENTES ESCOVAS DE MAO P/LIMPEZA DE CUBA"
"6264",""
"6265","RIM,CÞPULAS,BACIAS,AFASTADO"
"6266","PINOS PARA USO EM CIRURGIA DE ORTESE E PROTESE PINO DE SCHANTZ"
"6267","PLACA PARA BISTURI PLACA P/BISTURI,7,5X13CM,PTA C/CONEXAO UNIV.,COMP.C/WEN"
"6268","PLACA PARA BISTURI PLACA PARA BISTURI DESCARTAVEL 10 X 20CM, WEN E MICROTRONIC"
"6269","PLACA PARA BISTURI PLACA PARA BISTURI DESCARTAVEL, BIPARTIDA, COMPAT. VALLEYLAB"
"6270","PLACA PARA USO EM CIRURGIA DE ORTESE E PROTESE PLACA 1/3 DE TUBO, RETA DE 3,5MM EM"
"6271",""
"6272","ACO INOX 3 A 12 FUROS"
"6273","PLACA PARA USO EM CIRURGIA DE ORTESE E PROTESE PLACA ANGULADA DE 95C DE GRANDES"
"6274",""
"6275","FRAGMENTOS DE 05 A 12 FUROS"
"6276","PLACA PARA USO EM CIRURGIA DE ORTESE E PROTESE PLACA ANGULADA PEDIATRICA"
"6277","PLACA PARA USO EM CIRURGIA DE ORTESE E PROTESE PLACA BLOQUEADA DE TIBIA DISTAL"
"6278",""
"6279","LONGA, COM PARAFUSOS."
"6280","PLACA PARA USO EM CIRURGIA DE ORTESE E PROTESE PLACA BLOQUEADA EM TITÄNIO P/"
"6281",""
"6282","OSTEOTOMIA DE JOELHO"
"6283","PLACA PARA USO EM CIRURGIA DE ORTESE E PROTESE PLACA COMPRESSAO DINÄMICA RETA DE"
"6284",""
"6285","3,5MM ACO INOX 3 A 12FUROS"
"6286","PLACA PARA USO EM CIRURGIA DE ORTESE E PROTESE PLACA DE COMPRESSAO DINÄMICA"
"6287",""
"6288","RETA, ESTREITA DE 4,5MM"
"6289","PLACA PARA USO EM CIRURGIA DE ORTESE E PROTESE PLACA DE COMPRESSAO DINÅMICA"
"6290",""
"6291","RETA, LARGA DE 4,5MM ACO INOX"
"6292","PLACA PARA USO EM CIRURGIA DE ORTESE E PROTESE PLACA DE RECONSTRUCAO RETA 3,5MM"
"6293",""
"6294","ACO INOX DE 4 A 12 FUROS."
"6295","PLACA PARA USO EM CIRURGIA DE ORTESE E PROTESE PLACA EM L DE 4,5MM ACO INOXIDAVEL"
"6296",""
"6297","DIR/ESQ DE 04 A 08 FUROS"
"6298","PLACA PARA USO EM CIRURGIA DE ORTESE E PROTESE PLACA EM T DE 4,5MM EM ACO"
"6299",""
"6300","INOXIDAVEL DE 04 A 12 FUROS"
"6301","PLACA PARA USO EM CIRURGIA DE ORTESE E PROTESE PLACA SEMITUBULAR, RETA  4,5MM ACO"
"6302",""
"6303","INOXIDAVEL 03 A 08 FUROS"
"6304","PLACA PARA USO EM CIRURGIA DE ORTESE E PROTESE PLACA TIPO T, DE 3,5MM EM ACO INOX"
"6305",""
"6306","3X3,4X4,5X3 E 6X4 FUROS"
"6307","PLACA PARA USO EM CIRURGIA DE ORTESE E PROTESE PLACA TUBO DESLIZANTE DE 135 A 150C"
"6308",""
"6309","GRAUS, EM ACO INOXIDAVEL"
"6310","PLACA PARA USO EM CIRURGIA DE ORTESE E PROTESE PLACA TUBO DESLIZANTE DE 95"
"6311",""
"6312","GRAUS,ACO INOX 06 A 22 FUROS"
"6313","PLACA PARA USO EM CIRURGIA DE ORTESE E PROTESE PLCA ANGULADA DE 130C DE GRANDES"
"6314",""
"6315","FRAGMENTOS DE 04 A 12 FUROS"
"6316","PONTEIRA PARA CIRURGICA ORTOPEDICA PONTEIRA DE ABLAÇÃO PARA VIDEOARTROSCOPIA"
"6317",""
"6318","DE OMBRO E JOELHO"
"6319","PRESERVATIVO EM LATEX PRESERVATIVO EM LATEX,NAO LUBRIFIC. P/USO HOSP.(DETALHADA)"
"6320","PRESERVATIVO EM LATEX PRESERVATIVO MASCULINO 52MM, LATEX, LUBTIFICADO,"
"6321",""
"6322","P/CAMPANHAS"
"6323","PROTESE BALAO COMPLACENTE PARA OCLUSAO TEMPORARIA (DETALHADA)"
"6324","PROTESE BALAO DE REMODELING CEREBRAL.SISTEMA DE CATETER BALAO (DET)"
"6325","PROTESE ENDOPROTESE AORTICA TUBULAR OU CONICA AUTO-EXPANSIVEL"
"6326","PROTESE ENDOPROTESE BALAO-EXPANSIVEL COMPOSTA DE STENT ÞNICO DE CROM"
"6327","PROTESE ENDOPROTESE BIFURCADA - COMP. DE 120 A 180MM 0702040282"
"6328","PROTESE ENDOPROTESE BIFURCADA - COMP. DE 140 A 170MM 0702040282"
"6329","PROTESE ENDOPROTESE BIFURCADA - COMP. DE 82 A 149MM 0702040282"
"6330","PROTESE ENDOPROTESE BIFURCADA AUTO-EXPANSIVEL P/AORTA ABDOM."
"6331","PROTESE ENDOPROTESE METALICA COM STENTS DE DESENHO EM ""Z"" 0702040282"
"6332","PROTESE ENDOPROTESE RETA P/TRATAMENTO DE ANEURISMA 0702040304"
"6333","PROTESE ENDOPROTESE TORÇCICA/ANEL DE STENTS PROXIMAIS RECOBERTOS"
"6334","PROTESE ENDOPROTESE TORÇCICA/COMPRIMENTO DE 150MM 0702040304"
"6335","PROTESE ENDOPROTESE TUB. OU CONICA/SUSTENTADO POR STENT DE NITINOL"
"6336","PROTESE ENDOPROTESE TUBULAR OU CONICA - COMP. DE 30 A 140MM"
"6337","PROTESE ENDOPROTESE TUBULAR OU CONICA/COMP. DE 37 A 122MM"
"6338","PROTESE ENDOPROTESE TUBULAR OU CONICA/COMP. DE 40 A 120CM"
"6339","PROTESE ENDOPROTESE TUBULAR OU CONICA/COMP. DE 80 A 120CM"
"6340","PROTESE ENDOPROTESE TUBULAT OU CONICA/DIÄMETRO DE 08 A 24MM"
"6341","PROTESE ENDOPROTESE AORTO MONOILIACA/COMP.DE 105 MM(0702040282)"
"6342","PROTESE ENDOPROTESE RETA - CATETER DE ENTREGA DE 16FR 0702040304"
"6343","PROTESE ENDOPROTESE TUB. OU CONICA/SISTEMA INTRODUTOR DE 14,16OU18F"
"6344","PROTESE IMPLANTAVEL PROTESE IMPL. INCONTINÕNCIA URINARIA FEM.  ACIMA 50 MICRONS"
"6345","PROTESE IMPLANTAVEL SISTEMA DE CORRECAO DE CISTOCELE E INC. URINARIA (DET)"
"6346","PROTESE PERCUTANEA DE ESTRUTURA METALICA 4 A 40MM DIAMETRO (DET)"
"6347","PROTESE PERCUTANEA EM ESTRUTURA METALICA DE NITINOL 6 A 40MM (DET)"
"6348","PROTESE PERCUTANEA P/ OCLUSAÏ DE CANAL ARTERIAL (DET)"
"6349","PROTESE PERCUTANEA P/OCLUSAO DE FORAME OVAL 16 A 35MM (DET)"
"6350","PROTESE PERCUTANEA TIPO STENT FORRADO (REVESTIDO) (DET)"
"6351","PROTESE PERCUTANEA VASCULAR PLUG 4 A 16MM (DET)"
"6352","PROTESE PROTESE TESTICULAR DE SILICONE GEL  5 CC, SEM FIXAÇÃO."
"6353","PROTESE PROTESE TESTICULAR DE SILICONE GEL 10 CC, SEM FIXAÇÃO"
"6354","PROTESE PROTESE TESTICULAR DE SILICONE GEL 20 CC, SEM FIXAÇÃO"
"6355","PROTESE PROTESE TESTICULAR DE SILICONE GEL 21 CC, SEM FIXAÇÃO"
"6356","PROTESE PROTESE TESTICULAR DE SILICONE GEL 27 CC, SEM FIXAÇÃO"
"6357","PROTESE PROTESE TOTAL DE ATM"
"6358","PROTESE PROTESE PARA FECHAMENTO DE SEPTO ATRIAL DE 4 A 40MM"
"6359","PROTESE PROTESE PERCUTANEA PARA OCLUSAO DE CANAL ARTERIAL PATENTE"
"6360","PROTESE PROTESE TOTAL, ATM, COMPONENTE CONDILAR, CONTRALATERAL"
"6361","PROTESE PROTESE TOTAL, ATM, COMPONENTE CONDILAR, IPSILATERAL"
"6362","PROTESE PROTESE TOTAL, ATM, COMPONENTE FOSSA"
"6363","PROTESE STENT CORONARIO FARMACOLOGICO COM INCLUINDO 8 MM"
"6364","PROTESE STENT CORONARIO FARMACOLOGICO COM INCLUINDO 9 MM"
"6365","PROTETOR CUTANEO CREME DE BARREIRA, HIDROFOBICO"
"6366","PROTETOR CUTANEO PROTETOR CUTÅNEO A BASE DE SOLUCAO POLIMÔRICA,S/ALCOOL,SPRAY"
"6367","REDE (MALHA) PARA USO EM CIRURGIA DE ORTESE E PROTESE MALHA FLEXIVEL EM TITÄNIO"
"6368",""
"6369","COM FUROS SISTEMA 1,5MM"
"6370","RESTRITOR PARA USO EM CIRURGIA DE ORTESE E PROTESE CIMENTO OSSEO ACR÷LICO DE"
"6371",""
"6372","POLIMETILMETACRILATO"
"6373","RESTRITOR PARA USO EM CIRURGIA DE ORTESE E PROTESE RESTRITOR DE CIMENTO OSSEO EM"
"6374",""
"6375","POLIETILENO"
"6376","ROLAMENTO PARA CADEIRA DE RODAS ROLAMENTO 6002 ZZ"
"6377","ROLAMENTO PARA CADEIRA DE RODAS ROLAMENTO 608 ZZ"
"6378","SACO DE POLIETILENO COR LARANJA, 100 LITROS"
"6379","SACO DE POLIETILENO COR LARANJA, 30 LITROS"
"6380","SACO DE POLIETILENO COR LARANJA, 50 LITROS"
"6381","SACO DE POLIETILENO COR VERMELHA, 30 LITROS"
"6382","SACO DE POLIETILENO COR VERMELHA, 50 LITROS"
"6383","SACO PARA LIXO HOSPITALAR 200L, EM POLIETILENO"
"6384","SACO PARA LIXO HOSPITALAR CAPACIDADE PARA 100 LITROS."
"6385","SACO PARA LIXO HOSPITALAR SACO DE LIXO PARA PECAS ANATOMICAS, COR VERMELHA 100L"
"6386","SACO PLASTICO PARA CADAVER COM FECHAMENTO EM ZIPER, TAMANHO GG"
"6387","SACO PLASTICO PARA CADAVER MEDINDO 210 CM X 70 CM"
"6388","SALTO ORTOPEDICO SALTO ORTOPEDICO TAMANHO GRANDE"
"6389","SALTO ORTOPEDICO SALTO ORTOPEDICO TAMANHO MEDIO"
"6390","SERINGAS DE VIDRO SERINGA DESCART.POLIPROP.DE PERDA RESIST.P/AGUL.94-100MM(D)"
"6391","SERINGAS DESCARTAVEIS 150ML,BOMBA INJETORA DE CONTRASTE,MALLINCKRODT,ANGIOMAT"
"6392","SERINGAS DESCARTAVEIS 150ML,BOMBA INJETORA DE CONTRASTE,MALLINCKRODT,ANGIOMAT6000"
"6393","SERINGAS DESCARTAVEIS MICROSSERINGA, CAPACIDADE 10UL"
"6394","SERINGAS DESCARTAVEIS MULTIPAK - COM CONECTOR EM Y DUPLA VALVULA."
"6395","SERINGAS DESCARTAVEIS SERINGA 200ML P/INJETORA DE CONTRASTE MED TRON ACCUTRONCT-D"
"6396","SERINGAS DESCARTAVEIS SERINGA DES.1CC COM AGULHA 13X3,8,SUBDIVIDIDA 0,01CC NUM.(D)"
"6397","SERINGAS DESCARTAVEIS SERINGA DESC.DE POLIPROPILENO, 5CC, ADPTACAOROSCA,S/AGULHA"
"6398","SERINGAS DESCARTAVEIS SERINGA DESCARTAVEL 60CC"
"6399","SERINGAS DESCARTAVEIS SERINGA DESCARTAVEL DE POLIPROPILENO 20CC(DET)"
"6400","SERINGAS DESCARTAVEIS SERINGA DESCARTAVEL DE POLIPROPILENO, CAPACIDADE 10CC,"
"6401","SERINGAS DESCARTAVEIS SERINGA DESCARTAVEL PARA USO EM INJETORA DE CONTRASTE(DET)"
"6402","SERINGAS DESCARTAVEIS SERINGA DESCARTAVEL, ADAPTACAO LUER LOCK CAP 60CC(DETALHADA"
"6403","SERINGAS DESCARTAVEIS SERINGA DESCARTAVEL, CAP 20CC, (DETALHADA)"
"6404","SERINGAS DESCARTAVEIS SERINGA DESCARTAVEL, CAP 3CC ( DETALHADA)"
"6405","SERINGAS DESCARTAVEIS SERINGA DESCARTAVEL, CAP 5CC (DETALHADA)"
"6406","SERINGAS DESCARTAVEIS SERINGA DESCARTAVEL, CAP T-100 INSULINA, COM AGULHA (DET.)"
"6407","SERINGAS DESCARTAVEIS SERINGA DESCARTAVEL, CAP T-100 INSULINA, SEM AGULHA (DET.)"
"6408","SERINGAS DESCARTAVEIS SERINGA DESCARTAVEL, CAP. 10 CC (DETALHADA)."
"6409","SERINGAS DESCARTAVEIS SERINGA DESCARTAVEL,CAP 50CC,P/CATETER (DETALHADA)."
"6410","SERINGAS DESCARTAVEIS SERINGA E CACHIMBO P/ENCHIMENTO P/INJETORA DE CONTRASTE(DET"
"6411","SOLUCOES PARA DESINFECCAO DE ARTIGOS HOSPITALARES DESINFETANTE A BASE DEHIPOCLORITO DE SODIO COM 1%"
"6412","SOLUCOES PARA DESINFECCAO DE ARTIGOS HOSPITALARES SOLUCAO DESINFETANTE A BASEDE ACIDO PERACETICO A 3,5% (DET)"
"6413","SOLUCOES PARA DESINFECCAO DE ARTIGOS HOSPITALARES SOLUCAO LUBRIFICANTE, NAOSILICONIZADA,QUE PROP.PELIC.PRO.(D"
"6414","SOLUCOES PARA DESINFECCAO DE ARTIGOS HOSPITALARES SOLUCAO REVITALIZADORA,ANTI-OXIDANTE P/REMOV.FERRUGENS (DET)"
"6415","SOLUCOES PARA ESTERILIZACAO DE ARTIGOS HOSPITALARES ACIDO PERACETICO 0,2%LIQUIDO"
"6416","SOLUCOES PARA ESTERILIZACAO DE ARTIGOS HOSPITALARES DESINFEPANTE QUIMICOHOSPITALAR,LIQ.PARA SUPERF÷CIES FIXAS"
"6417","SOLUCOES PARA LIMPEZA DE ARTIGOS HOSPITALARES DETERGENTE ENZIMATICOP/LIMP.ART.MED.HOSP.LIQUIDO(D)"
"6418","SOLUCOES PARA LIMPEZA DE ARTIGOS HOSPITALARES SOLUCAO PRÔ-LIMPEZA DEINSTRUMENTAL CIRÞRGICO E ENDOSCOPIOS"
"6419","SONDAS DESCARTAVEIS DIVERSAS BOTON GASTROSTOMIA PERCUTANEA ENDOSCOPICA,14FR,DIÅMETRO 1,2"
"6420","SONDAS DESCARTAVEIS DIVERSAS BOTON P/GASTROSTOMIA PERCUTANEA ENDOSC.FR 24 DM,2,3 A 2,5CM"
"6421","SONDAS DESCARTAVEIS DIVERSAS BOTON P/GASTROSTOMIA PERCUTANEA ENDOSC.FR 24DM,1.5 A 1.8CM"
"6422","SONDAS DESCARTAVEIS DIVERSAS BOTTON GASTROSTOMIA PERCUTANEA ENDOSC. 20 FR X 2,0A 2,5 CM"
"6423","SONDAS DESCARTAVEIS DIVERSAS BOTTON P/GASTROSTOMIA 20FR 2,3 CM"
"6424","SONDAS DESCARTAVEIS DIVERSAS BOTTON P/GASTROSTOMIA PERCUTANEA ENDOSCOPICA"
"6425",""
"6426","20FR X 1,5 CM"
"6427","SONDAS DESCARTAVEIS DIVERSAS BOTTON P/GASTROSTOMIA PERCUTANEA ENDOSCOPICA"
"6428",""
"6429","20FR X 1,7 CM"
"6430","SONDAS DESCARTAVEIS DIVERSAS BOTTON P/GASTROSTOMIA PERCUTANEA ENDOSCOPICA"
"6431",""
"6432","20FR X 2,5 CM"
"6433","SONDAS DESCARTAVEIS DIVERSAS DORMIA PARA RETIRADA DE CALCULO URETERAL 2,5 FR."
"6434","SONDAS DESCARTAVEIS DIVERSAS KIT P/GASTROSTOMIA PERCUTANEA TIPO ""PULL"" 20 FR"
"6435","SONDAS DESCARTAVEIS DIVERSAS KIT P/GASTROSTOMIA PERCUTANEA TIPO ""PULL"" 24 FR"
"6436","SONDAS DESCARTAVEIS DIVERSAS SONDA DE ASPIRACAO TRAQUEAL,EM PLASTICO,TAM. 12"
"6437",""
"6438","(DETALHADA)"
"6439","SONDAS DESCARTAVEIS DIVERSAS SONDA DE ASPIRACAO TRAQUEAL,EM PLASTICO,TAM.10"
"6440",""
"6441","(DETALHADA)"
"6442","SONDAS DESCARTAVEIS DIVERSAS SONDA DE ASPIRACAO TRAQUEAL,EM PLASTICO,TAM.14"
"6443",""
"6444","(DETALHADA)"
"6445","SONDAS DESCARTAVEIS DIVERSAS SONDA DE ASPIRACAO TRAQUEAL,EM PLASTICO,TAM.16"
"6446",""
"6447","(DETALHADA)"
"6448","SONDAS DESCARTAVEIS DIVERSAS SONDA DE ASPIRACAO TRAQUEAL,EM PLASTICO,TAM.18"
"6449",""
"6450","(DETALHADA)"
"6451","SONDAS DESCARTAVEIS DIVERSAS SONDA DE ASPIRACAO TRAQUEAL,EM PLASTICO,TAM.4"
"6452",""
"6453","(DETALHADA)"
"6454","SONDAS DESCARTAVEIS DIVERSAS SONDA DE ASPIRACAO TRAQUEAL,EM PLASTICO,TAM.6"
"6455",""
"6456","(DETALHADA)"
"6457","SONDAS DESCARTAVEIS DIVERSAS SONDA DE ASPIRACAO TRAQUEAL,EM PLASTICO,TAM.8"
"6458",""
"6459","(DETALHADA)"
"6460","SONDAS DESCARTAVEIS DIVERSAS SONDA FOLEY, 2 VIAS, 100% SILICONE TAM.10, C/BALAO"
"6461",""
"6462","VOL.03CC"
"6463","SONDAS DESCARTAVEIS DIVERSAS SONDA FOLEY, 2 VIAS, 100% SILICONE TAM.12, C/BALAO"
"6464",""
"6465","VOL.05CC"
"6466","SONDAS DESCARTAVEIS DIVERSAS SONDA FOLEY, 2 VIAS, 100% SILICONE TAM.8, C/BALAO"
"6467",""
"6468","VOL.03 CC"
"6469","SONDAS DESCARTAVEIS DIVERSAS SONDA FOLEY, 2 VIAS, LATEX TAM.12, C/BALAO VOL."
"6470",""
"6471","30CC(DET.)"
"6472","SONDAS DESCARTAVEIS DIVERSAS SONDA FOLEY, 2 VIAS, LATEX TAM.20, C/BALAO VOL. 30CC"
"6473",""
"6474","(DET.)"
"6475","SONDAS DESCARTAVEIS DIVERSAS SONDA FOLEY, 2 VIAS, LATEX TAM.22, C/BALAO VOL. 30CC"
"6476",""
"6477","(DET.)"
"6478","SONDAS DESCARTAVEIS DIVERSAS SONDA FOLEY, 3 VIAS, EM LATEX TAM.24, C/BALAO"
"6479",""
"6480","VOL.30CC(DET)"
"6481","SONDAS DESCARTAVEIS DIVERSAS SONDA FOLEY, 3 VIAS, TAM.18, LATEX, C/BALAO VOL.30CC"
"6482",""
"6483","(DET)"
"6484","SONDAS DESCARTAVEIS DIVERSAS SONDA FOLEY,2 VIAS, LATEX TAM.26,C/BALAO SIMET."
"6485",""
"6486","30CC(DET.)"
"6487","SONDAS DESCARTAVEIS DIVERSAS SONDA FOLEY,2 VIAS,LATEX. TAM.24, C/BALAO"
"6488",""
"6489","VOL.30CC.SUP.SILIC"
"6490","SONDAS DESCARTAVEIS DIVERSAS SONDA FOLEY,2 VIAS,TAM.12,EM LATEX C/BALAO VOL."
"6491",""
"6492","5CC(DET)"
"6493","SONDAS DESCARTAVEIS DIVERSAS SONDA FOLEY,2 VIAS,TAM.14, LATEX C/BALAO SIMET. 30CC"
"6494","SONDAS DESCARTAVEIS DIVERSAS SONDA FOLEY,2 VIAS,TAM.16, LATEX C/BALAO VOL."
"6495",""
"6496","30CC(DET.)"
"6497","SONDAS DESCARTAVEIS DIVERSAS SONDA FOLEY,2 VIAS,TAM.18, LATEX C/BALAO VOL."
"6498",""
"6499","30CC(DET.)"
"6500","SONDAS DESCARTAVEIS DIVERSAS SONDA FOLEY,3 V.,LATEX .TAM.20,C/BALAO"
"6501",""
"6502","SIMET.CAPAC.30CC(DET)"
"6503","SONDAS DESCARTAVEIS DIVERSAS SONDA FOLEY,3VIAS, LATEX TAM.22,C/BALAO"
"6504",""
"6505","VOL.CAPAC.30CC(DET)"
"6506","SONDAS DESCARTAVEIS DIVERSAS SONDA FOLEY,C/ 2 VIAS,100% SILICONE TAM.6,C/BALAO"
"6507",""
"6508","VOL.1,5CC"
"6509","SONDAS DESCARTAVEIS DIVERSAS SONDA FOLEY,C/ 2 VIAS,EM LATEX TAM.10,C/BALAO VOL."
"6510",""
"6511","5CC(D.)"
"6512","SONDAS DESCARTAVEIS DIVERSAS SONDA FOLEY,C/ 2 VIAS,EM LATEX TAM.8,C/BALAO VOL."
"6513",""
"6514","5CC(D.)"
"6515","SONDAS DESCARTAVEIS DIVERSAS SONDA FOLEY,C/DUAS VIAS,100% SILICONE"
"6516",""
"6517","TAM.14,C/BALAO VOL.5CC"
"6518","SONDAS DESCARTAVEIS DIVERSAS SONDA FOLEY,C/DUAS VIAS,100%SILICONE TAM.16,C/BALAO"
"6519",""
"6520","VOL.30CC"
"6521","SONDAS DESCARTAVEIS DIVERSAS SONDA FOLEY,C/DUAS VIAS,100%SILICONE TAM.18,C/BALAO"
"6522",""
"6523","VOL.30CC"
"6524","SONDAS DESCARTAVEIS DIVERSAS SONDA FOLEY,TRES VIAS,100%SILICONE TAM.22,C/BALAO"
"6525",""
"6526","VOL.30CC"
"6527","SONDAS DESCARTAVEIS DIVERSAS SONDA GASTRICA,FOUCHET 12,FLEX.P/CIRURGIA"
"6528",""
"6529","BARIATRICA(DET)"
"6530","SONDAS DESCARTAVEIS DIVERSAS SONDA NASO-ENTERAL ELAST.DE POLIURETANO,TAM.10,"
"6531",""
"6532","C/120CM(DET)"
"6533","SONDAS DESCARTAVEIS DIVERSAS SONDA NASO-ENTERAL ELAST.DE POLIURETANO,TAM.12,"
"6534",""
"6535","109 A 120CM"
"6536","SONDAS DESCARTAVEIS DIVERSAS SONDA NASO-ENTERAL ELAST.DE POLIURETANO,TAM.6,"
"6537",""
"6538","C/60CM(DET)"
"6539","SONDAS DESCARTAVEIS DIVERSAS SONDA NASO-ENTERAL NC 8, COM 100 A 120 CM"
"6540","SONDAS DESCARTAVEIS DIVERSAS SONDA NASO-GASTRICA CURTA, TAMANHO 12 (DETALHADA)"
"6541","SONDAS DESCARTAVEIS DIVERSAS SONDA NASO-GASTRICA CURTA, TAMANHO 6 (DETALHADA)"
"6542","SONDAS DESCARTAVEIS DIVERSAS SONDA NASO-GASTRICA CURTA,TAMANHO 10 (DETALHADA)"
"6543","SONDAS DESCARTAVEIS DIVERSAS SONDA NASO-GASTRICA CURTA,TAMANHO 14 (DETALHADA)"
"6544","SONDAS DESCARTAVEIS DIVERSAS SONDA NASO-GASTRICA CURTA,TAMANHO 4 (DETALHADA)"
"6545","SONDAS DESCARTAVEIS DIVERSAS SONDA NASO-GASTRICA CURTA,TAMANHO 8 (DETALHADA)"
"6546","SONDAS DESCARTAVEIS DIVERSAS SONDA NASO-GASTRICA LONGA, PLASTICO TRANSP. ATOXICO,"
"6547",""
"6548","TAM.12."
"6549","SONDAS DESCARTAVEIS DIVERSAS SONDA NASO-GASTRICA LONGA, TAMANHO 10 (DETALHADA)"
"6550","SONDAS DESCARTAVEIS DIVERSAS SONDA NASO-GASTRICA LONGA, TAMANHO 14 (DETALHADA)"
"6551","SONDAS DESCARTAVEIS DIVERSAS SONDA NASO-GASTRICA LONGA, TAMANHO 16 (DETALHADA)"
"6552","SONDAS DESCARTAVEIS DIVERSAS SONDA NASO-GASTRICA LONGA, TAMANHO 18 (DETALHADA)"
"6553","SONDAS DESCARTAVEIS DIVERSAS SONDA NASO-GASTRICA LONGA, TAMANHO 20 (DETALHADA)"
"6554","SONDAS DESCARTAVEIS DIVERSAS SONDA NASO-GASTRICA LONGA, TAMANHO 22 (DETALHADA)"
"6555","SONDAS DESCARTAVEIS DIVERSAS SONDA NASO-GASTRICA LONGA, TAMANHO 6 (DETALHADA)"
"6556","SONDAS DESCARTAVEIS DIVERSAS SONDA NASO-GASTRICA LONGA, TAMANHO 8 (DETALHADA)"
"6557","SONDAS DESCARTAVEIS DIVERSAS SONDA RETAL, PLASTICA, LISA, MALEAVEL, TAMANHO 10,"
"6558",""
"6559","ESTÔRIL"
"6560","SONDAS DESCARTAVEIS DIVERSAS SONDA RETAL, PLASTICA, LISA, MALEAVEL, TAMANHO 12,"
"6561",""
"6562","ESTÔRIL"
"6563","SONDAS DESCARTAVEIS DIVERSAS SONDA RETAL,PLASTICA,TAMANHO 14,ESTERIL"
"6564",""
"6565","(DETALHADA)"
"6566","SONDAS DESCARTAVEIS DIVERSAS SONDA RETAL,PLASTICA,TAMANHO 16,ESTERIL"
"6567",""
"6568","(DETALHADA)"
"6569","SONDAS DESCARTAVEIS DIVERSAS SONDA RETAL,PLASTICA,TAMANHO 18,ESTERIL"
"6570",""
"6571","(DETALHADA)"
"6572","SONDAS DESCARTAVEIS DIVERSAS SONDA RETAL,PLASTICA,TAMANHO 20,ESTERIL"
"6573",""
"6574","(DETALHADA)"
"6575","SONDAS DESCARTAVEIS DIVERSAS SONDA RETAL,PLASTICA,TAMANHO 8,ESTERIL (DETALHADA)"
"6576","SONDAS DESCARTAVEIS DIVERSAS SONDA SISTEMA FECHADO P/ ASPIRACAO TRAQUEAL N. 5 FR,"
"6577",""
"6578","NEO."
"6579","SONDAS DESCARTAVEIS DIVERSAS SONDA SISTEMA FECHADO P/ ASPIRACAO TRAQUEAL N. 6 FR,"
"6580",""
"6581","NEO."
"6582","SONDAS DESCARTAVEIS DIVERSAS SONDA SISTEMA FECHADO P/ ASPIRACAO TRAQUEAL N.10"
"6583",""
"6584","FR, PED."
"6585","SONDAS DESCARTAVEIS DIVERSAS SONDA SISTEMA FECHADO P/ ASPIRACAO TRAQUEAL N.14"
"6586",""
"6587","FR, ADULTO"
"6588","SONDAS DESCARTAVEIS DIVERSAS SONDA SISTEMA FECHADO P/ ASPIRACAO TRAQUEAL N.16"
"6589",""
"6590","FR, ADULTO"
"6591","SONDAS DESCARTAVEIS DIVERSAS SONDA SISTEMA FECHADO P/ASPIRACAO TRAQUEAL N.12 FR,"
"6592",""
"6593","ADULTO."
"6594","SONDAS DESCARTAVEIS DIVERSAS SONDA SISTEMA FECHADO P/ASPIRACAO TRAQUEAL N.8 FR,"
"6595",""
"6596","PED."
"6597","SONDAS DESCARTAVEIS DIVERSAS SONDA URETRAL,PLASTICA,TAMANHO 10,ESTERIL"
"6598",""
"6599","(DETALHADA)"
"6600","SONDAS DESCARTAVEIS DIVERSAS SONDA URETRAL,PLASTICA,TAMANHO 12,ESTERIL"
"6601",""
"6602","(DETALHADA)"
"6603","SONDAS DESCARTAVEIS DIVERSAS SONDA URETRAL,PLASTICA,TAMANHO 14,ESTERIL"
"6604",""
"6605","(DETALHADA)"
"6606","SONDAS DESCARTAVEIS DIVERSAS SONDA URETRAL,PLASTICA,TAMANHO 16,ESTERIL"
"6607",""
"6608","(DETALHADA)"
"6609","SONDAS DESCARTAVEIS DIVERSAS SONDA URETRAL,PLASTICA,TAMANHO 18,ESTERIL"
"6610",""
"6611","(DETALHADA)"
"6612","SONDAS DESCARTAVEIS DIVERSAS SONDA URETRAL,PLASTICA,TAMANHO 4,ESTERIL"
"6613",""
"6614","(DETALHADA)"
"6615","SONDAS DESCARTAVEIS DIVERSAS SONDA URETRAL,PLASTICA,TAMANHO 6,ESTERIL"
"6616",""
"6617","(DETALHADA)"
"6618","SONDAS DESCARTAVEIS DIVERSAS SONDA URETRAL,PLASTICA,TAMANHO 8,ESTERIL"
"6619",""
"6620","(DETALHADA)"
"6621","SONDAS DESCARTAVEIS DIVERSAS SONDAS ENGSTAKEN-BLAKEMORE,3VIAS,C/1 BALAO ESOF.E"
"6622",""
"6623","1 GASTRICO"
"6624","TOUCA DESCARTAVEL"
"6625","TUBOS EM MAT. DE BORRACHA,LATEX,SILICONE DE USO EM ENF.\CIR.  TUBO CIRURGICO DE"
"6626",""
"6627","PURO LATEX, NR, 204 (DETALHADA)"
"6628","TUBOS EM MAT. DE BORRACHA,LATEX,SILICONE DE USO EM ENF.\CIR. EXTENSOR VALVULADO"
"6629",""
"6630","12FR X 1 VIA,UMA EXTREMIDADE C/LUER-LOCK"
"6631","TUBOS EM MAT. DE BORRACHA,LATEX,SILICONE DE USO EM ENF.\CIR. TUBO CIRURGICO DE"
"6632",""
"6633","PURO LATEX, NR, 200 (DETALHADA)"
"6634","TUBOS EM MAT. DE BORRACHA,LATEX,SILICONE DE USO EM ENF.\CIR. TUBO CIRÞRGICO"
"6635",""
"6636","SILICONE, FLEXIVEL, SEMI-TRANSPARENTE,N.203"
"6637","TUBOS EM MAT. DE BORRACHA,LATEX,SILICONE DE USO EM ENF.\CIR. TUBO DE VENTILACAO"
"6638",""
"6639","TEFLON OU SILICONE,METRAGENS 2,5X2,4X1,1M"
"6640","TUBOS EM MAT. DE BORRACHA,LATEX,SILICONE DE USO EM ENF.\CIR. TUBO DE VENTILAÇÃO,"
"6641",""
"6642","DRENO DE OUVIDO, EM SILICONE, FLEXIVEL"
"6643","TUBOS EM MAT. DE BORRACHA,LATEX,SILICONE DE USO EM ENF.\CIR. TUBO EXTENSOR DE ALTA"
"6644",""
"6645","PRESSAO P/BOMBA INJETORA, 74 A 76CM"
"6646","TUBOS EM MAT. DE BORRACHA,LATEX,SILICONE DE USO EM ENF.\CIR. TUBO EXTENSOR DE ALTA"
"6647",""
"6648","PRESSAO P/BOMBA INJETORA,120 A 122CM"
"6649","TUBOS EM MAT. DE BORRACHA,LATEX,SILICONE DE USO EM ENF.\CIR. TUBO PARA"
"6650",""
"6651","GASTROSTOMIA EM SILICONE, 20FR (DET)"
"6652","TUBOS EM MAT. DE BORRACHA,LATEX,SILICONE DE USO EM ENF.\CIR. TUBO PARA"
"6653",""
"6654","GASTROSTOMIA EM SILICONE, 24FR (DET)"
"6655","MATERIAIS PARA CONSTRUCAO CIVIL"
"6656","AREIA GROSSA"
"6657","AREIA MEDIA"
"6658","ARGAMASSA 20 KG"
"6659","ARGAMASSA MEDIA FINA"
"6660","AZULEJO CERAMICO,MED.28X41CM,1A LINHA,CLASSE A,REF.ESSENCIAL BIAN"
"6661","BRITA NUMERO 01 EM METRO CUBICO"
"6662","CADEADO METALICO 50MM HASTE NORMAL - CHAVE TETRA"
"6663","CADEADO METALICO DE LATAO MACICO 30MM"
"6664","CADEADO METALICO DE LATAO, 20MM"
"6665","CADEADO METALICO DE LATAO, 25 MM"
"6666","CADEADO METALICO DE LATAO, 45 MM"
"6667","CADEADO METALICO EM ACO INOX, COM ASTE NORMAL, 40 MM"
"6668","CADEADO METALICO EM ACO INOX, COM HASTE NORMAL, 20MM"
"6669","CIMENTO BLOCO ESTRUTURAL"
"6670","CIMENTO COLA"
"6671","CIMENTO COLA SACO COM 20KG"
"6672","CIMENTO SACO COM 50 KG"
"6673","COMPENSADO MDF, DUAS FACES, 1,83 X 2,75 - 6MM, COR BRANCA"
"6674","COMPENSADO TIPO MDF,DUAS FACES,MED.1,83CMX2,75CM,COM 15MM EPESSURA"
"6675","CUMEEIRA PARA TELHA DE FIBROCIMENTO"
"6676","DIVISORIAS EM METRO QUADRADO"
"6677","DOBRADICA METALICA (FERRO) MEDINDO 3 1/2"
"6678","DOBRADICA METALICA DE CANECO, 35MM COM PARAFUSO"
"6679","DOBRADICA METALICA DE MOLA"
"6680","DOBRADICA METALICA DOBRADICA CANECO EM ACO ZINCADO MEDINDO 27MM"
"6681","DOBRADICA METALICA DOBRADICA CANECO EM ACO ZINCADO MEDINDO 35MM"
"6682","DOBRADICA METALICA EM INOX,MEDINDO 03 POLEGADAS"
"6683","DOBRADICA METALICA GALVANIZADA 3.1/2 C/PARAFUSOS"
"6684","DOBRADICA METALICA TAMANHO 75MM"
"6685","FECHADURA EXTERNA"
"6686","FECHADURA INTERNA"
"6687","FECHADURA METALICA COM CHAVE,PARA ARMARIO"
"6688","FECHADURA METALICA EM ACO INOXIDAVEL P/EXTERIOR"
"6689","FECHADURA METALICA EM ACO INOXIDAVEL, PARA INTERIOR"
"6690","FECHADURA METALICA PARA DIVISORIAS,TUBULAR COR CINZA"
"6691","FECHADURA METALICA PARA GAVETA"
"6692","FECHADURA METALICA PARA GAVETA DE CANO CURTO CROMADA 22MM"
"6693","FECHADURA METALICA PARA GAVETA DE CANO LONGO CROMADA 31MM"
"6694","FECHADURA METALICA PARA PORTA DE BANHEIRO"
"6695","FECHADURA METALICA PARA PORTA EXTERNA COMPLETA"
"6696","FECHADURA METALICA TUBULAR CROMADA"
"6697","FECHADURA PARA PORTA TIPO DIVISORIA"
"6698","FECHO TRICAPE TRAVA DE PORTA"
"6699","FORRA DE MADEIRA ANGELIN PEDRA,C/16,5CM LARG.,2 PARTES 220CMX100CM"
"6700","FORRO EM PVC"
"6701","MATERIAIS DE CONSTRUCAO CIVIL BLOCO CERAMICO"
"6702","MATERIAIS DE CONSTRUCAO CIVIL COLA"
"6703","MATERIAIS DE CONSTRUCAO CIVIL FITA ANTIDERRAPANTE"
"6704","MATERIAIS DE CONSTRUCAO CIVIL KIT REPARO PARA VALVULA"
"6705","MATERIAIS DE CONSTRUCAO CIVIL MASSA PARA MADEIRA 3.6L COR BRANCA"
"6706","MATERIAIS DE CONSTRUCAO CIVIL RODEL PARA RISCADEIRA"
"6707","MATERIAIS DE CONSTRUCAO CIVIL RODIZIO GEL COM FREIO"
"6708","MATERIAIS DE CONSTRUCAO CIVIL RODIZIO GEL SEM FREIO"
"6709","MATERIAIS DE CONSTRUCAO CIVIL SILICONE ACETICO"
"6710","MATERIAIS DE CONSTRUCAO CIVIL TAPA FURO AUTO ADESIVO EM PVC"
"6711","MATERIAIS DE ORIGEM MINERAL SEIXO EM SACO"
"6712","PALETT/(ESTRADO) PALLETS PLASTICOS VAZADOS, CONFECCIONADOS 100% EM PEAD"
"6713","PEDRA BRITADA PO DE BRITA"
"6714","PISO CERAMICO  45X45 CM."
"6715","PORTA CADEADO METALICO ZINCADO"
"6716","PORTA DE MADEIRA ANGELIN, INTERNA MED. 0.60CM X 2.10CM"
"6717","PORTA DE MADEIRA ANGELIN, INTERNA MED. 80CM X 210CM"
"6718","PORTA DE MADEIRA CORPO SINCRONIZADOR 3Š OE / 4Š OE"
"6719","PORTA DE MADEIRA EIXO ACIONAMENTO"
"6720","PORTA DE MADEIRA EIXO DA MARCHA-RE"
"6721","PORTA DE MADEIRA EXTERNA COM ALMOFADAS"
"6722","PORTA DIVISORIA EM EUCATEX"
"6723","PORTA INTERNA OCA/LISA 800X210MM"
"6724","REJUNTE 5KG"
"6725","REJUNTE BRANCO, 1 KG"
"6726","REJUNTE CINZA"
"6727","TABUA DE MADEIRA ANGELIM"
"6728","TABUA DE MADEIRA TIPO PINUS"
"6729","TELHA DE CIMENTO AMIANTRO,BRASILIT,MED.2,13 X 1,10M X 60 MM"
"6730","TELHA EM CHAPA"
"6731","TELHA EM CHAPA ONDULADA DE FIBRA, MEDINDO 1.83X1.10X6MM"
"6732","TELHA EM CHAPA ONDULADA DE FIBRO CIMENTO MED 1.53X1.10X6MM"
"6733","TELHA EM CHAPA ONDULADA DE FIBRO CIMENTO MED 1.83X1.10X6MM"
"6734","TERRA E CORRELATOS P/ORNAMENTACAO DE JARDINS PARA REPOSICAO E MANUTENCAO"
"6735",""
"6736","(APLICACAO DIRETA)"
"6737","TERRA E CORRELATOS P/ORNAMENTACAO DE JARDINS TIPO TERRA PRETA"
"6738","TIJOLO 8 FUROS"
"6739","TRINCO FECHO TIPO TARGETA METALICA"
"6740","VIDRO TRANSPARENTE INCOLOR 4MM"
"6741","VISTA DE MADEIRA FINA"
"6742","MATERIAL DE PINTURA E PRESERVACAO"
"6743","BROCHA PARA PINTURA EM NYLON"
"6744","BROCHA PARA PINTURA NUMERO 3"
"6745","COMPOSTO PREVENTIVO CONTRA INSETOS TIPO JIMO CUPIM, INCOLOR, EMBALAGEM COM 18"
"6746",""
"6747","LITROS"
"6748","CORANTE LIQUIDO, 50ML."
"6749","GARFO ROLO 23 CM"
"6750","MASSA CORRIDA ACRILICA"
"6751","MASSA CORRIDA ACRILICA EXTERIOR,GALAO C/3,6 LITROS"
"6752","PINCEL PARA PINTURA CHATO"
"6753","PINCEL PARA PINTURA DE 1/2"" (POLEGADA)"
"6754","PINCEL PARA PINTURA DE 2 1/2"" (POLEGADAS)"
"6755","PINCEL PARA PINTURA DE 2"" (POLEGADAS)"
"6756","PINCEL PARA PINTURA DE 3"" (POLEGADAS)"
"6757","PINCEL PARA PINTURA DE 3/4 DE POLEGADAS"
"6758","PINCEL PARA PINTURA DE 4"" (POLEGADAS)"
"6759","PINCEL PARA PINTURA PINCEL MEDIO"
"6760","ROLO DE ESPONJA PARA PINTURA MED.15CM C/CABO"
"6761","ROLO DE LA PARA PINTURA LA DE CARNEIRO EXTRA 23CM"
"6762","ROLO DE LA PARA PINTURA MED. 23CM"
"6763","ROLO DE LA PARA PINTURA MEDINDO 15CM"
"6764","ROLO DE LA PARA PINTURA MEDINDO 30 CM"
"6765","ROLO DE LA PARA PINTURA MEDINDO 9 CM"
"6766","ROLO DE LA PARA PINTURA PARA MASSA CORRIDA"
"6767","ROLO DE LA PARA PINTURA POLIESTER 9CM"
"6768","ROLO DE LA PARA PINTURA"
"6769","SELANTES SELADOR EM ACRILICO,GALAO C/ 18 LITROS"
"6770","SOLVENTE PARA TINTA, EMBALAGEM COM 5 LITROS (P/DILUICAO DE TINTA)"
"6771","SOLVENTE PARA TINTA, LATA COM 900 ML"
"6772","THINNER FRASCO COM 900ML"
"6773","TINTA ACRILICA ACR S/B TINTA BRANCA 18 LITROS"
"6774","TINTA ACRILICA COR BRANCA-GELO, LATA 18 LITROS"
"6775","TINTA ACRILICA FOSCO GALAO C/ 18 LITROS"
"6776","TINTA ACRILICA NA COR PALHA FOSCO, GALAO COM 18 LITROS"
"6777","TINTA ACRILICA SEMI-BRILHO,COR BRANCA 18 LITROS"
"6778","TINTA DE FUNDO PREPARADOR DE PAREDES."
"6779","TINTA DE FUNDO ZARCAO, GALAO DE 3,6 LITROS"
"6780","TINTA EPOXI NA COR BRANCA, GALAO COM 3.6 LITROS"
"6781","TINTA ESMALTE ALTO-BRILHO,COR BRANCO 001-CORALIT(P/PORTAS),LATA 3,6 LITROS"
"6782","TINTA ESMALTE COR BRANCA, GALAO COM 3,6 LITROS"
"6783","TINTA ESMALTE COR MARROM, GALAO COM 3,6 LITROS"
"6784","TINTA ESMALTE SINTETICO DE 3.6L NA COR AMARELO OURO"
"6785","TINTA ESMALTE SINTETICO DE 3.6L NA COR COLORADO"
"6786","TINTA ESMALTE SINTETICO FOSCA NA COR PRETA GALAO DE 3,6 LITROS"
"6787","TINTA ESMALTE SINTETICO FOSCO BRANCO (LATA COM 3,6 LITROS)"
"6788","TINTA ESMALTE SINTETICO NA COR VERMELHO, GALAO COM 3,6 LITROS"
"6789","TINTA PARA PISO E CIMENTADOS LATA DE 18 LITROS DE TINTA PARA PISO COR AMARELA"
"6790","TINTA PARA PISO E CIMENTADOS LATA DE 18 LITROS DE TINTA PARA PISO COR BRANCA"
"6791","TINTA PARA PISO E CIMENTADOS LATA DE 18 LITROS DE TINTA PARA PISO COR CINZA GRAFITE"
"6792","TINTA PARA PISO E CIMENTADOS LATA DE 18 LITROS DE TINTA PARA PISO COR VERDE"
"6793","TINTA PARA PISO E CIMENTADOS LATA DE 18 LITROS DE TINTA PARA PISO COR VERMELHA"
"6794","TINTA SPRAY EMBALAGEM COM 360ML, COR PRETO"
"6795","TRINCHA PARA PINTURA 1/2 POLEGADAS"
"6796","TRINCHA PARA PINTURA 572 X 2 POLEGADAS"
"6797","TRINCHA PARA PINTURA TAMANHOS DIVERSOS"
"6798","VERNIZ PARA MADEIRA"
"6799","MATERIAIS METALICOS PARA TRANSFORMACAO"
"6800","BARRA DE FERRO CHATO"
"6801","BARRA DE FERRO EM PECA"
"6802","CANTONEIRA CROMADA"
"6803","MATERIAIS NÃO-METALICOS PARA TRANSFORMACAO"
"6804","CHAPA DE ACRILICO CRISTAL MED. 2X1"
"6805","FITA BORDA 22MM, EM PVC, PARA ACABAMENTO DE MOVEIS"
"6806","FITA BORDA PARA ACABAMENTO, MED. 2,2CM, COR MARFIM"
"6807","FITA BORDA PARA ACABAMENTO, MED.3,5CM, COR MARFIM"
"6808","FITA BORDA FITA DE BORDA PVC, COR BRANCA, 22MM ROLO 50M"
"6809","FITA BORDA FITA DE BORDA COR BRANCA, 35MM"
"6810","FITA BORDA EM ROLO"
"6811","PAPEL FILTRO PARA XAROPE MEDINDO 50CM X 50CM"
"6812","PELICULA DE POLIETILENO ADESIVO PARA VIDROS PARA CONTROLE SOLAR - CORES DIVERSAS"
"6813","MATERIAIS E COMPONENTES ELETRICOS E ELETRONICOS"
"6814","ALICATE UNIVERSAL MATERIAL ELETRICO"
"6815","BOCAL PARA LAMPADA INCADESCENTE EM PORCELANA, BASE E-27"
"6816","CAMPAINHA ELETRICA"
"6817","CAPACITOR 05 MF PARA VENTILADOR"
"6818","CHUVEIRO ELETRICO - RESTRITO COM 6500 WATTS"
"6819","CHUVEIRO ELETRICO"
"6820","CHUVEIRO ELETRICO TIPO DUCHA"
"6821","CONECTOR CONECTOR RJ45"
"6822","CONECTOR PARA TELEFONE MULTIPLICADOR DE RJ11 4 SAIDA"
"6823","CONECTOR PARA TUBO LED"
"6824","CONECTOR RJ 45"
"6825","CONECTOR RJ-045 FEMEA"
"6826","CONECTOR RJ-45 MACHO"
"6827","FILTRO DE LINHA FILTRO DE LINHA"
"6828","FITA ISOLANTE 19MMX20M COR PRETA"
"6829","FITA ISOLANTE COM COLA, MEDINDO 19MM X 20M"
"6830","FITA ISOLANTE DE AUTO FUSAO"
"6831","FITA ISOLANTE ROLO COM 20 METROS"
"6832","FITA ISOLANTE USO GERAL"
"6833","INTERRUPTOR 2 SECCAO, SIMPLES C/ TOMADA 2P UNIVERSAL"
"6834","INTERRUPTOR COM 1 SECCAO, DE EMBUTIR"
"6835","INTERRUPTOR COM 2 SECCOES, DE EMBUTIR"
"6836","INTERRUPTOR COM 3 SECCOES DE EMBUTIR"
"6837","INTERRUPTOR COM 3 TECLAS SIMPLES"
"6838","INTERRUPTOR DE EMBUTIR, 1 SECAO COM TOMADA"
"6839","INTERRUPTOR DUPLO COMPLETO"
"6840","INTERRUPTOR PARALELO COM TOMADA 2P + T"
"6841","INTERRUPTOR SIMPLES"
"6842","INTERRUPTOR SIMPLES COMPLETO"
"6843","MANOPLA DE ACIONAMENTO FEMEA"
"6844","MANOPLA DE ACIONAMENTO MACHO"
"6845","MANOPLA DE ACIONAMENTO MANIPULO PARA MAQUINA MACHO 5/16 X 45MM"
"6846","MATERIAIS E COMPONENTES ELETRICOS E ELETRONICOS PINO ADAPTADOR"
"6847","NO BREAK BATERIAS"
"6848","PLACA (ESPELHO) CEGA 2X4"
"6849","PLUGUE"
"6850","PLUGUE 2 P 3 SAIDAS"
"6851","PLUGUE 2P + T , 20A/ 250V (NOVO PADRÃO)"
"6852","PLUGUE COM ROSCA 1/2"
"6853","PLUGUE ELETRICO TIPO ""T"""
"6854","PLUGUE FEMEA"
"6855","PLUGUE MACHO"
"6856","RECEPTACULO DE PORCELANA SIMPLES PARA LAMPADA INCANDECENTE"
"6857","RELE FOTOELETRICO POTENCIA 1000 WATTS, 220 VOLTS"
"6858","RESISTENCIA ELETRICA PARA DUCHA SIMPLES"
"6859","SOQUETE PARA LAMPADA FLUORESCENTE ANTI VIBRATORIO,START."
"6860","SOQUETE PLAFON DE TETO"
"6861","SOQUETE PORCELANA E27"
"6862","SOQUETE SOQUETE LINHA DE TRANSMISSAO, COMPATIVEL COM CROMATOGRAFO"
"6863","TEE ELETRICO COMUM"
"6864","TOMADA ELETRICA"
"6865","TOMADA ELETRICA 2 P, UNIVERSAL + TERM. 20 A 250 VOLTS"
"6866","TOMADA ELETRICA 2P + T - UNIVERSAL"
"6867","TOMADA ELETRICA 2P + T, 10A, PADRAO BRASIL"
"6868","TOMADA ELETRICA 3P 20A 125/250 VOLTS, 64355"
"6869","TOMADA ELETRICA DE EMBUTIR"
"6870","TOMADA ELETRICA DE EMBUTIR 2P+T 20A"
"6871","TOMADA ELETRICA DE EMBUTIR,2P + T"
"6872","TOMADA ELETRICA DE SOBREPOR 2 P+T 20A"
"6873","TOMADA ELETRICA EMBUTIR DUPLA"
"6874","TOMADA ELETRICA MODULO 20A"
"6875","TOMADA ELETRICA MODULO P/1 CONECTOR RJ-45 FEMEA"
"6876","TOMADA ELETRICA SISTEMA X 10A"
"6877","TOMADA ELETRICA SOBREPOR 2P+T 20A, 250V, SISTEMA X, BRANCA, C/CAIXA DE SOBR."
"6878","TOMADA ELETRICA TOMADA 2 P + T, SISTEMA X"
"6879","TOMADA ELETRICA TOMADA 2P+T"
"6880","TOMADA ELETRICA TOMADA PARA SISTEMA X - COMPLETA"
"6881","TOMADA ELETRICA UNIVERSAL DE EMBUTIR"
"6882","TOMADA TELEFONICA 4.P PADRAO TELEBRAS"
"6883",""
"6884","CALCULADORA (EM MATERIAL NÃO RESISTENTE) DE MESA"
"6885","CALCULADORA ELETRONICA 14 DIGITOS COM VISOR DE CRISTAL"
"6886","CALCULADORA DE MESA,SOLAR,12 DIGITOS"
"6887","MATERIAIS E COMPONENTES PARA IMPRESSORA AEROSOL FRASCO COM 300ML"
"6888","MATERIAIS E COMPONENTES PARA IMPRESSORA FLUIDO COM 300 ML"
"6889",""
"6890","ACAO JUDICIAL (EXCLUSIVO ALMOX. 450 E 495) ACEBROFILINA 50 MG/5 ML, 120 ML"
"6891","ACAO JUDICIAL (EXCLUSIVO ALMOX. 450 E 495) ACECLOFENACO 100MG"
"6892","ACAO JUDICIAL (EXCLUSIVO ALMOX. 450 E 495) ACICLOVIR 400 MG"
"6893","ACAO JUDICIAL (EXCLUSIVO ALMOX. 450 E 495) ACIDO ACETIL SALICILICO MICROENCAPSULADO300 MG"
"6894","ACAO JUDICIAL (EXCLUSIVO ALMOX. 450 E 495) ACIDOACETILSALIC.100MG,C.GASTRORRESISTENTE-ASPIRINA PREVENT"
"6895","ACAO JUDICIAL (EXCLUSIVO ALMOX. 450 E 495) ACIDO ACETILSALICILICO 81MG TAMPONADO"
"6896","ACAO JUDICIAL (EXCLUSIVO ALMOX. 450 E 495) ACIDO ACETILSALICILICO TAMPONADO 100MG"
"6897",""
"6898","CARDIO"
"6899","ACAO JUDICIAL (EXCLUSIVO ALMOX. 450 E 495) ACIDO ACETILSALICILICO TAMPONADO 325MG +"
"6900",""
"6901","MAGNESIO + ALUMINIO"
"6902","ACAO JUDICIAL (EXCLUSIVO ALMOX. 450 E 495) ACIDO ZOLEDRONICO 0,05 MG/ML, SOLUCAO"
"6903",""
"6904","INJETAVEL,100ML"
"6905","ACAO JUDICIAL (EXCLUSIVO ALMOX. 450 E 495) ACIDO ZOLEDRONICO 4MG FRASCO 5ML"
"6906","ACAO JUDICIAL (EXCLUSIVO ALMOX. 450 E 495) ACIDOS GRAXOS POLINSATURADOS MARINHOS"
"6907",""
"6908","1000MG, EXTRATO"
"6909","ACAO JUDICIAL (EXCLUSIVO ALMOX. 450 E 495) ACIDOS GRAXOS POLINSATURADOS MARINHOS"
"6910",""
"6911","1000MG, EXTRATO"
"6912","ACAO JUDICIAL (EXCLUSIVO ALMOX. 450 E 495) ALPRAZOLAM 0,25 MG"
"6913","ACAO JUDICIAL (EXCLUSIVO ALMOX. 450 E 495) ALPRAZOLAM 0,50MG"
"6914","ACAO JUDICIAL (EXCLUSIVO ALMOX. 450 E 495) ALPRAZOLAM 2MG"
"6915","ACAO JUDICIAL (EXCLUSIVO ALMOX. 450 E 495) ALPRAZOLAN 1 MG"
"6916","ACAO JUDICIAL (EXCLUSIVO ALMOX. 450 E 495)"
"6917",""
"6918","ALUMIN,HID.37MG/ML+MAGNÔ,HID.40MG/ML+SIMETICONA5MG/ML,240ML"
"6919","ACAO JUDICIAL (EXCLUSIVO ALMOX. 450 E 495) AMILORIDA 5MG + CLORTALIDONA 25MG"
"6920","ACAO JUDICIAL (EXCLUSIVO ALMOX. 450 E 495) AMINAFTONE 75MG"
"6921","ACAO JUDICIAL (EXCLUSIVO ALMOX. 450 E 495) AMIODARONA, CLORIDRATO 100MG"
"6922","ACAO JUDICIAL (EXCLUSIVO ALMOX. 450 E 495) AMISSULPRIDA 200 MG"
"6923","ACAO JUDICIAL (EXCLUSIVO ALMOX. 450 E 495) AMISSULPRIDA 50 MG"
"6924","ACAO JUDICIAL (EXCLUSIVO ALMOX. 450 E 495) AMITRIPTILINA, CLORIDRATO 75 MG"
"6925","ACAO JUDICIAL (EXCLUSIVO ALMOX. 450 E 495) ANAGRELIDE 0,5MG"
"6926","ACAO JUDICIAL (EXCLUSIVO ALMOX. 450 E 495) ANLODIPINA 2,5 MG"
"6927","ACAO JUDICIAL (EXCLUSIVO ALMOX. 450 E 495) ANLODIPINA, BESILATO 10MG"
"6928","ACAO JUDICIAL (EXCLUSIVO ALMOX. 450 E 495) ANLODIPINO 5 MG + LOSARTAN 100 MG"
"6929","ACAO JUDICIAL (EXCLUSIVO ALMOX. 450 E 495) ANLODIPINO, BESILATO 2,5 MG + LOSARTANA"
"6930",""
"6931","50 MG"
"6932","ACAO JUDICIAL (EXCLUSIVO ALMOX. 450 E 495) ANLODIPINO, BESILATO 5MG + ATENOLOL 25MG"
"6933","ACAO JUDICIAL (EXCLUSIVO ALMOX. 450 E 495) ARIPIPRAZOL 15MG"
"6934","ACAO JUDICIAL (EXCLUSIVO ALMOX. 450 E 495) ATENOLOL 50MG + CLORTADILONA 12,5 MG"
"6935","ACAO JUDICIAL (EXCLUSIVO ALMOX. 450 E 495) ATORVASTATINA 80 MG"
"6936","ACAO JUDICIAL (EXCLUSIVO ALMOX. 450 E 495) BAMIFILINA 300 MG"
"6937","ACAO JUDICIAL (EXCLUSIVO ALMOX. 450 E 495) BAMIFILINA, CLORIDRATO 600 MG"
"6938","ACAO JUDICIAL (EXCLUSIVO ALMOX. 450 E 495) BETAISTINA, DICLORIDRATO 16 MG"
"6939","ACAO JUDICIAL (EXCLUSIVO ALMOX. 450 E 495) BETAISTINA, DICLORIDRATO 24 MG,"
"6940",""
"6941","COMPRIMIDO"
"6942","ACAO JUDICIAL (EXCLUSIVO ALMOX. 450 E 495) BETAMETASONA, DIPROP."
"6943",""
"6944","0,64MG/ML+SALICILICO,ACIDO (DET)"
"6945","ACAO JUDICIAL (EXCLUSIVO ALMOX. 450 E 495) BETAXOLOL CLORIDRATO 2,5MG/ML"
"6946","ACAO JUDICIAL (EXCLUSIVO ALMOX. 450 E 495) BEVACIZUMAB 100MG"
"6947","ACAO JUDICIAL (EXCLUSIVO ALMOX. 450 E 495) BEVACIZUMAB 400 MG"
"6948","ACAO JUDICIAL (EXCLUSIVO ALMOX. 450 E 495) BICALUTAMIDA 50 MG - COMPRIMIDO"
"6949","ACAO JUDICIAL (EXCLUSIVO ALMOX. 450 E 495) BISOPROLOL, FUMARATO  5 MG, COMPRIMIDO"
"6950","ACAO JUDICIAL (EXCLUSIVO ALMOX. 450 E 495) BISOPROLOL, FUMARATO DE 1,25 MG,"
"6951",""
"6952","COMPRIMIDO"
"6953","ACAO JUDICIAL (EXCLUSIVO ALMOX. 450 E 495) BORTEZOMIB 3,5MG"
"6954","ACAO JUDICIAL (EXCLUSIVO ALMOX. 450 E 495) BRIMONIDINA, TARTARATO 0,15%, COLIRIO"
"6955",""
"6956","5ML"
"6957","ACAO JUDICIAL (EXCLUSIVO ALMOX. 450 E 495) BROMAZEPAN 1MG+SULPIRIDA 25MG"
"6958","ACAO JUDICIAL (EXCLUSIVO ALMOX. 450 E 495) BROMAZEPAN 3MG"
"6959","ACAO JUDICIAL (EXCLUSIVO ALMOX. 450 E 495) BROMAZEPAN 6 MG"
"6960","ACAO JUDICIAL (EXCLUSIVO ALMOX. 450 E 495) BROMOPRIDA 10MG"
"6961","ACAO JUDICIAL (EXCLUSIVO ALMOX. 450 E 495) BUDESONIDA 3 MG, CAPSULA DE LIBERACAO"
"6962",""
"6963","CONTROLADA"
"6964","ACAO JUDICIAL (EXCLUSIVO ALMOX. 450 E 495) BUDESONIDA 400 MCG, 60 CAPSULAS +"
"6965",""
"6966","INALADOR"
"6967","ACAO JUDICIAL (EXCLUSIVO ALMOX. 450 E 495) BUMETANIDA 1 MG"
"6968","ACAO JUDICIAL (EXCLUSIVO ALMOX. 450 E 495) BUPROPIONA 150 MG"
"6969","ACAO JUDICIAL (EXCLUSIVO ALMOX. 450 E 495) CALCIO, CARBONATO 500MG + VITAMINA D200"
"6970",""
"6971","UI"
"6972","ACAO JUDICIAL (EXCLUSIVO ALMOX. 450 E 495) CALCIO, CARBONATO 600MG +  VITAMINA D"
"6973",""
"6974","200UI"
"6975","ACAO JUDICIAL (EXCLUSIVO ALMOX. 450 E 495) CALCIO, CARBONATO 800 MG + VITAMINA D"
"6976",""
"6977","200 UI-MANIPULADO"
"6978","ACAO JUDICIAL (EXCLUSIVO ALMOX. 450 E 495) CALCIO,CARBONATO 600MG+VIT.D3 400UI-"
"6979",""
"6980","MASTIGAVEL"
"6981","ACAO JUDICIAL (EXCLUSIVO ALMOX. 450 E 495) CALCIO,CITRATO 500MG+VIT.D 200UI"
"6982","ACAO JUDICIAL (EXCLUSIVO ALMOX. 450 E 495) CANDERSATAN 8MG + HIDROCLOROTIAZIDA"
"6983",""
"6984","12,5 MG"
"6985","ACAO JUDICIAL (EXCLUSIVO ALMOX. 450 E 495) CANDESARTAN 16 MG + HIDROCLOROTIAZIDA"
"6986",""
"6987","12,5 MG"
"6988","ACAO JUDICIAL (EXCLUSIVO ALMOX. 450 E 495) CANDESARTANA 16 MG, COMPRIMIDO"
"6989","ACAO JUDICIAL (EXCLUSIVO ALMOX. 450 E 495) CANDESARTANA CILEXETILA 8 MG"
"6990","ACAO JUDICIAL (EXCLUSIVO ALMOX. 450 E 495) CARBAMAZEPINA 200MG LIBERAÇÃO LENTA"
"6991","ACAO JUDICIAL (EXCLUSIVO ALMOX. 450 E 495) CARBAMAZEPINA 400MG"
"6992","ACAO JUDICIAL (EXCLUSIVO ALMOX. 450 E 495) CARBAMAZEPINA 400MG LIBERAÇÃO"
"6993",""
"6994","PROLONGADA"
"6995","ACAO JUDICIAL (EXCLUSIVO ALMOX. 450 E 495) CARBONATO DE CALCIO 500 (1250 EQUIV."
"6996",""
"6997","500MG DA CA)"
"6998","ACAO JUDICIAL (EXCLUSIVO ALMOX. 450 E 495) CARMELOSE SODICA 1%, SOLUCAO OFTALMICA,"
"6999",""
"7000","15 ML"
"7001","ACAO JUDICIAL (EXCLUSIVO ALMOX. 450 E 495) CARNITINA 1 G, CAPSULA-MANIPULADO"
"7002","ACAO JUDICIAL (EXCLUSIVO ALMOX. 450 E 495) CARVEDILOL 25MG"
"7003","ACAO JUDICIAL (EXCLUSIVO ALMOX. 450 E 495) CARVEDILOL 6,25MG"
"7004","ACAO JUDICIAL (EXCLUSIVO ALMOX. 450 E 495) CASTANHA DA INDIA,EXTRATO SECO 100MG"
"7005","ACAO JUDICIAL (EXCLUSIVO ALMOX. 450 E 495) CETACONAZOL 20 MG/G, CREME, 30 G"
"7006","ACAO JUDICIAL (EXCLUSIVO ALMOX. 450 E 495) CETIRIZINA 10MG"
"7007","ACAO JUDICIAL (EXCLUSIVO ALMOX. 450 E 495) CETOCONAZOL 20 MG/ML, SHAMPOO, FRASCO"
"7008",""
"7009","COM NO MINIMO 100 ML"
"7010","ACAO JUDICIAL (EXCLUSIVO ALMOX. 450 E 495) CETOCONAZOL 20MG + NEOMICINA 2,5MG +"
"7011",""
"7012","BETAMETASONA,POMADA 30G"
"7013","ACAO JUDICIAL (EXCLUSIVO ALMOX. 450 E 495) CETOPROFENO 150MG"
"7014","ACAO JUDICIAL (EXCLUSIVO ALMOX. 450 E 495) CETOROLATO DE TROMETAMINA 10 MG"
"7015","ACAO JUDICIAL (EXCLUSIVO ALMOX. 450 E 495) CETOTIFENO 1 MG"
"7016","ACAO JUDICIAL (EXCLUSIVO ALMOX. 450 E 495) CETUXIMAB 100 MG"
"7017","ACAO JUDICIAL (EXCLUSIVO ALMOX. 450 E 495) CHA VERDE EXTRARO SECO 400 MG-"
"7018",""
"7019","MANIPULADO"
"7020","ACAO JUDICIAL (EXCLUSIVO ALMOX. 450 E 495) CICLOBENZAPRINA 10MG"
"7021","ACAO JUDICIAL (EXCLUSIVO ALMOX. 450 E 495) CICLOBENZAPRINA, CLORIDRATO 5 MG,"
"7022",""
"7023","COMPRIMIDO"
"7024","ACAO JUDICIAL (EXCLUSIVO ALMOX. 450 E 495) CICLOSPORINA 0,05% EMULSAO OFTALMICA"
"7025",""
"7026","ESTERIL FLACONETE 0,4ML"
"7027","ACAO JUDICIAL (EXCLUSIVO ALMOX. 450 E 495) CILOSTAZOL 100MG"
"7028","ACAO JUDICIAL (EXCLUSIVO ALMOX. 450 E 495) CILOSTAZOL 50 MG"
"7029","ACAO JUDICIAL (EXCLUSIVO ALMOX. 450 E 495) CIMIFUGA RACEMOSA 20MG"
"7030","ACAO JUDICIAL (EXCLUSIVO ALMOX. 450 E 495) CIPROFLOXACINA,CLORIDRATO"
"7031",""
"7032","3,5MG/ML+DEXAMETASONA 1MG/ML"
"7033","ACAO JUDICIAL (EXCLUSIVO ALMOX. 450 E 495) CIPROTERONA 100 MG"
"7034","ACAO JUDICIAL (EXCLUSIVO ALMOX. 450 E 495) CITALOPRAM 40MG"
"7035","ACAO JUDICIAL (EXCLUSIVO ALMOX. 450 E 495) CITALOPRAN 20 MG"
"7036","ACAO JUDICIAL (EXCLUSIVO ALMOX. 450 E 495) CLOBETAZOL 0,5 MG/G CREME 30MG"
"7037","ACAO JUDICIAL (EXCLUSIVO ALMOX. 450 E 495) CLOMIPRAMINA 75 MG"
"7038","ACAO JUDICIAL (EXCLUSIVO ALMOX. 450 E 495) CLONAZEPAM 0,25 MG SUBLINGUAL"
"7039","ACAO JUDICIAL (EXCLUSIVO ALMOX. 450 E 495) CLONAZEPAN 0,5 MG"
"7040","ACAO JUDICIAL (EXCLUSIVO ALMOX. 450 E 495) CLONIDINA 0,200 MG"
"7041","ACAO JUDICIAL (EXCLUSIVO ALMOX. 450 E 495) CLORDIAZEPOXIDO"
"7042",""
"7043","5MG+AMITRIPTILINA,CLORIDRATO 12,5MG"
"7044","ACAO JUDICIAL (EXCLUSIVO ALMOX. 450 E 495) CLORTALIDONA 25MG"
"7045","ACAO JUDICIAL (EXCLUSIVO ALMOX. 450 E 495) CLOSTEBOL,ACETADO"
"7046",""
"7047","5MG/G+NEOMICINA,SULFATO 5MG/G CREME 30G"
"7048","ACAO JUDICIAL (EXCLUSIVO ALMOX. 450 E 495) COENZIMA Q10 100 MG-MANIPULADO"
"7049","ACAO JUDICIAL (EXCLUSIVO ALMOX. 450 E 495) COLAGENASE 0,6 UI, CLORANFENICOL 0,01G"
"7050","ACAO JUDICIAL (EXCLUSIVO ALMOX. 450 E 495) CREATININA EM PÎ 150 G-MANIPULADO"
"7051","ACAO JUDICIAL (EXCLUSIVO ALMOX. 450 E 495) CUMARINA 15 MG + TROXERRUTINA 90 MG"
"7052","ACAO JUDICIAL (EXCLUSIVO ALMOX. 450 E 495) DEFLAZACORT 30 MG"
"7053","ACAO JUDICIAL (EXCLUSIVO ALMOX. 450 E 495) DEFLAZACORT 6MG"
"7054","ACAO JUDICIAL (EXCLUSIVO ALMOX. 450 E 495) DEFLAZACORT 7,5MG"
"7055","ACAO JUDICIAL (EXCLUSIVO ALMOX. 450 E 495) DESMOPRESSINA 0,1 MG"
"7056","ACAO JUDICIAL (EXCLUSIVO ALMOX. 450 E 495)"
"7057",""
"7058","DEXAMETASONA0,1%+NEOMICINA0,35%+POLIMIXINA B, POM.OFT. 3,5G"
"7059","ACAO JUDICIAL (EXCLUSIVO ALMOX. 450 E 495) DEXPANTENOL 50 MG, POMADA, BISNAGA 30 G"
"7060","ACAO JUDICIAL (EXCLUSIVO ALMOX. 450 E 495) DEXTRANO70"
"7061",""
"7062","0,1%+HIPROMELOSE0,3%+GLICEROL0,2% SOL OFT. FR15ML"
"7063","ACAO JUDICIAL (EXCLUSIVO ALMOX. 450 E 495) DIACEREINA 50MG"
"7064","ACAO JUDICIAL (EXCLUSIVO ALMOX. 450 E 495) DICLOFENACO SODICO 50MG+ CODEINA 50MG"
"7065","ACAO JUDICIAL (EXCLUSIVO ALMOX. 450 E 495) DICLOFENACO SODICO 50MG+CARISPRODOL"
"7066",""
"7067","125MG+PARACETAMOL (DET)"
"7068","ACAO JUDICIAL (EXCLUSIVO ALMOX. 450 E 495) DICLOFENACO SODICO GEL 60G"
"7069","ACAO JUDICIAL (EXCLUSIVO ALMOX. 450 E 495) DIETILESTIBESTROL 1MG"
"7070","ACAO JUDICIAL (EXCLUSIVO ALMOX. 450 E 495) DIIDROERGOCRISTINA, MESILATO  6 MG,"
"7071",""
"7072","CAPSULA"
"7073","ACAO JUDICIAL (EXCLUSIVO ALMOX. 450 E 495) DILTIAZEM 120 MG LIBERACAO LENTA"
"7074","ACAO JUDICIAL (EXCLUSIVO ALMOX. 450 E 495) DILTIAZEN 90 MG LIBERAÇÃO LENTA"
"7075","ACAO JUDICIAL (EXCLUSIVO ALMOX. 450 E 495) DILTIAZEN, CLORIDRATO 180MG LIBERACAO"
"7076",""
"7077","LENTA"
"7078","ACAO JUDICIAL (EXCLUSIVO ALMOX. 450 E 495) DILTIAZEN, CLORIDRATO 60 MG"
"7079","ACAO JUDICIAL (EXCLUSIVO ALMOX. 450 E 495) DIOSMINA 450 MG + HESPERIDINA 50 MG,"
"7080",""
"7081","COMPRIMIDO"
"7082","ACAO JUDICIAL (EXCLUSIVO ALMOX. 450 E 495) DIVALPROATO DE SODIO 125 MG"
"7083","ACAO JUDICIAL (EXCLUSIVO ALMOX. 450 E 495) DIVALPROATO DE SODIO 250MG"
"7084","ACAO JUDICIAL (EXCLUSIVO ALMOX. 450 E 495) DIVALPROATO DE SODIO 500 MG"
"7085","ACAO JUDICIAL (EXCLUSIVO ALMOX. 450 E 495) DOMPERIDONA 10 MG"
"7086","ACAO JUDICIAL (EXCLUSIVO ALMOX. 450 E 495) DOMPERIDONA 1MG/ML, FRASCO 100 ML"
"7087","ACAO JUDICIAL (EXCLUSIVO ALMOX. 450 E 495) DORZOLAMIDA 20MG/ML + TIMOLOL 5,0MG/ML"
"7088",""
"7089","- 5ML"
"7090","ACAO JUDICIAL (EXCLUSIVO ALMOX. 450 E 495) DOXAZOSINA, MESILATO 4MG"
"7091","ACAO JUDICIAL (EXCLUSIVO ALMOX. 450 E 495) DROSPIRENONA 3MG+ETINILESTRADIOL"
"7092",""
"7093","0,003MG"
"7094","ACAO JUDICIAL (EXCLUSIVO ALMOX. 450 E 495) DULOXETINA, CLORIDRATO 60MG"
"7095","ACAO JUDICIAL (EXCLUSIVO ALMOX. 450 E 495) DUTASTERIDA 0,5MG"
"7096","ACAO JUDICIAL (EXCLUSIVO ALMOX. 450 E 495) ENALAPRIL 20MG + ANLODIPINO 5MG"
"7097","ACAO JUDICIAL (EXCLUSIVO ALMOX. 450 E 495) ENALAPRIL, MALEATO 5MG"
"7098","ACAO JUDICIAL (EXCLUSIVO ALMOX. 450 E 495) ENALAPRIL, MELEATO 20MG +"
"7099",""
"7100","HIDROCLOROTIAZIDA 12,5 MG"
"7101","ACAO JUDICIAL (EXCLUSIVO ALMOX. 450 E 495) ENOXAPARINA 100MG/ML"
"7102","ACAO JUDICIAL (EXCLUSIVO ALMOX. 450 E 495) ERLOTINIB 150MG"
"7103","ACAO JUDICIAL (EXCLUSIVO ALMOX. 450 E 495) ESCITALOPRAN, OXALATO 10MG"
"7104","ACAO JUDICIAL (EXCLUSIVO ALMOX. 450 E 495) ESOMEPRAZOL MAGNESIO 40MG"
"7105","ACAO JUDICIAL (EXCLUSIVO ALMOX. 450 E 495) ESPIRONOLACTONA 100MG + FUROSEMIDA"
"7106",""
"7107","20MG"
"7108","ACAO JUDICIAL (EXCLUSIVO ALMOX. 450 E 495) ESPIRONOLACTONA 50 MG - COMPRIMIDO"
"7109","ACAO JUDICIAL (EXCLUSIVO ALMOX. 450 E 495) ESPIRONOLACTONA 50MG +"
"7110",""
"7111","HIDROCLOROTIAZIDA 50MG"
"7112","ACAO JUDICIAL (EXCLUSIVO ALMOX. 450 E 495) ESPIRONOLACTONA 50MG +"
"7113",""
"7114","HIDROCLOROTIAZIDA 50MG"
"7115","ACAO JUDICIAL (EXCLUSIVO ALMOX. 450 E 495) ESTAZOLAM 2MG"
"7116","ACAO JUDICIAL (EXCLUSIVO ALMOX. 450 E 495) ESTRADIOL 1G - GEL"
"7117","ACAO JUDICIAL (EXCLUSIVO ALMOX. 450 E 495) ESTRADIOL 1MG + NORETISTERONA 0,5 MG"
"7118","ACAO JUDICIAL (EXCLUSIVO ALMOX. 450 E 495) ESTRADIOL 1MG + TRIMEGESTONA"
"7119","ACAO JUDICIAL (EXCLUSIVO ALMOX. 450 E 495) ESTRADIOL, VELEARATO 2MG+ CIPROTERONA,"
"7120",""
"7121","ACETATO 1MG"
"7122","ACAO JUDICIAL (EXCLUSIVO ALMOX. 450 E 495) ESTRIOL 1MG/G CREME VAGINAL"
"7123","ACAO JUDICIAL (EXCLUSIVO ALMOX. 450 E 495) ETHOSUXIMIDE 250MG"
"7124","ACAO JUDICIAL (EXCLUSIVO ALMOX. 450 E 495) ETORICOXIB 60MG"
"7125","ACAO JUDICIAL (EXCLUSIVO ALMOX. 450 E 495) ETORICOXIBE 90 MG"
"7126","ACAO JUDICIAL (EXCLUSIVO ALMOX. 450 E 495) EXEMESTANO 25 MG"
"7127","ACAO JUDICIAL (EXCLUSIVO ALMOX. 450 E 495) EZETIMIBE 10MG"
"7128","ACAO JUDICIAL (EXCLUSIVO ALMOX. 450 E 495) EZETIMIBE 10MG + SINVASTATINA 20 MG"
"7129","ACAO JUDICIAL (EXCLUSIVO ALMOX. 450 E 495) EZETIMIBE 10MG + SINVASTATINA 40 MG"
"7130","ACAO JUDICIAL (EXCLUSIVO ALMOX. 450 E 495) EZETIMIBE 10MG+SINVASTATINA 10 MG"
"7131","ACAO JUDICIAL (EXCLUSIVO ALMOX. 450 E 495) FEMPROCUMONA 3 MG, COMPRIMIDO"
"7132","ACAO JUDICIAL (EXCLUSIVO ALMOX. 450 E 495) FENOFIBRATO MICRONIZADO 200MG CAPSULA"
"7133","ACAO JUDICIAL (EXCLUSIVO ALMOX. 450 E 495) FERRO III POLIMALTOSADO, HIDROXIDO 100MG"
"7134","ACAO JUDICIAL (EXCLUSIVO ALMOX. 450 E 495) FERRO QUELADO GLICINATO 250MG/ML"
"7135","ACAO JUDICIAL (EXCLUSIVO ALMOX. 450 E 495) FERRO QUELATO GLICINATO 500 MG"
"7136","ACAO JUDICIAL (EXCLUSIVO ALMOX. 450 E 495) FEXOFENADINA, CLORIDRATO 120MG"
"7137","ACAO JUDICIAL (EXCLUSIVO ALMOX. 450 E 495) FINASTERIDA 5 MG"
"7138","ACAO JUDICIAL (EXCLUSIVO ALMOX. 450 E 495) FLUDARABINA, FOSFATO 50MG"
"7139","ACAO JUDICIAL (EXCLUSIVO ALMOX. 450 E 495) FLUNITRAZEPAN 1MG"
"7140","ACAO JUDICIAL (EXCLUSIVO ALMOX. 450 E 495) FLUNITRAZEPAN 2MG"
"7141","ACAO JUDICIAL (EXCLUSIVO ALMOX. 450 E 495) FLUTICASONA, PROPIONATO 250MCG,INALAÇÃO"
"7142",""
"7143","ORAL, FR. C/60 CAPS."
"7144","ACAO JUDICIAL (EXCLUSIVO ALMOX. 450 E 495) FLUTICASONA,PROPIONATO 50 MCG, SPRAY"
"7145",""
"7146","ORAL, FRASCO 120 DOSES"
"7147","ACAO JUDICIAL (EXCLUSIVO ALMOX. 450 E 495) FLUVASTATINA 80MG"
"7148","ACAO JUDICIAL (EXCLUSIVO ALMOX. 450 E 495) FLUVOXAMINA 100MG"
"7149","ACAO JUDICIAL (EXCLUSIVO ALMOX. 450 E 495) FORMOTEROL,FUM.12MCG+BUDESONIDA"
"7150",""
"7151","200MCG, 60DOSES C/ INALADOR"
"7152","ACAO JUDICIAL (EXCLUSIVO ALMOX. 450 E 495) FORMOTEROL,FUMARATO 12MCG+BUDESONIDA"
"7153",""
"7154","400MCG,60 DOSES-FORASEQ"
"7155","ACAO JUDICIAL (EXCLUSIVO ALMOX. 450 E 495) FULVESTRANTO 250 MG/5ML"
"7156","ACAO JUDICIAL (EXCLUSIVO ALMOX. 450 E 495) GABAPENTINA 600MG"
"7157","ACAO JUDICIAL (EXCLUSIVO ALMOX. 450 E 495) GAMA-AMINOBUTIRICO, ACIDO 200/ML"
"7158","ACAO JUDICIAL (EXCLUSIVO ALMOX. 450 E 495) GINGKO BILOBA 120 MG, EXTRATO SECO,"
"7159",""
"7160","COMPRIMIDO"
"7161","ACAO JUDICIAL (EXCLUSIVO ALMOX. 450 E 495) GINKO BILOBA 80MG, EXTRATO SECO"
"7162","ACAO JUDICIAL (EXCLUSIVO ALMOX. 450 E 495) GIRASSOL, OLEO20% + MANTEIGA DE KARITÔ"
"7163",""
"7164","3% -MANIPULADO"
"7165","ACAO JUDICIAL (EXCLUSIVO ALMOX. 450 E 495) GLICLAZIDA 30 MG"
"7166","ACAO JUDICIAL (EXCLUSIVO ALMOX. 450 E 495) GLICOSAMINA 500 MG-MANIPULADO"
"7167","ACAO JUDICIAL (EXCLUSIVO ALMOX. 450 E 495) GLICOSAMINA 500MG + CONDROITINA 400MG"
"7168","ACAO JUDICIAL (EXCLUSIVO ALMOX. 450 E 495) GLICOSAMINA SULFATO 1,5G PO P/ SOLUCAO"
"7169",""
"7170","ORAL"
"7171","ACAO JUDICIAL (EXCLUSIVO ALMOX. 450 E 495) GLICOSAMINA, SULFATO 1,5 G + CONDROITINA"
"7172",""
"7173","1,2 G-MANIPULADO"
"7174","ACAO JUDICIAL (EXCLUSIVO ALMOX. 450 E 495) GLICOSAMINA,SULFATO"
"7175",""
"7176","1,5G+CONDROITINA,SULFATO 1,2G (DET)"
"7177","ACAO JUDICIAL (EXCLUSIVO ALMOX. 450 E 495) GLIMEPIRIDA 1 MG"
"7178","ACAO JUDICIAL (EXCLUSIVO ALMOX. 450 E 495) GLIMEPIRIDA 2 MG"
"7179","ACAO JUDICIAL (EXCLUSIVO ALMOX. 450 E 495) GLIMEPIRIDA 4MG"
"7180","ACAO JUDICIAL (EXCLUSIVO ALMOX. 450 E 495) GLIMEPIRIDA 6MG"
"7181","ACAO JUDICIAL (EXCLUSIVO ALMOX. 450 E 495) HIDROCLOROTIAZIDA 25MG + AMILORIDA,"
"7182",""
"7183","CLRIDRATO 2,5MG"
"7184","ACAO JUDICIAL (EXCLUSIVO ALMOX. 450 E 495) HIDROXIZINA 2 MG/ML FRASCO 120ML"
"7185","ACAO JUDICIAL (EXCLUSIVO ALMOX. 450 E 495) HIDROXIZINA, CLORIDRATO 25 MG"
"7186","ACAO JUDICIAL (EXCLUSIVO ALMOX. 450 E 495) HILANO G F - 20"
"7187","ACAO JUDICIAL (EXCLUSIVO ALMOX. 450 E 495) HIPROMELOSE 3MG/ML"
"7188","ACAO JUDICIAL (EXCLUSIVO ALMOX. 450 E 495) IBUPROFENO 600MG"
"7189","ACAO JUDICIAL (EXCLUSIVO ALMOX. 450 E 495) IDEBENONE 45 MG - MANIPULADO"
"7190","ACAO JUDICIAL (EXCLUSIVO ALMOX. 450 E 495) IMATINIBE, MESILATO 400MG"
"7191","ACAO JUDICIAL (EXCLUSIVO ALMOX. 450 E 495) INDAPAMIDA 1,5 MG, LIBERAÇÃO CONTROLADA,"
"7192",""
"7193","COMPRIMIDO"
"7194","ACAO JUDICIAL (EXCLUSIVO ALMOX. 450 E 495) INSULINA ASPARTE 100 UI/ML, FRASCO-"
"7195",""
"7196","AMPOLA 10 ML"
"7197","ACAO JUDICIAL (EXCLUSIVO ALMOX. 450 E 495) INSULINA ASPARTE 100 UI/ML, REFIL 3 ML -"
"7198",""
"7199","NOVORAPID"
"7200","ACAO JUDICIAL (EXCLUSIVO ALMOX. 450 E 495) INSULINA GLARGINA 100 UI/ML, FRASCO-"
"7201",""
"7202","AMPOLA 10 ML"
"7203","ACAO JUDICIAL (EXCLUSIVO ALMOX. 450 E 495) INSULINA GLARGINA 100 UI/ML, REFIL 3 ML"
"7204","ACAO JUDICIAL (EXCLUSIVO ALMOX. 450 E 495) INSULINA LISPRO 100 UI/ML, FRASCO/AMPOLA"
"7205",""
"7206","10 ML"
"7207","ACAO JUDICIAL (EXCLUSIVO ALMOX. 450 E 495) INSULINA LISPRO 100 UI/ML, REFIL 3 ML"
"7208","ACAO JUDICIAL (EXCLUSIVO ALMOX. 450 E 495) INSULINA LISPRO 25 UI + LISPRO PROTAMINA"
"7209",""
"7210","75 UI, REFIL 3 ML"
"7211","ACAO JUDICIAL (EXCLUSIVO ALMOX. 450 E 495) IODOPOVIDINA 7,5%, SOLUCAO DEGERMANTE,"
"7212",""
"7213","1.000ML-MANIPULADO"
"7214","ACAO JUDICIAL (EXCLUSIVO ALMOX. 450 E 495) IPRATRÎPIO,BROMETO 20MCG AEROSSOL"
"7215",""
"7216","DOSIDIFICADOR 300 DOSES"
"7217","ACAO JUDICIAL (EXCLUSIVO ALMOX. 450 E 495) IRBESARTANA 150MG + HIDROCLOROTIAZIDA"
"7218",""
"7219","12,5MG"
"7220","ACAO JUDICIAL (EXCLUSIVO ALMOX. 450 E 495) ISOSSORBIDA, MONONITRATO  5MG SUB-"
"7221",""
"7222","LINGUAL"
"7223","ACAO JUDICIAL (EXCLUSIVO ALMOX. 450 E 495) ISOSSORBIDA, MONONITRATO 50MG LIBERACAO"
"7224",""
"7225","PROLONGADA"
"7226","ACAO JUDICIAL (EXCLUSIVO ALMOX. 450 E 495) LAMOTRIGINA 50MG"
"7227","ACAO JUDICIAL (EXCLUSIVO ALMOX. 450 E 495) LANSOPRAZOL 30 MG"
"7228","ACAO JUDICIAL (EXCLUSIVO ALMOX. 450 E 495) LATANOPROST 0,005% + TIMOLOL 5MG FRASCO"
"7229",""
"7230","2,5ML"
"7231","ACAO JUDICIAL (EXCLUSIVO ALMOX. 450 E 495) LERCANIDIPINO 10 MG"
"7232","ACAO JUDICIAL (EXCLUSIVO ALMOX. 450 E 495) LETROZOL 2,5 MG"
"7233","ACAO JUDICIAL (EXCLUSIVO ALMOX. 450 E 495) LEVETIRACETAM 500 MG"
"7234","ACAO JUDICIAL (EXCLUSIVO ALMOX. 450 E 495) LEVOCETIRIZINA 5 MG"
"7235","ACAO JUDICIAL (EXCLUSIVO ALMOX. 450 E 495) LEVODOPA 100 MG + CARBIDOPA 25 MG +"
"7236",""
"7237","ENTACAPONA 200 MG"
"7238","ACAO JUDICIAL (EXCLUSIVO ALMOX. 450 E 495) LEVOTIROXINA SODICA 112MCG"
"7239","ACAO JUDICIAL (EXCLUSIVO ALMOX. 450 E 495) LEVOTIROXINA SODICA 125 MCG"
"7240","ACAO JUDICIAL (EXCLUSIVO ALMOX. 450 E 495) LEVOTIROXINA SODICA 200MCG"
"7241","ACAO JUDICIAL (EXCLUSIVO ALMOX. 450 E 495) LEVOTIROXINA SODICA 75 MCG"
"7242","ACAO JUDICIAL (EXCLUSIVO ALMOX. 450 E 495) LEVOTIROXINA SODICA 88MCG"
"7243","ACAO JUDICIAL (EXCLUSIVO ALMOX. 450 E 495) LISINOPRIL 20 MG"
"7244","ACAO JUDICIAL (EXCLUSIVO ALMOX. 450 E 495) LITIO, CARBONATO 450 MG"
"7245","ACAO JUDICIAL (EXCLUSIVO ALMOX. 450 E 495) LORAZEPAN 1 MG, COMPRIMIDO"
"7246","ACAO JUDICIAL (EXCLUSIVO ALMOX. 450 E 495) LOSARTAN 100MG"
"7247","ACAO JUDICIAL (EXCLUSIVO ALMOX. 450 E 495) LOSARTAN POTASSICO 100MG +"
"7248",""
"7249","HIDROCLOROTIAZIDA 25MG"
"7250","ACAO JUDICIAL (EXCLUSIVO ALMOX. 450 E 495) LOSARTAN POTASSICO 50MG +"
"7251",""
"7252","HIDROCLOROTIAZIDA 12,5MG"
"7253","ACAO JUDICIAL (EXCLUSIVO ALMOX. 450 E 495) LOSARTAN POTASSIO 25MG"
"7254","ACAO JUDICIAL (EXCLUSIVO ALMOX. 450 E 495) LOXOPROFENO SODICO 60MG"
"7255","ACAO JUDICIAL (EXCLUSIVO ALMOX. 450 E 495) MACROGOL 3350+BIC. DE SODIO+CLO. DE"
"7256",""
"7257","SODIO+CLOR POTASSIO"
"7258","ACAO JUDICIAL (EXCLUSIVO ALMOX. 450 E 495) MANIDIPINA,DICLORIDRATO 20MG"
"7259","ACAO JUDICIAL (EXCLUSIVO ALMOX. 450 E 495) MEBEVERINA, CLORIDRATO 200MG"
"7260","ACAO JUDICIAL (EXCLUSIVO ALMOX. 450 E 495) MELOXICAM 15MG"
"7261","ACAO JUDICIAL (EXCLUSIVO ALMOX. 450 E 495) MELOXICAM 7,5 MG"
"7262","ACAO JUDICIAL (EXCLUSIVO ALMOX. 450 E 495) METFORMINA 1G"
"7263","ACAO JUDICIAL (EXCLUSIVO ALMOX. 450 E 495) METILFENIDATO 10 MG"
"7264","ACAO JUDICIAL (EXCLUSIVO ALMOX. 450 E 495) METILFENIDATO, CLORIDRATO 18MG"
"7265","ACAO JUDICIAL (EXCLUSIVO ALMOX. 450 E 495) METILFENIDATO, CLORIDRATO 36MG"
"7266","ACAO JUDICIAL (EXCLUSIVO ALMOX. 450 E 495) METILFENIDATO, CLORIDRATO LA 20 MG"
"7267","ACAO JUDICIAL (EXCLUSIVO ALMOX. 450 E 495) METOCLOPRAMIDA 7MG+DIMETICONA"
"7268",""
"7269","40MG+PEPSINA 50MG"
"7270","ACAO JUDICIAL (EXCLUSIVO ALMOX. 450 E 495) METOPROLOL, SUCCINATO  25MG"
"7271","ACAO JUDICIAL (EXCLUSIVO ALMOX. 450 E 495) METOPROLOL, SUCCINATO 100MG"
"7272","ACAO JUDICIAL (EXCLUSIVO ALMOX. 450 E 495) MIDAZOLAM, MALEATO 7,5 MG"
"7273","ACAO JUDICIAL (EXCLUSIVO ALMOX. 450 E 495) MIDODRINE 5MG"
"7274","ACAO JUDICIAL (EXCLUSIVO ALMOX. 450 E 495) MIRTAZAPINA 15 MG"
"7275","ACAO JUDICIAL (EXCLUSIVO ALMOX. 450 E 495) MIRTAZAPINA 30 MG"
"7276","ACAO JUDICIAL (EXCLUSIVO ALMOX. 450 E 495) MIRTAZAPINA 45MG"
"7277","ACAO JUDICIAL (EXCLUSIVO ALMOX. 450 E 495) MOMETASONA FUROATO 0,50MG/G (18G),"
"7278",""
"7279","SPRAY NASAL,120 DOSES"
"7280","ACAO JUDICIAL (EXCLUSIVO ALMOX. 450 E 495) MONTELUCASTE SODICO 10 MG"
"7281","ACAO JUDICIAL (EXCLUSIVO ALMOX. 450 E 495) MONTELUCASTE SODICO 4 MG"
"7282","ACAO JUDICIAL (EXCLUSIVO ALMOX. 450 E 495) N-ACETILCISTEINA GRANULADO 600 MG,"
"7283",""
"7284","ENVELOPE 5G"
"7285","ACAO JUDICIAL (EXCLUSIVO ALMOX. 450 E 495) NANDROLONA, DECANOATO 50MG AMP. 1ML"
"7286","ACAO JUDICIAL (EXCLUSIVO ALMOX. 450 E 495) NARATRIPTANO 2,5 MG"
"7287","ACAO JUDICIAL (EXCLUSIVO ALMOX. 450 E 495) NIFEDINA 10 MG, LIBERAÇÃO PROLONGADA"
"7288","ACAO JUDICIAL (EXCLUSIVO ALMOX. 450 E 495) NIMESULIDA 100MG"
"7289","ACAO JUDICIAL (EXCLUSIVO ALMOX. 450 E 495) NISTATINA 100.000UI + OXIDO DE ZINCO"
"7290",""
"7291","200MG, POMADA 60G"
"7292","ACAO JUDICIAL (EXCLUSIVO ALMOX. 450 E 495) NITRAZEPAM 5 MG"
"7293","ACAO JUDICIAL (EXCLUSIVO ALMOX. 450 E 495) NITRENDIPINO 10MG"
"7294","ACAO JUDICIAL (EXCLUSIVO ALMOX. 450 E 495) NITRENDIPINO 20MG"
"7295","ACAO JUDICIAL (EXCLUSIVO ALMOX. 450 E 495) NORTRIPILINA 75 MG, CAPSULA"
"7296","ACAO JUDICIAL (EXCLUSIVO ALMOX. 450 E 495) NORTRIPTILINA 50 MG, CAPSULA"
"7297","ACAO JUDICIAL (EXCLUSIVO ALMOX. 450 E 495) NORTRIPTILINA, CLORIDRATO 10 MG, CAPSULA"
"7298","ACAO JUDICIAL (EXCLUSIVO ALMOX. 450 E 495) OLANZAPINA 2,5 MG"
"7299","ACAO JUDICIAL (EXCLUSIVO ALMOX. 450 E 495) OLEO DE BORAGO OFFICINALIS CAPS 900MG"
"7300","ACAO JUDICIAL (EXCLUSIVO ALMOX. 450 E 495) OLEO DE PRIMULA 500MG"
"7301","ACAO JUDICIAL (EXCLUSIVO ALMOX. 450 E 495) OLMESARTANA, MEDOXOMILA 20 MG"
"7302","ACAO JUDICIAL (EXCLUSIVO ALMOX. 450 E 495) OMALIZUMABE 150 MG/2 ML"
"7303","ACAO JUDICIAL (EXCLUSIVO ALMOX. 450 E 495) OMEPRAZOL 40MG"
"7304","ACAO JUDICIAL (EXCLUSIVO ALMOX. 450 E 495) OMEPRAZOL MAGNESIO 10MG - LOSEC MUPS"
"7305","ACAO JUDICIAL (EXCLUSIVO ALMOX. 450 E 495) OMEPRAZOL MAGNESIO 20MG -  LOSEC MUPS"
"7306","ACAO JUDICIAL (EXCLUSIVO ALMOX. 450 E 495) ONDASENTRONA 8MG"
"7307","ACAO JUDICIAL (EXCLUSIVO ALMOX. 450 E 495) ORFENADRINA 35MG+DIPIRONA"
"7308",""
"7309","300MG+CAFEINA 50MG"
"7310","ACAO JUDICIAL (EXCLUSIVO ALMOX. 450 E 495) ORLISTAT, CLORIDRATO 120MG"
"7311","ACAO JUDICIAL (EXCLUSIVO ALMOX. 450 E 495) OXCARBAZEPINA 300MG"
"7312","ACAO JUDICIAL (EXCLUSIVO ALMOX. 450 E 495) OXCARBAZEPINA 6% FRASCO 100ML"
"7313","ACAO JUDICIAL (EXCLUSIVO ALMOX. 450 E 495) OXCARBAZEPINA 600MG"
"7314","ACAO JUDICIAL (EXCLUSIVO ALMOX. 450 E 495) OXIBUTININA  - CLORIDRATO 1 MG/ML, XAROPE,"
"7315",""
"7316","120 ML"
"7317","ACAO JUDICIAL (EXCLUSIVO ALMOX. 450 E 495) OXIBUTININA,CLORIDRATO 10MG LIBERACAO"
"7318",""
"7319","PROLONGADA"
"7320","ACAO JUDICIAL (EXCLUSIVO ALMOX. 450 E 495) PANTOPRAZOL 20MG"
"7321","ACAO JUDICIAL (EXCLUSIVO ALMOX. 450 E 495) PANTOPRAZOL 40MG"
"7322","ACAO JUDICIAL (EXCLUSIVO ALMOX. 450 E 495) PARACETAMOL 750 MG"
"7323","ACAO JUDICIAL (EXCLUSIVO ALMOX. 450 E 495) PARAOXETINA 15 MG"
"7324","ACAO JUDICIAL (EXCLUSIVO ALMOX. 450 E 495) PAROXETINA 10 MG"
"7325","ACAO JUDICIAL (EXCLUSIVO ALMOX. 450 E 495) PAROXETINA 20MG, CLORIDRATO"
"7326","ACAO JUDICIAL (EXCLUSIVO ALMOX. 450 E 495) PAROXETINA 30 MG"
"7327","ACAO JUDICIAL (EXCLUSIVO ALMOX. 450 E 495) PAROXETINA 40 MG"
"7328","ACAO JUDICIAL (EXCLUSIVO ALMOX. 450 E 495) PAROXETINA, CLORIDRATO 12,5MG LIBERACAO"
"7329",""
"7330","CONTROLADA"
"7331","ACAO JUDICIAL (EXCLUSIVO ALMOX. 450 E 495) PAROXETINA,CLORIDRATO 25MG LIBERACAO"
"7332",""
"7333","CONTROLADA"
"7334","ACAO JUDICIAL (EXCLUSIVO ALMOX. 450 E 495) PENTOSAN PLYSULFATE SODIUM 100MG"
"7335","ACAO JUDICIAL (EXCLUSIVO ALMOX. 450 E 495) PERICIAZINA 1% GOTAS"
"7336","ACAO JUDICIAL (EXCLUSIVO ALMOX. 450 E 495) PERINDOPRIL 4MG"
"7337","ACAO JUDICIAL (EXCLUSIVO ALMOX. 450 E 495) PERSEA GRATISSIMA 100MG + GLYCINE MAX"
"7338",""
"7339","200MG"
"7340","ACAO JUDICIAL (EXCLUSIVO ALMOX. 450 E 495) PIMECROLIMUS 10MG/G CREME BISNAGA 15G"
"7341","ACAO JUDICIAL (EXCLUSIVO ALMOX. 450 E 495) PINAVERIO, BROMETO 100MG"
"7342","ACAO JUDICIAL (EXCLUSIVO ALMOX. 450 E 495) PINAVERIO, BROMETO 50 MG"
"7343","ACAO JUDICIAL (EXCLUSIVO ALMOX. 450 E 495) PIRACETAM 800 MG, COMPRIMIDO"
"7344","ACAO JUDICIAL (EXCLUSIVO ALMOX. 450 E 495) PIRENOXINA SODICA 0.085%"
"7345","ACAO JUDICIAL (EXCLUSIVO ALMOX. 450 E 495) PIRIDOSTIGMINA, BROMETO 60MG"
"7346",""
"7347","ACAO JUDICIAL (EXCLUSIVO ALMOX. 450 E 495) PIROXICAM 20 MG"
"7348",""
"7349","ACAO JUDICIAL (EXCLUSIVO ALMOX. 450 E 495) PIROXICAN 20MG SUB-LINGUAL"
"7350","ACAO JUDICIAL (EXCLUSIVO ALMOX. 450 E 495) PLANTAGO OVATA 3,5G, PO EFERVESCENTE"
"7351","ACAO JUDICIAL (EXCLUSIVO ALMOX. 450 E 495) PLANTAGO OVATA FORSK 174G"
"7352","ACAO JUDICIAL (EXCLUSIVO ALMOX. 450 E 495) POLIACRILICO, ACIDO 2MG/ML SOL. OCULAR"
"7353","ACAO JUDICIAL (EXCLUSIVO ALMOX. 450 E 495) POLIVITAMINAS + POLIMINERAIS + PANAX"
"7354",""
"7355","GINSENG-PHARMATON"
"7356","ACAO JUDICIAL (EXCLUSIVO ALMOX. 450 E 495) POLIVITAMINICO + POLIMINERAL (CENTRUM)"
"7357","ACAO JUDICIAL (EXCLUSIVO ALMOX. 450 E 495) POLIVITAMINICO+SAIS MINERAIS ACCUVIT"
"7358","ACAO JUDICIAL (EXCLUSIVO ALMOX. 450 E 495) PREDNISOLONA, 1%, SUSPENSAO OFTALMICA"
"7359",""
"7360","ESTERIL, FRASCO 5ML"
"7361","ACAO JUDICIAL (EXCLUSIVO ALMOX. 450 E 495) PRIMIDONA 250MG"
"7362","ACAO JUDICIAL (EXCLUSIVO ALMOX. 450 E 495) PROMESTRIENO 10MG/G, CREME VAGINAL C/"
"7363",""
"7364","APLICADOR, BISNAGA 30G"
"7365","ACAO JUDICIAL (EXCLUSIVO ALMOX. 450 E 495) RABEPRAZOL 10 MG, COMPRIMIDO"
"7366","ACAO JUDICIAL (EXCLUSIVO ALMOX. 450 E 495) RAMIPRIL 10MG"
"7367","ACAO JUDICIAL (EXCLUSIVO ALMOX. 450 E 495) RAMIPRIL 2,5MG"
"7368","ACAO JUDICIAL (EXCLUSIVO ALMOX. 450 E 495) RAMIPRIL 5 MG + HIDROCLOROTIAZIDA 25 MG"
"7369","ACAO JUDICIAL (EXCLUSIVO ALMOX. 450 E 495) RAMIPRIL 5MG"
"7370","ACAO JUDICIAL (EXCLUSIVO ALMOX. 450 E 495) RAMIPRIL 5MG + HIDROCLOROTIAZIDA 12,5MG"
"7371","ACAO JUDICIAL (EXCLUSIVO ALMOX. 450 E 495) REPAGLINIDA 1 MG"
"7372","ACAO JUDICIAL (EXCLUSIVO ALMOX. 450 E 495) REPAGLINIDA 2MG"
"7373","ACAO JUDICIAL (EXCLUSIVO ALMOX. 450 E 495) RETINOL, ACETADO. (VITAMINA A) 10.000 UI-MANIPULADO"
"7374","ACAO JUDICIAL (EXCLUSIVO ALMOX. 450 E 495) RILMENIDINA 1 MG"
"7375","ACAO JUDICIAL (EXCLUSIVO ALMOX. 450 E 495) RISPERIDONA 2 MG - RISPERDAL 2MG"
"7376","ACAO JUDICIAL (EXCLUSIVO ALMOX. 450 E 495) RISPERIDONA GOTAS 1MG/ML - 30 ML -CONTR.C1"
"7377","ACAO JUDICIAL (EXCLUSIVO ALMOX. 450 E 495) ROSUVASTATINA 20 MG"
"7378","ACAO JUDICIAL (EXCLUSIVO ALMOX. 450 E 495) ROSUVASTATINA CALCICA 10MG"
"7379","ACAO JUDICIAL (EXCLUSIVO ALMOX. 450 E 495) SALMETEROL, XIFONATO + FLUTICASONA,PROPLONATO 25/250"
"7380","ACAO JUDICIAL (EXCLUSIVO ALMOX. 450 E 495) SALMETEROL, XIN. 50MCG + FLUTICASONA100MCG, DISCO 60 DOSES"
"7381","ACAO JUDICIAL (EXCLUSIVO ALMOX. 450 E 495) SALMETEROL, XIN. 50MCG + FLUTICASONA500MCG, DISCO 60 DOSES"
"7382","ACAO JUDICIAL (EXCLUSIVO ALMOX. 450 E 495) SALMETEROL,XIN. 25MCG+ FLUTICASONA50MCG, SPRAY 120 DOSES"
"7383","ACAO JUDICIAL (EXCLUSIVO ALMOX. 450 E 495) SALMETEROL,XIN. 50MCG + FLUTICASONA250MCG, DISCO 60 DOSES"
"7384","ACAO JUDICIAL (EXCLUSIVO ALMOX. 450 E 495) SALMETROL, XIN. 25MCG+ FLUTICASONA125MCG, SPRAY 120 DOSES"
"7385","ACAO JUDICIAL (EXCLUSIVO ALMOX. 450 E 495) SENE + CASSIA + TAMARINDO + COENTRO +ALCACUZ, GELEIA"
"7386","ACAO JUDICIAL (EXCLUSIVO ALMOX. 450 E 495) SENE240MG+CASSIA+TAMARINDUS+CORIANDRUM"
"7387","ACAO JUDICIAL (EXCLUSIVO ALMOX. 450 E 495) SENE 400MG + TAMARINDO + ALCACUZ"
"7388","ACAO JUDICIAL (EXCLUSIVO ALMOX. 450 E 495) SERTRALINA, CLORIDATO 75MG"
"7389","ACAO JUDICIAL (EXCLUSIVO ALMOX. 450 E 495) SERTRALINA, CLORIDRATO 50MG"
"7390","ACAO JUDICIAL (EXCLUSIVO ALMOX. 450 E 495) SHAMPOO COALTAR 40MG/ML"
"7391","ACAO JUDICIAL (EXCLUSIVO ALMOX. 450 E 495) SIBUTRAMINA, CLORIDRATO 15MG"
"7392","ACAO JUDICIAL (EXCLUSIVO ALMOX. 450 E 495) SILDENAFIL 25MG"
"7393","ACAO JUDICIAL (EXCLUSIVO ALMOX. 450 E 495) SIMETICONA 125 MG, CAPSULA"
"7394","ACAO JUDICIAL (EXCLUSIVO ALMOX. 450 E 495) SINVASTINA 20MG + ACIDO ACETIL SALICILICO100MG"
"7395","ACAO JUDICIAL (EXCLUSIVO ALMOX. 450 E 495) SODICO, VALPROATO + VALPROICO, ACIDO 300MG, LIBERACAO LENTA"
"7396","ACAO JUDICIAL (EXCLUSIVO ALMOX. 450 E 495) SODIO, PICOSSULFITO 7,5MG"
"7397","ACAO JUDICIAL (EXCLUSIVO ALMOX. 450 E 495) SORBITOL 4,64G + LAURILSULFATO DE SODIO0,05G"
"7398","ACAO JUDICIAL (EXCLUSIVO ALMOX. 450 E 495) SOTALOL 160 MG"
"7399","ACAO JUDICIAL (EXCLUSIVO ALMOX. 450 E 495) SOTALOL, CLORIDRATO 120MG"
"7400","ACAO JUDICIAL (EXCLUSIVO ALMOX. 450 E 495) SUCRALFATO 1G"
"7401","ACAO JUDICIAL (EXCLUSIVO ALMOX. 450 E 495) SULPIRIDA 50MG"
"7402","ACAO JUDICIAL (EXCLUSIVO ALMOX. 450 E 495) SUMATRIPTANO 50 MG"
"7403","ACAO JUDICIAL (EXCLUSIVO ALMOX. 450 E 495) TACROLIMO 0,3MG POMADA"
"7404","ACAO JUDICIAL (EXCLUSIVO ALMOX. 450 E 495) TACROLIMO 1 MG"
"7405","ACAO JUDICIAL (EXCLUSIVO ALMOX. 450 E 495) TANSULOSINA, CLORIDRATO 0,4MG"
"7406","ACAO JUDICIAL (EXCLUSIVO ALMOX. 450 E 495) TEGASERADE 6MG"
"7407","ACAO JUDICIAL (EXCLUSIVO ALMOX. 450 E 495) TEICOPLANINA 400MG"
"7408","ACAO JUDICIAL (EXCLUSIVO ALMOX. 450 E 495) TELMISARTAM 80 MG"
"7409","ACAO JUDICIAL (EXCLUSIVO ALMOX. 450 E 495) TELMISARTAM 80MG+HIDROCLOROTIAZIDA12,5MG"
"7410","ACAO JUDICIAL (EXCLUSIVO ALMOX. 450 E 495) TELMISARTAN 40 MG"
"7411","ACAO JUDICIAL (EXCLUSIVO ALMOX. 450 E 495) TEMOZOLOMIDA 250 MG, CAPSULA"
"7412","ACAO JUDICIAL (EXCLUSIVO ALMOX. 450 E 495) TEOFILINA 200 MG"
"7413","ACAO JUDICIAL (EXCLUSIVO ALMOX. 450 E 495) TERIPARATIDA 250MCG/ML, CANETA INJETORA,"
"7414",""
"7415","2,4ML"
"7416","ACAO JUDICIAL (EXCLUSIVO ALMOX. 450 E 495) TIAMAZOL 5MG"
"7417","ACAO JUDICIAL (EXCLUSIVO ALMOX. 450 E 495) TIAMINA 5000 + CIANOCOBOLAMINA +"
"7418",""
"7419","PIRODOXINA"
"7420","ACAO JUDICIAL (EXCLUSIVO ALMOX. 450 E 495) TIAMINA, NITRATO+PIRIDOXINA,"
"7421",""
"7422","CLORIDRATO+CIANOCOBALAMINA"
"7423","ACAO JUDICIAL (EXCLUSIVO ALMOX. 450 E 495) TIBOLONA 2,5 MG"
"7424","ACAO JUDICIAL (EXCLUSIVO ALMOX. 450 E 495) TIORIDAZINA, CLORIDRATO 50MG"
"7425","ACAO JUDICIAL (EXCLUSIVO ALMOX. 450 E 495) TIORIDAZINA,CLORIDRATO 200MG"
"7426","ACAO JUDICIAL (EXCLUSIVO ALMOX. 450 E 495) TIZANIDINA 2 MG"
"7427","ACAO JUDICIAL (EXCLUSIVO ALMOX. 450 E 495) TOCOFEROL, ACETATO (VITAMINA E) 400MG"
"7428","ACAO JUDICIAL (EXCLUSIVO ALMOX. 450 E 495) TOLTERODINA,TARTARATO 4MG LA"
"7429","ACAO JUDICIAL (EXCLUSIVO ALMOX. 450 E 495) TRAMADOL 37,5MG + PARACETAMOL 325MG"
"7430","ACAO JUDICIAL (EXCLUSIVO ALMOX. 450 E 495) TRANEXAMICO, ACIDO 250MG"
"7431","ACAO JUDICIAL (EXCLUSIVO ALMOX. 450 E 495) TRASTUZUMABE 440MG (HERCEPTIN), AMPOLA"
"7432",""
"7433","20 ML"
"7434","ACAO JUDICIAL (EXCLUSIVO ALMOX. 450 E 495) TRAZODONA, CLORIDRATO 100MG"
"7435",""
"7436","(COMPRIMIDO REVESTIDO)"
"7437","ACAO JUDICIAL (EXCLUSIVO ALMOX. 450 E 495) TRAZODONA,CLORIDRATO 50MG"
"7438","ACAO JUDICIAL (EXCLUSIVO ALMOX. 450 E 495) TRIANCINOLONA, ACETONIDO 55 MG/DOSE"
"7439",""
"7440","16,5ML 120 DOSES, SPRAY"
"7441","ACAO JUDICIAL (EXCLUSIVO ALMOX. 450 E 495)"
"7442",""
"7443","TRIANCINOLONA1MG+NEOMICINA2,5MG+GRAMICIDINA+NISTATINA,CR30G"
"7444","ACAO JUDICIAL (EXCLUSIVO ALMOX. 450 E 495) TRIENTINE HYDROCLORIDE 250MG - CAPSULA"
"7445","ACAO JUDICIAL (EXCLUSIVO ALMOX. 450 E 495) TRIEXIFENIDIL, CLORIDRATO 2MG"
"7446","ACAO JUDICIAL (EXCLUSIVO ALMOX. 450 E 495) TRIEXIFENIDIL, CLORIDRATO 5MG"
"7447","ACAO JUDICIAL (EXCLUSIVO ALMOX. 450 E 495) TROSPIUM CHLORIDE 20 MG"
"7448","ACAO JUDICIAL (EXCLUSIVO ALMOX. 450 E 495) URSODESOXICILICO, ACIDO 300MG,"
"7449",""
"7450","COMPRIMIDO"
"7451","ACAO JUDICIAL (EXCLUSIVO ALMOX. 450 E 495) VALACICLOVIR, CLORIDRATO 500MG"
"7452","ACAO JUDICIAL (EXCLUSIVO ALMOX. 450 E 495) VALERIANA OFFICINALIS 100MG, EXTRATO SEC -"
"7453",""
"7454","MANIPULADO"
"7455","ACAO JUDICIAL (EXCLUSIVO ALMOX. 450 E 495) VALERIANA OFFICINALIS 50MG, EXTRATO SECO"
"7456","ACAO JUDICIAL (EXCLUSIVO ALMOX. 450 E 495) VALGANCICLOVIR, CLORIDRATO 450 MG"
"7457","ACAO JUDICIAL (EXCLUSIVO ALMOX. 450 E 495) VALSARTAN 160 MG"
"7458","ACAO JUDICIAL (EXCLUSIVO ALMOX. 450 E 495) VALSARTAN 160MG+HIDROCLOROTIAZIDA"
"7459",""
"7460","12,5MG (COMP.REVESTIDO)"
"7461","ACAO JUDICIAL (EXCLUSIVO ALMOX. 450 E 495) VALSARTAN 320MG"
"7462","ACAO JUDICIAL (EXCLUSIVO ALMOX. 450 E 495) VALSARTAN 80 MG"
"7463","ACAO JUDICIAL (EXCLUSIVO ALMOX. 450 E 495) VALSARTAN 80MG + HIDROCLOROTIAZIDA"
"7464",""
"7465","12,5MG"
"7466","ACAO JUDICIAL (EXCLUSIVO ALMOX. 450 E 495) VALSARTAN 80MG+ANLODIPINO 5MG"
"7467","ACAO JUDICIAL (EXCLUSIVO ALMOX. 450 E 495) VALSARTANA 160 MG + ANLODIPINO 5 MG"
"7468","ACAO JUDICIAL (EXCLUSIVO ALMOX. 450 E 495) VARFARINA SODICA CRISTALINA  2,5 MG"
"7469","ACAO JUDICIAL (EXCLUSIVO ALMOX. 450 E 495) VENLAFAXINA 150 MG, LIBERAÇÃO"
"7470",""
"7471","CONTROLADA"
"7472",""
"7473","ACAO JUDICIAL (EXCLUSIVO ALMOX. 450 E 495) VENLAFAXINA 75 MG"
"7474",""
"7475",""
"7476","ACAO JUDICIAL (EXCLUSIVO ALMOX. 450 E 495) VENLAFAXINA 75 MG, LIBERAÇÃO CONTROLADA"
"7477",""
"7478","ACAO JUDICIAL (EXCLUSIVO ALMOX. 450 E 495) VERAPAMIL 240 MG"
"7479","ACAO JUDICIAL (EXCLUSIVO ALMOX. 450 E 495) VERAPAMIL, CLORIDRATO 120 MG"
"7480","ACAO JUDICIAL (EXCLUSIVO ALMOX. 450 E 495) VIMPOCETINA 5MG"
"7481","ACAO JUDICIAL (EXCLUSIVO ALMOX. 450 E 495) VITAMINA B2 50 MG-MANIPULADO"
"7482","ACAO JUDICIAL (EXCLUSIVO ALMOX. 450 E 495) ZOLPIDEM 10 MG"
"7483","ACAO JUDICIAL (EXCLUSIVO ALMOX. 450 E 495) ZOPICLONA  7,5 MG"
"7484","ACAO JUDICIAL (EXCLUSIVO ALMOX.450 E 495)  INSULINA DEGLUDECA 100UI/ML, SIST. APLIC."
"7485",""
"7486","3ML (FLEXTOUCH)"
"7487","ACAO JUDICIAL (EXCLUSIVO ALMOX.450 E 495)  RUFINAMIDE200MG"
"7488","ACAO JUDICIAL (EXCLUSIVO ALMOX.450 E 495) 5-HIDROXITRIPTOFANO 150 MG-MANIPULADO"
"7489","ACAO JUDICIAL (EXCLUSIVO ALMOX.450 E 495) ABIRATERONA, ACETATO 250MG"
"7490","ACAO JUDICIAL (EXCLUSIVO ALMOX.450 E 495) ACARBOSE 100MG COMPRIMIDO"
"7491","ACAO JUDICIAL (EXCLUSIVO ALMOX.450 E 495) ACECLOFENACO 15MG/G CREME 30G"
"7492","ACAO JUDICIAL (EXCLUSIVO ALMOX.450 E 495) ACIDO ACETIL SALICILICO 100MG-AAS PROTECT"
"7493","ACAO JUDICIAL (EXCLUSIVO ALMOX.450 E 495) ACIDO ASCORBICO 1GR. - CEWIN"
"7494","ACAO JUDICIAL (EXCLUSIVO ALMOX.450 E 495) ACIDO FÎLICO 800MGG+ACETATO DE"
"7495",""
"7496","RACEALFATOCOFEROL 20MG-ENVID"
"7497","ACAO JUDICIAL (EXCLUSIVO ALMOX.450 E 495) ACIDO FUSIDICO 20MG+VALERATO DE"
"7498",""
"7499","BETAMETASONA 1MG"
"7500","ACAO JUDICIAL (EXCLUSIVO ALMOX.450 E 495) ACIDO VALPROICO 500MG - DEPAKENE"
"7501","ACAO JUDICIAL (EXCLUSIVO ALMOX.450 E 495) AFLIBERCEPTE 40MG/ML FRASCO 0,278ML"
"7502","ACAO JUDICIAL (EXCLUSIVO ALMOX.450 E 495) AGOMELATINA 25MG"
"7503","ACAO JUDICIAL (EXCLUSIVO ALMOX.450 E 495) ALCAFTADINA 0,25% COLIRIO - 3ML FRASCO"
"7504","ACAO JUDICIAL (EXCLUSIVO ALMOX.450 E 495) ALEMTUZUMAB 10MG/ML FR 1,2ML"
"7505","ACAO JUDICIAL (EXCLUSIVO ALMOX.450 E 495) ALFA GALACTOSIDASE 2G"
"7506","ACAO JUDICIAL (EXCLUSIVO ALMOX.450 E 495) ALPRAZOLAM 2 MG - MEDLEY"
"7507","ACAO JUDICIAL (EXCLUSIVO ALMOX.450 E 495) ALPRAZOLAM 2MG LIBERACAO LENTA"
"7508","ACAO JUDICIAL (EXCLUSIVO ALMOX.450 E 495) ALPRAZOLAN 2MG - FRONTAL"
"7509","ACAO JUDICIAL (EXCLUSIVO ALMOX.450 E 495) AMBROXOL 6MG/ML XAROPE 120ML -"
"7510",""
"7511","AMBROXMEL"
"7512","ACAO JUDICIAL (EXCLUSIVO ALMOX.450 E 495) AMITRIPTILINA, CLORIDRATO 10MG (CONT. C1)"
"7513","ACAO JUDICIAL (EXCLUSIVO ALMOX.450 E 495) AMOXICILINA 875MG + SULBACTAM 125MG"
"7514",""
"7515","COMPRIMIDO"
"7516","ACAO JUDICIAL (EXCLUSIVO ALMOX.450 E 495) ANLODIPINO, BESILATO 5MG - PRESSAT"
"7517","ACAO JUDICIAL (EXCLUSIVO ALMOX.450 E 495) ANLODIPINO, BESILATO 5MG + LOSARTANA"
"7518",""
"7519","POTASSICA 50MG"
"7520","ACAO JUDICIAL (EXCLUSIVO ALMOX.450 E 495) ANLODIPINO,BESILATO"
"7521",""
"7522","5MG+BENAZEPRIL,CLORIDRATO 20MG,COMPRIMID"
"7523","ACAO JUDICIAL (EXCLUSIVO ALMOX.450 E 495) ANLOPIDINO,BESILATO"
"7524",""
"7525","2,5MG+BENAZEPRIL,CLORIDRATO 10MG"
"7526","ACAO JUDICIAL (EXCLUSIVO ALMOX.450 E 495) APIXABANA 2,5MG"
"7527","ACAO JUDICIAL (EXCLUSIVO ALMOX.450 E 495) APIXABANA 5MG"
"7528","ACAO JUDICIAL (EXCLUSIVO ALMOX.450 E 495) ARIPIPRAZOL 10MG-ARISTAB"
"7529","ACAO JUDICIAL (EXCLUSIVO ALMOX.450 E 495) ARIPIPRAZOL 20MG"
"7530","ACAO JUDICIAL (EXCLUSIVO ALMOX.450 E 495) ARIPIPRAZOL 30 MG"
"7531","ACAO JUDICIAL (EXCLUSIVO ALMOX.450 E 495) ATORVASTATINA 40 MG - LIPITOR"
"7532","ACAO JUDICIAL (EXCLUSIVO ALMOX.450 E 495) AZTREONAM PARA INALAÐAO 75MG-KIT COM 84"
"7533",""
"7534","FRASCOS"
"7535","ACAO JUDICIAL (EXCLUSIVO ALMOX.450 E 495) AZULENO 0,05% + ALFA-LISABOLOL 2%, LOCAO,"
"7536",""
"7537","500 ML-MANIPULADO"
"7538","ACAO JUDICIAL (EXCLUSIVO ALMOX.450 E 495) BACLOFENO 10MG"
"7539","ACAO JUDICIAL (EXCLUSIVO ALMOX.450 E 495) BECLOMETASONA 100 MCG + FORMOTEROL 6"
"7540",""
"7541","MCG, AEROSSOL"
"7542","ACAO JUDICIAL (EXCLUSIVO ALMOX.450 E 495) BECLOMETASONA, DIPROPIONATO 400MCG/ML,"
"7543",""
"7544","FLACONETES 2ML"
"7545","ACAO JUDICIAL (EXCLUSIVO ALMOX.450 E 495)"
"7546",""
"7547","BECLOMETASONA,DIPROPIONATO+SALBUTAMOL,SULFATO 400+800 MCG/ML"
"7548","ACAO JUDICIAL (EXCLUSIVO ALMOX.450 E 495) BELIMUMABE 120MG"
"7549","ACAO JUDICIAL (EXCLUSIVO ALMOX.450 E 495) BELIMUMABE 400 MG, FRASCO/AMPOLA"
"7550","ACAO JUDICIAL (EXCLUSIVO ALMOX.450 E 495) BENAZEPRIL 10MG + ANLODIPINO 5MG"
"7551","ACAO JUDICIAL (EXCLUSIVO ALMOX.450 E 495) BENFOTIAMINA 150MG"
"7552","ACAO JUDICIAL (EXCLUSIVO ALMOX.450 E 495) BETA CAROTENO 40.000 UI-MANIPULADO"
"7553","ACAO JUDICIAL (EXCLUSIVO ALMOX.450 E 495) BETAMETASONA, DIPROP. 0,64MG +"
"7554",""
"7555","GENTAMICINA, SULF. 1MG CREME"
"7556","ACAO JUDICIAL (EXCLUSIVO ALMOX.450 E 495) BILASTINA 20MG"
"7557","ACAO JUDICIAL (EXCLUSIVO ALMOX.450 E 495) BIMATOPROST 0,01% (0,1 MG/ML), 3 ML"
"7558","ACAO JUDICIAL (EXCLUSIVO ALMOX.450 E 495) BIMATOPROST 0,01% FRASCO 3ML - LUMIGAN"
"7559",""
"7560","RC"
"7561","ACAO JUDICIAL (EXCLUSIVO ALMOX.450 E 495) BISOPROLOL, FUMARATO 10 MG, COMPRIMIDO"
"7562","ACAO JUDICIAL (EXCLUSIVO ALMOX.450 E 495) BISOPROLOL, FUMARATO 2,5 MG, COMPRIMIDO -"
"7563",""
"7564","CONCÇRDIO"
"7565","ACAO JUDICIAL (EXCLUSIVO ALMOX.450 E 495) BISOPROLOL,FUMARATO"
"7566",""
"7567","5MG+HIDROCLOROTIAZIDA 12,5MG, COMPRIMIDO"
"7568","ACAO JUDICIAL (EXCLUSIVO ALMOX.450 E 495) BRENTUXIMAB VEDOTIN 50MG"
"7569","ACAO JUDICIAL (EXCLUSIVO ALMOX.450 E 495) BRIMONIDINA, TARTARATO 0,10% COLIRIO 5ML"
"7570","ACAO JUDICIAL (EXCLUSIVO ALMOX.450 E 495) BRINZOLAMIDA 10MG/ML  + TIMOLOL 5MG/ML,"
"7571",""
"7572","FRASCO 5 ML"
"7573","ACAO JUDICIAL (EXCLUSIVO ALMOX.450 E 495) BROMAZEPAM 3MG - LEXOTAN"
"7574","ACAO JUDICIAL (EXCLUSIVO ALMOX.450 E 495) BROMEXINA, CLORIDRATO 2MG/ML, GOTAS,"
"7575",""
"7576","FRASCO 50 ML - BISOLVON"
"7577","ACAO JUDICIAL (EXCLUSIVO ALMOX.450 E 495) BUDESONIDA 50MCG/ DOSE AERO BUCAL 100"
"7578",""
"7579","DOSES"
"7580","ACAO JUDICIAL (EXCLUSIVO ALMOX.450 E 495) BUPROPIONA, CLORIDRATO 150MG - BUP"
"7581","ACAO JUDICIAL (EXCLUSIVO ALMOX.450 E 495) BUPROPIONA, CLORIDRATO 150MG LIBERACAO"
"7582",""
"7583","PROLONGADA - (DET)"
"7584","ACAO JUDICIAL (EXCLUSIVO ALMOX.450 E 495) BUPROPIONA, CLORIDRATO 300MG LIBERACAO"
"7585",""
"7586","PROLONGADA -"
"7587","ACAO JUDICIAL (EXCLUSIVO ALMOX.450 E 495) CABAZITAXEL 60 MG , FRASCO-AMPOLA 1,5 ML"
"7588","ACAO JUDICIAL (EXCLUSIVO ALMOX.450 E 495) CALCIO DE OSTRAS 1250MG+VIT D3 200UICP-"
"7589",""
"7590","NUTRICAL D"
"7591","ACAO JUDICIAL (EXCLUSIVO ALMOX.450 E 495) CALCIO, CARBONATO 500 MG + VITAMINA D"
"7592",""
"7593","1.200 UI-MANIPULADO"
"7594","ACAO JUDICIAL (EXCLUSIVO ALMOX.450 E 495) CALCIO, DOBESILATO 500 MG"
"7595","ACAO JUDICIAL (EXCLUSIVO ALMOX.450 E 495) CALCIO,CARBONATO 1250MG(EQ.500MG CA"
"7596",""
"7597","ELEMENTAR+VIT. D 400UI"
"7598","ACAO JUDICIAL (EXCLUSIVO ALMOX.450 E 495) CALCIO,CARBONATO 500MG+COLECALCIFEROL"
"7599",""
"7600","20 UI-REPOCAL D"
"7601","ACAO JUDICIAL (EXCLUSIVO ALMOX.450 E 495) CALCIO,CITRATO MALATO 250MG-VIT D"
"7602",""
"7603","5UG(200UI)+VIT K 45 UG"
"7604","ACAO JUDICIAL (EXCLUSIVO ALMOX.450 E 495) CALCIO,CITRATO MALATO 250MG+VITAMINA D3"
"7605",""
"7606","2,5MCG COMPRIMIDO"
"7607","ACAO JUDICIAL (EXCLUSIVO ALMOX.450 E 495) CALCIPOTRIOL 50MCG + DIPROPIONATO DE"
"7608",""
"7609","BETAMETASONA(DET)"
"7610","ACAO JUDICIAL (EXCLUSIVO ALMOX.450 E 495) CALCIPOTRIOL 50MCG+DIPROPIONATO DE"
"7611",""
"7612","BETAMETASONA0,5MG"
"7613","ACAO JUDICIAL (EXCLUSIVO ALMOX.450 E 495) CANABIDIOL (CBD) 15 - 19%, TUBO 10 G - RSHO."
"7614","ACAO JUDICIAL (EXCLUSIVO ALMOX.450 E 495) CANAGLIFLOZINA 300MG"
"7615","ACAO JUDICIAL (EXCLUSIVO ALMOX.450 E 495) CANAQUINUMABE 150MG"
"7616","ACAO JUDICIAL (EXCLUSIVO ALMOX.450 E 495) CANDESARTANA 16MG+FELODIPINO 5MG"
"7617","ACAO JUDICIAL (EXCLUSIVO ALMOX.450 E 495) CANDESARTANA CILEXETILA 16MG +"
"7618",""
"7619","FELODIPINO 2,5MG"
"7620","ACAO JUDICIAL (EXCLUSIVO ALMOX.450 E 495) CAPSAICINA 0,025% CREME"
"7621","ACAO JUDICIAL (EXCLUSIVO ALMOX.450 E 495) CARBOMERO 2MG/G GEL OFTALMICO 10G"
"7622","ACAO JUDICIAL (EXCLUSIVO ALMOX.450 E 495) CARBONATO DE CALCIO PÎ 2 G-MANIPULADO"
"7623","ACAO JUDICIAL (EXCLUSIVO ALMOX.450 E 495) CARBOXIMETILCELULOSE SODICA 5MG/ML +"
"7624",""
"7625","GLICERINA 9MG/ML (DET)"
"7626","ACAO JUDICIAL (EXCLUSIVO ALMOX.450 E 495) CARMELOSE DE SODIO 0,5% + GLICERINA 0,9%"
"7627",""
"7628","SOL.OFT. FLC. 0,4ML"
"7629","ACAO JUDICIAL (EXCLUSIVO ALMOX.450 E 495) CARMELOSE SODICA, SOLUCAO OFTALMICA,"
"7630",""
"7631","FRASCO 15 ML-PLENIGELL"
"7632","ACAO JUDICIAL (EXCLUSIVO ALMOX.450 E 495) CARNITINA 50 MG/ML, QSP, 100 ML-"
"7633",""
"7634","MANIPULADO"
"7635","ACAO JUDICIAL (EXCLUSIVO ALMOX.450 E 495) CARVEDILOL 1 MG/ML + SABOR FRUTAS, QSP, 50"
"7636",""
"7637","ML-MANIPULADO"
"7638","ACAO JUDICIAL (EXCLUSIVO ALMOX.450 E 495) CÇLCIO, CARBONATO 900MG + VIT. D 100UI -"
"7639",""
"7640","INELLARE"
"7641","ACAO JUDICIAL (EXCLUSIVO ALMOX.450 E 495) CEFADROXILA MONOIDRATADA 500 MG/ 5 ML,"
"7642",""
"7643","FRASCO 100 ML"
"7644","ACAO JUDICIAL (EXCLUSIVO ALMOX.450 E 495) CETOPROFENO 200MG"
"7645","ACAO JUDICIAL (EXCLUSIVO ALMOX.450 E 495)"
"7646",""
"7647","CETRIMIDA3,2MG/ML+HIDROXIPROPILCELULOSE0,1MG/ML,10ML-ARTELAC"
"7648","ACAO JUDICIAL (EXCLUSIVO ALMOX.450 E 495) CEVIMELINE 30 MG"
"7649","ACAO JUDICIAL (EXCLUSIVO ALMOX.450 E 495) ÇGUA BORICADA 3%, SOLUCAO TÎPICA, 100 ML"
"7650","ACAO JUDICIAL (EXCLUSIVO ALMOX.450 E 495) CICLESONIDA 50MCG/DOSE SUSP NASAL - 120"
"7651",""
"7652","DOSES"
"7653","ACAO JUDICIAL (EXCLUSIVO ALMOX.450 E 495) CICLOBENZAPRINA 10MG + CAFEINA 60MG"
"7654",""
"7655","COMPRIMIDO REVESTIDO"
"7656","ACAO JUDICIAL (EXCLUSIVO ALMOX.450 E 495) CICLOBENZAPRINA 5MG - MIOSAN"
"7657","ACAO JUDICIAL (EXCLUSIVO ALMOX.450 E 495) CIPROFLOXACINO, CLORIDRATO 3,5MG+"
"7658",""
"7659","DEXAMETASONA 1MG - 3,5G"
"7660","ACAO JUDICIAL (EXCLUSIVO ALMOX.450 E 495) CLOBETASOL 0,5MG/G CREME - PSOREX"
"7661","ACAO JUDICIAL (EXCLUSIVO ALMOX.450 E 495) CLOBETASOL, PROPIANATO 0,5MG/ML"
"7662",""
"7663","SHAMPOO 118ML"
"7664","ACAO JUDICIAL (EXCLUSIVO ALMOX.450 E 495) CLORETO DE COLINA 20MG + METIONINA 100MG"
"7665","ACAO JUDICIAL (EXCLUSIVO ALMOX.450 E 495) CLOZAPINA 100MG - LEPONEX"
"7666","ACAO JUDICIAL (EXCLUSIVO ALMOX.450 E 495) COALTAR 2,5%+ACIDO SALICILICO 3% +"
"7667",""
"7668","SHAMPOO, 300ML-MANIPULADO"
"7669","ACAO JUDICIAL (EXCLUSIVO ALMOX.450 E 495)"
"7670",""
"7671","CODEINA+CITALOPRAM+CICLOBENZAPRINA+MELOXICAM-MANIPULADO"
"7672","ACAO JUDICIAL (EXCLUSIVO ALMOX.450 E 495) COENZIMA Q 10 200 MG-MANIPULADO"
"7673","ACAO JUDICIAL (EXCLUSIVO ALMOX.450 E 495) COENZIMA Q10 300MG/5ML,SUSPENSAO"
"7674",""
"7675","ORAL,AROMATIZADA-MANIPULADO"
"7676","ACAO JUDICIAL (EXCLUSIVO ALMOX.450 E 495) COENZIMA Q10 500 MG-MANIPULADO"
"7677","ACAO JUDICIAL (EXCLUSIVO ALMOX.450 E 495) COLAGENO TIPO II 40MG, NAO"
"7678",""
"7679","DESNATURADO,UCII 40MG-MANIPULADO"
"7680","ACAO JUDICIAL (EXCLUSIVO ALMOX.450 E 495) COLECALCIFEROL (VIT D) 200UI D-FORT"
"7681","ACAO JUDICIAL (EXCLUSIVO ALMOX.450 E 495) COLECALCIFEROL 5.600 UI/ML, SOLUCAO ORAL,"
"7682",""
"7683","20 ML"
"7684","ACAO JUDICIAL (EXCLUSIVO ALMOX.450 E 495) COLECALCIFEROL 50.000 UI-MANIPULADO"
"7685","ACAO JUDICIAL (EXCLUSIVO ALMOX.450 E 495) COLECALCIFEROL 7000UI"
"7686","ACAO JUDICIAL (EXCLUSIVO ALMOX.450 E 495) CUMARINA 5MG/ML + HEPARINA SODICA"
"7687",""
"7688","50U/ML CREME 240ML"
"7689","ACAO JUDICIAL (EXCLUSIVO ALMOX.450 E 495) CURCUMA LONGA 250MG"
"7690","ACAO JUDICIAL (EXCLUSIVO ALMOX.450 E 495) CUTISANOL GEL"
"7691","ACAO JUDICIAL (EXCLUSIVO ALMOX.450 E 495) DABIGATRANA, ETEXILATO 150MG"
"7692","ACAO JUDICIAL (EXCLUSIVO ALMOX.450 E 495) DABIGATRANA, ETEXILATO 75 MG"
"7693","ACAO JUDICIAL (EXCLUSIVO ALMOX.450 E 495) DAPAGLIFLOZINA 10MG"
"7694","ACAO JUDICIAL (EXCLUSIVO ALMOX.450 E 495) DEFLAZACORTE 6MG - CALCORT"
"7695","ACAO JUDICIAL (EXCLUSIVO ALMOX.450 E 495) DENOSUMABE 60MG FRASCO/SERINGA 1ML"
"7696","ACAO JUDICIAL (EXCLUSIVO ALMOX.450 E 495)"
"7697",""
"7698","DESOGESTREL0,15MG+ETINILESTRADIOL0,20MG/ETINILESTRADIOL0,01"
"7699","ACAO JUDICIAL (EXCLUSIVO ALMOX.450 E 495) DESVENLAFAXINA SUCCINATO MONOIDRATADO"
"7700",""
"7701","100MG-PRISTIQ(DET.)"
"7702","ACAO JUDICIAL (EXCLUSIVO ALMOX.450 E 495) DESVENLAFAXINA, SUCCINATO MONOIDRATO"
"7703",""
"7704","100MG"
"7705","ACAO JUDICIAL (EXCLUSIVO ALMOX.450 E 495) DESVENLAFAXINA, SUCCINATO MONOIDRATO"
"7706",""
"7707","50MG"
"7708","ACAO JUDICIAL (EXCLUSIVO ALMOX.450 E 495) DEXAMETASONA,BASTAO 0,7MG-IMPLANTE"
"7709",""
"7710","BIODEG.USO OFTALM."
"7711","ACAO JUDICIAL (EXCLUSIVO ALMOX.450 E 495) DEXPANTENOL 50 MG, GEL OFTALMICO,"
"7712",""
"7713","BISNAGA 10 G"
"7714","ACAO JUDICIAL (EXCLUSIVO ALMOX.450 E 495) DIAZOXIDO 100MG"
"7715","ACAO JUDICIAL (EXCLUSIVO ALMOX.450 E 495) DIAZOXIDO 15MG/ML AMPOLA 20ML"
"7716","ACAO JUDICIAL (EXCLUSIVO ALMOX.450 E 495) DIENOGESTE 2MG"
"7717","ACAO JUDICIAL (EXCLUSIVO ALMOX.450 E 495) DIIDROERGOTAMINA 1MG + DIPORONA SODICA"
"7718",""
"7719","350MG + CAFEINA 100MG"
"7720","ACAO JUDICIAL (EXCLUSIVO ALMOX.450 E 495) DIOSMINA 450MG + HESPERIDINA 50MG -"
"7721",""
"7722","DAFLON"
"7723","ACAO JUDICIAL (EXCLUSIVO ALMOX.450 E 495) DIOSMINA 450MG + HESPERIDINA 50MG -"
"7724",""
"7725","DIOSMIN"
"7726","ACAO JUDICIAL (EXCLUSIVO ALMOX.450 E 495) DIOSMINA 900MG + HESPERIDINA 100MG SACHE"
"7727",""
"7728","5G"
"7729","ACAO JUDICIAL (EXCLUSIVO ALMOX.450 E 495) DIVALPROATO DE SODIO 125 MG,(CONTR. C1)"
"7730",""
"7731","DEPAKOTE SPRINKLE"
"7732","ACAO JUDICIAL (EXCLUSIVO ALMOX.450 E 495) DIVALPROATO DE SODIO 250 MG - DEPAKOTE"
"7733","ACAO JUDICIAL (EXCLUSIVO ALMOX.450 E 495) DIVALPROATO DE SODIO 250MG - DEPAKOTE ER"
"7734","ACAO JUDICIAL (EXCLUSIVO ALMOX.450 E 495) DIVALPROATO DE SODIO 500 MG - DEPAKOTE"
"7735","ACAO JUDICIAL (EXCLUSIVO ALMOX.450 E 495) DORZOLAMIDA 20 MG/ML + TIMOLOL 5,0"
"7736",""
"7737","MG/ML, 5ML - COSOPT"
"7738","ACAO JUDICIAL (EXCLUSIVO ALMOX.450 E 495) DOXAZOSINA 2MG + FINASTERIDA 5MG"
"7739","ACAO JUDICIAL (EXCLUSIVO ALMOX.450 E 495) DOXAZOSINA MESILATO 4MG LIBERACAO"
"7740",""
"7741","CONTROLADA"
"7742","ACAO JUDICIAL (EXCLUSIVO ALMOX.450 E 495) DOXAZOSINA, MESILATO 4MG LIBERAÇÃO"
"7743",""
"7744","CONTROLADA - CARDURAN XL"
"7745","ACAO JUDICIAL (EXCLUSIVO ALMOX.450 E 495) DOXORRUBICINA LIPOSSOMAL PEGUILADA"
"7746",""
"7747","2MG/ML 10ML"
"7748","ACAO JUDICIAL (EXCLUSIVO ALMOX.450 E 495) DROPROPIZINA 30MG GOTAS - GOTAS BINELLI"
"7749","ACAO JUDICIAL (EXCLUSIVO ALMOX.450 E 495) DULOXETINA, CLORIDRATO 30 MG (CONT. C1) -"
"7750",""
"7751","CYMBALTA"
"7752","ACAO JUDICIAL (EXCLUSIVO ALMOX.450 E 495) DULOXETINA,CLORIDRATO 60MG-CYMBALTA"
"7753","ACAO JUDICIAL (EXCLUSIVO ALMOX.450 E 495) DULOXETINA,CLORIDRATO 60MG-VELIJA"
"7754","ACAO JUDICIAL (EXCLUSIVO ALMOX.450 E 495) DUTASTERIDA 0,5MG + TANSULOSINA,"
"7755",""
"7756","CLORIDRATO 0,4MG CAPSULA"
"7757","ACAO JUDICIAL (EXCLUSIVO ALMOX.450 E 495) EBASTINA 1 MG/ML,  SOLUCAO ORAL, 60 ML"
"7758","ACAO JUDICIAL (EXCLUSIVO ALMOX.450 E 495) ELOSULFASE ALFA"
"7759","ACAO JUDICIAL (EXCLUSIVO ALMOX.450 E 495) ERIBULIN 0,44 MG/ML 2ML IV"
"7760","ACAO JUDICIAL (EXCLUSIVO ALMOX.450 E 495) ESCITALOPRAM, OXALATO 15 MG"
"7761","ACAO JUDICIAL (EXCLUSIVO ALMOX.450 E 495) ESCITALOPRAM, OXALATO 15 MG - EXODUS"
"7762","ACAO JUDICIAL (EXCLUSIVO ALMOX.450 E 495) ESCITALOPRAM, OXALATO 20 MG - EXODUS"
"7763","ACAO JUDICIAL (EXCLUSIVO ALMOX.450 E 495) ESCITALOPRAM, OXALATO 20 MG - RECONTER"
"7764","ACAO JUDICIAL (EXCLUSIVO ALMOX.450 E 495) ESCITALOPRAM, OXALATO 20 MG/ML, FRASCO"
"7765",""
"7766","15ML"
"7767","ACAO JUDICIAL (EXCLUSIVO ALMOX.450 E 495) ESCITALOPRAN, OXALATO 10 MG, COMPRIMIDO -"
"7768",""
"7769","EXODUS"
"7770","ACAO JUDICIAL (EXCLUSIVO ALMOX.450 E 495) ESCITALOPRAN, OXALATO 10MG - LEXAPRO"
"7771","ACAO JUDICIAL (EXCLUSIVO ALMOX.450 E 495) ESCITALOPRAN, OXALATO 10MG (CONT C1) -"
"7772",""
"7773","RECONTER"
"7774","ACAO JUDICIAL (EXCLUSIVO ALMOX.450 E 495) ESCITALOPRAN, OXALATO 20MG - LEXAPRO"
"7775","ACAO JUDICIAL (EXCLUSIVO ALMOX.450 E 495) ESOMEPRAZOL 20 MG + NAPROXENO 500 MG,"
"7776",""
"7777","COMPRIMIDO"
"7778","ACAO JUDICIAL (EXCLUSIVO ALMOX.450 E 495) ESTIRIPENTOL 250MG - DIACOMIT"
"7779","ACAO JUDICIAL (EXCLUSIVO ALMOX.450 E 495) ESTRADIOL 1MG/ML C/28 SACHÔS/1G -"
"7780",""
"7781","SANDRENA"
"7782","ACAO JUDICIAL (EXCLUSIVO ALMOX.450 E 495) ETONOGESTREL 11,7MG ETINILESTRADIOL"
"7783",""
"7784","2,7MG-ANEL VAGINAL"
"7785","ACAO JUDICIAL (EXCLUSIVO ALMOX.450 E 495) EVEROLIMO 2,5MG"
"7786","ACAO JUDICIAL (EXCLUSIVO ALMOX.450 E 495) EXTRATO DE CRANBERRY (VACCINIUM"
"7787",""
"7788","MACROCARPON)400MG-MANIPULADO"
"7789","ACAO JUDICIAL (EXCLUSIVO ALMOX.450 E 495) EXTRATO DE PINUS PINASTER 50MG"
"7790","ACAO JUDICIAL (EXCLUSIVO ALMOX.450 E 495) EXTRATO DE POLYPODIUM LEUCOTOMOS 100"
"7791",""
"7792","MG-MANIPULADO"
"7793","ACAO JUDICIAL (EXCLUSIVO ALMOX.450 E 495) FAMPRIDINA 10MG"
"7794","ACAO JUDICIAL (EXCLUSIVO ALMOX.450 E 495) FEBUXOSTATE 80MG"
"7795","ACAO JUDICIAL (EXCLUSIVO ALMOX.450 E 495) FENOFIBRATO 160MG"
"7796","ACAO JUDICIAL (EXCLUSIVO ALMOX.450 E 495) FENTANILA 16,8MG 42CM2 (100MCG/HORA)-"
"7797",""
"7798","ADESIVO TRANSDERMO"
"7799","ACAO JUDICIAL (EXCLUSIVO ALMOX.450 E 495) FERRO III, POLIMALTOSADO 50MG/ML,"
"7800",""
"7801","SOL.ORAL, FRASCO 20 A 30ML"
"7802","ACAO JUDICIAL (EXCLUSIVO ALMOX.450 E 495) FERRO QUELATO GLICINATO 150MG+ACIDO"
"7803",""
"7804","FOLICO 5MG"
"7805","ACAO JUDICIAL (EXCLUSIVO ALMOX.450 E 495) FERRO, POLIMALTOSADO 50MG/ML INJETAVEL"
"7806",""
"7807","I.M. 2ML - NORIPURUM"
"7808","ACAO JUDICIAL (EXCLUSIVO ALMOX.450 E 495) FLUNITRAZEPAM 1MG - ROHYPNOL"
"7809","ACAO JUDICIAL (EXCLUSIVO ALMOX.450 E 495) FLUOXETINA, CLORIDRATO 20MG - VEROTINA"
"7810","ACAO JUDICIAL (EXCLUSIVO ALMOX.450 E 495) FLUTICASONA 100MCG + VILANTEROL 25MCG,"
"7811",""
"7812","30 DOSES"
"7813","ACAO JUDICIAL (EXCLUSIVO ALMOX.450 E 495) FLUTICASONA, PROPIONATO 250 MCG, SPRAY"
"7814",""
"7815","ORAL, FRASCO 60 DOSES"
"7816","ACAO JUDICIAL (EXCLUSIVO ALMOX.450 E 495) FLUVOXAMINA 50MG"
"7817","ACAO JUDICIAL (EXCLUSIVO ALMOX.450 E 495) FORMOTEROL 6MCG + BUDESONIDA 200MCG -"
"7818",""
"7819","VANNAIR/INALAÐAO"
"7820","ACAO JUDICIAL (EXCLUSIVO ALMOX.450 E 495) FORMOTEROL, FUMARATO 12MCG CAPSULAS +"
"7821",""
"7822","INALADOR - FLUIR"
"7823","ACAO JUDICIAL (EXCLUSIVO ALMOX.450 E 495) FOSF.DE SODIO DIBASICO+FOSF.DE SODIO"
"7824",""
"7825","MONOBASICO-FLEET ENEMA"
"7826","ACAO JUDICIAL (EXCLUSIVO ALMOX.450 E 495) GEFITINIB 250MG"
"7827","ACAO JUDICIAL (EXCLUSIVO ALMOX.450 E 495) GLICLAZIDA 30MG AZUKON MR"
"7828","ACAO JUDICIAL (EXCLUSIVO ALMOX.450 E 495) GLICLAZIDA 60MG"
"7829","ACAO JUDICIAL (EXCLUSIVO ALMOX.450 E 495) GLICLAZIDA 60MG - DIAMICRON MR"
"7830","ACAO JUDICIAL (EXCLUSIVO ALMOX.450 E 495) GLICOSAMINA 1,5G+CONDROITINA 1,2G-"
"7831",""
"7832","ARTROLIVE"
"7833","ACAO JUDICIAL (EXCLUSIVO ALMOX.450 E 495) GLICOSAMINA 500MG + CONDROITINA 400MG -"
"7834",""
"7835","ARTROLIVE"
"7836","ACAO JUDICIAL (EXCLUSIVO ALMOX.450 E 495) GLICOSAMINA 500MG+CONDROITINA"
"7837",""
"7838","500MG+MELOXICAM15MG-MANIPULADO"
"7839","ACAO JUDICIAL (EXCLUSIVO ALMOX.450 E 495) GLICOSAMINA,SULFATO 1,5G +"
"7840",""
"7841","CONDROITINA,SULFATO 1,2G CONDROFL"
"7842","ACAO JUDICIAL (EXCLUSIVO ALMOX.450 E 495) GLICOSAMINA,SULFATO"
"7843",""
"7844","1,5G+CONDROITINA,SULFATO 1,2G-ARTICO"
"7845","ACAO JUDICIAL (EXCLUSIVO ALMOX.450 E 495)"
"7846",""
"7847","GLICOSAMINA+CONDROITINA+METILSULFONILMETANO (MSM)-MANIPULADO"
"7848","ACAO JUDICIAL (EXCLUSIVO ALMOX.450 E 495)"
"7849",""
"7850","GLICOSAMINA+DIACEREINA+CONDROITINA+PIROXICAM-MANIPULADO"
"7851","ACAO JUDICIAL (EXCLUSIVO ALMOX.450 E 495) GLIMEPIRIDA 2MG + CLORIDRATO DE"
"7852",""
"7853","METFORMINA 1.000MG"
"7854","ACAO JUDICIAL (EXCLUSIVO ALMOX.450 E 495) GLIMEPIRIDA 3MG"
"7855","ACAO JUDICIAL (EXCLUSIVO ALMOX.450 E 495) GLIMEPIRIDA 4MG + CLORIDRATO DE"
"7856",""
"7857","METFORMINA 1.000MG"
"7858",""
"7859","ACAO JUDICIAL (EXCLUSIVO ALMOX.450 E 495) GLYCINE MAX (ISOFLAVONA) 75 MG"
"7860",""
"7861","ACAO JUDICIAL (EXCLUSIVO ALMOX.450 E 495) HARPAGOPHYTUM PROCUMBENS 300 MG,"
"7862",""
"7863","COMPRIMIDO"
"7864","ACAO JUDICIAL (EXCLUSIVO ALMOX.450 E 495) HEDERA HELIX 7MG/ML - XAROPE"
"7865","ACAO JUDICIAL (EXCLUSIVO ALMOX.450 E 495) HIALURONATO DE SODIO 0,15% SOLUÇÃO"
"7866",""
"7867","OFTALMICA 10ML"
"7868","ACAO JUDICIAL (EXCLUSIVO ALMOX.450 E 495) HIALURONATO DE SODIO 1MG/ML-10ML-HYLO"
"7869",""
"7870","COMOD"
"7871","ACAO JUDICIAL (EXCLUSIVO ALMOX.450 E 495) HIALURONATO DE SODIO 2MG/ML - 10ML - HYLO"
"7872",""
"7873","GEL"
"7874","ACAO JUDICIAL (EXCLUSIVO ALMOX.450 E 495) HILANO G F - 20, 6 ML - SYNVISC ONE"
"7875","ACAO JUDICIAL (EXCLUSIVO ALMOX.450 E 495) HOMATROPINA,METILBROMETO 1,0MG +"
"7876",""
"7877","HIOSCIAMINA,BROMIDATO (DET)"
"7878","ACAO JUDICIAL (EXCLUSIVO ALMOX.450 E 495) HYPERICUM PERFORATUM 450MG"
"7879","ACAO JUDICIAL (EXCLUSIVO ALMOX.450 E 495) IBRUTINIB 140MG"
"7880","ACAO JUDICIAL (EXCLUSIVO ALMOX.450 E 495) ICATIBANTO 30MG/3ML SERINGA"
"7881","ACAO JUDICIAL (EXCLUSIVO ALMOX.450 E 495) IDEBENONA 450 MG-MANIPULADO"
"7882","ACAO JUDICIAL (EXCLUSIVO ALMOX.450 E 495) IMATINIB,MESILATO 400MG-GLIVEC"
"7883","ACAO JUDICIAL (EXCLUSIVO ALMOX.450 E 495) IMUNOGLOBULINA G L÷QUIDO A 10% FRASCO"
"7884",""
"7885","50ML (5 GRAMAS)"
"7886",""
"7887","ACAO JUDICIAL (EXCLUSIVO ALMOX.450 E 495) INDACATEROL, MALEATO 150MCG"
"7888",""
"7889","ACAO JUDICIAL (EXCLUSIVO ALMOX.450 E 495) INDACATEROL, MALEATO 300MCG CX 30 CAP."
"7890",""
"7891","INALATÎRIAS"
"7892","ACAO JUDICIAL (EXCLUSIVO ALMOX.450 E 495) INIBIDOR C1 ESTEREASE DERIVADO PLASMA"
"7893",""
"7894","500UI 10ML"
"7895","ACAO JUDICIAL (EXCLUSIVO ALMOX.450 E 495) INSULINA GLULISINA 100 UI/ML FRASCO 10ML"
"7896","ACAO JUDICIAL (EXCLUSIVO ALMOX.450 E 495) INSULINA GLULISINA 100UI/ML REFIL 3ML"
"7897","ACAO JUDICIAL (EXCLUSIVO ALMOX.450 E 495) INSULINA HUMANA NPH 100 UI/ML, REFIL 3 ML -"
"7898",""
"7899","NOVOLIN N"
"7900","ACAO JUDICIAL (EXCLUSIVO ALMOX.450 E 495) INSULINA LISPRO 100UI/ML,CANETA DESCART."
"7901",""
"7902","3ML-HUMALOG KWIKPEN"
"7903","ACAO JUDICIAL (EXCLUSIVO ALMOX.450 E 495) INSULINA LISPRO 50 UI + LISPRO PROTAMINA 50"
"7904",""
"7905","UI, REFIL 3 ML"
"7906","ACAO JUDICIAL (EXCLUSIVO ALMOX.450 E 495) IPILIMUMABE 50MG (5MG/ML), SOLUCAO"
"7907",""
"7908","INJETAVEL 10ML"
"7909","ACAO JUDICIAL (EXCLUSIVO ALMOX.450 E 495) IRBESARTANA 300MG + HIDROCLOROTIAZIDA"
"7910",""
"7911","12,5MG"
"7912","ACAO JUDICIAL (EXCLUSIVO ALMOX.450 E 495) IVABRADINA, CLORIDRATO 5MG"
"7913","ACAO JUDICIAL (EXCLUSIVO ALMOX.450 E 495) IVABRADINA, CLORIDRATO 7,5MG (CX C/28)"
"7914",""
"7915","COMPRIMIDO REVESTIDO"
"7916","ACAO JUDICIAL (EXCLUSIVO ALMOX.450 E 495) L-CARNITINA 200 MG/ML, 1.000 ML-"
"7917",""
"7918","MANIPULADO"
"7919","ACAO JUDICIAL (EXCLUSIVO ALMOX.450 E 495) LACOSAMIDA 100MG"
"7920","ACAO JUDICIAL (EXCLUSIVO ALMOX.450 E 495) LACOSAMIDA 200 MG, COMPRIMIDO"
"7921","ACAO JUDICIAL (EXCLUSIVO ALMOX.450 E 495) LACTASE 10.000 FCC, ENVELOPE OU TABLETESDISPERSIVEIS"
"7922","ACAO JUDICIAL (EXCLUSIVO ALMOX.450 E 495) LACTATO DE CALCIO + FOSFATO DE CALCIO(DETALHADA)"
"7923","ACAO JUDICIAL (EXCLUSIVO ALMOX.450 E 495) LACTOBACILLUS ACIDOPHILUS +BIFIDOBACTERIUM LACTIS, SACHE 2G"
"7924","ACAO JUDICIAL (EXCLUSIVO ALMOX.450 E 495) LACTOBACILLUS ACIDOPHILUS 55MG"
"7925","ACAO JUDICIAL (EXCLUSIVO ALMOX.450 E 495) LAMOTRIGINA 100MG - LAMITOR"
"7926","ACAO JUDICIAL (EXCLUSIVO ALMOX.450 E 495) LAMOTRIGINA 100MG DISPERSIVEL"
"7927","ACAO JUDICIAL (EXCLUSIVO ALMOX.450 E 495) LAMOTRIGINA 200MG DISPERSIVEL"
"7928","ACAO JUDICIAL (EXCLUSIVO ALMOX.450 E 495) LANOLINA30%+TCM10%+D-PANTENOL10%+LANETE QSP 200ML-MANIPULADO"
"7929","ACAO JUDICIAL (EXCLUSIVO ALMOX.450 E 495) LANSOPRAZOL 15MG"
"7930","ACAO JUDICIAL (EXCLUSIVO ALMOX.450 E 495) LATANOPROST 0,005% + TIMOLOL 5MG FRASCO2,5ML - XALACOM"
"7931","ACAO JUDICIAL (EXCLUSIVO ALMOX.450 E 495) LATANOPROST 0,005% FRASCO 2,5ML -XALATAN"
"7932","ACAO JUDICIAL (EXCLUSIVO ALMOX.450 E 495) LENALIDOMIDE 25 MG"
"7933","ACAO JUDICIAL (EXCLUSIVO ALMOX.450 E 495) LEVANLODIPINO, BESILATO 2,5 MG,COMPRIMIDO"
"7934","ACAO JUDICIAL (EXCLUSIVO ALMOX.450 E 495) LEVANLODIPINO, BESILATO 5MG, COMPRIMIDO"
"7935","ACAO JUDICIAL (EXCLUSIVO ALMOX.450 E 495) LEVODOPA 100MG + BENSERAZIDA 25MG BD"
"7936","ACAO JUDICIAL (EXCLUSIVO ALMOX.450 E 495) LEVOTIROXINA SODICA 112MCG - SYNTHROID"
"7937","ACAO JUDICIAL (EXCLUSIVO ALMOX.450 E 495) LEVOTIROXINA SODICA 137MCG"
"7938","ACAO JUDICIAL (EXCLUSIVO ALMOX.450 E 495) LEVOTIROXINA SODICA 38 MCG"
"7939","ACAO JUDICIAL (EXCLUSIVO ALMOX.450 E 495) LINAGLIPTINA 2,5MG + METFORMINA 1.000 MG"
"7940","ACAO JUDICIAL (EXCLUSIVO ALMOX.450 E 495) LINAGLIPTINA 5MG"
"7941","ACAO JUDICIAL (EXCLUSIVO ALMOX.450 E 495) LIPASE 15.000 UI-MANIPULADO"
"7942","ACAO JUDICIAL (EXCLUSIVO ALMOX.450 E 495) LIRAGLUTIDA, 6MG/ML"
"7943","ACAO JUDICIAL (EXCLUSIVO ALMOX.450 E 495) LISDEXANFETAMINA, DIMESILATO 70MG"
"7944","ACAO JUDICIAL (EXCLUSIVO ALMOX.450 E 495) LISDEXANFETAMINA,DIMESILATO 30MG(CONTA3) CAPSULA GELATINOSA"
"7945","ACAO JUDICIAL (EXCLUSIVO ALMOX.450 E 495) LISDEXANFETAMINA,DIMESILATO 50MG(CONTA3)"
"7946","ACAO JUDICIAL (EXCLUSIVO ALMOX.450 E 495) LIXISENATIDA 20MCG"
"7947","ACAO JUDICIAL (EXCLUSIVO ALMOX.450 E 495) LOCAO LANETTE, 300 ML-MANIPULADO"
"7948","ACAO JUDICIAL (EXCLUSIVO ALMOX.450 E 495) LORNOXICAM 8MG"
"7949","ACAO JUDICIAL (EXCLUSIVO ALMOX.450 E 495) LOSARTANA 100MG + HIDROCLOTIAZIDA 25MG -ARADOIS H"
"7950","ACAO JUDICIAL (EXCLUSIVO ALMOX.450 E 495) LOTEPREDNOL FRASCO 2MG/ML FRASCO 5ML(BAUSCH & LOMB)"
"7951","ACAO JUDICIAL (EXCLUSIVO ALMOX.450 E 495) LUTEINA 10MG"
"7952","ACAO JUDICIAL (EXCLUSIVO ALMOX.450 E 495) MAGNESIO QUELADO 500 MG-MANIPULADO"
"7953","ACAO JUDICIAL (EXCLUSIVO ALMOX.450 E 495) MAGNÓSIO,GLICINATO722,2MG+PIRIDOXINA,CLORIDRATO 1MG(VIT.B6)"
"7954","ACAO JUDICIAL (EXCLUSIVO ALMOX.450 E 495) MEMANTINA, CLORIDRATO 10MG (CONTR.C1)-ZIDER"
"7955","ACAO JUDICIAL (EXCLUSIVO ALMOX.450 E 495) MESALAZINA 1200MG"
"7956","ACAO JUDICIAL (EXCLUSIVO ALMOX.450 E 495) MESALAZINA 800MG - MESACOL"
"7957","ACAO JUDICIAL (EXCLUSIVO ALMOX.450 E 495) MESALAZINA SACHE 2G GRANULOS DELIBERACAO PROLONGADA"
"7958","ACAO JUDICIAL (EXCLUSIVO ALMOX.450 E 495) METFORMINA 1G - GLIFAGE XR"
"7959","ACAO JUDICIAL (EXCLUSIVO ALMOX.450 E 495) METFORMINA 750MG - GLIFAGE XR"
"7960","ACAO JUDICIAL (EXCLUSIVO ALMOX.450 E 495) METFORMINA 850MG + LINAGLIPTINA 2,5MG"
"7961","ACAO JUDICIAL (EXCLUSIVO ALMOX.450 E 495) METILFENIDATO, CLORIDRATO LA 10MG"
"7962","ACAO JUDICIAL (EXCLUSIVO ALMOX.450 E 495) METILFENIDATO, CLORIDRATO LA 30MG (CONT."
"7963",""
"7964","A3)"
"7965","ACAO JUDICIAL (EXCLUSIVO ALMOX.450 E 495) METILPREDNISOLONA, ACEPONATO 1MG/G"
"7966",""
"7967","LOÐAO 20G"
"7968","ACAO JUDICIAL (EXCLUSIVO ALMOX.450 E 495) METOPROLOL 47,5MG + FELODIPINO 5MG"
"7969","ACAO JUDICIAL (EXCLUSIVO ALMOX.450 E 495) MIRTAZAPINA 15MG - REMERON SOLTAB"
"7970","ACAO JUDICIAL (EXCLUSIVO ALMOX.450 E 495) MIRTAZAPINA 45MG-REMERON SOLTAB (CONTR."
"7971",""
"7972","C1)"
"7973","ACAO JUDICIAL (EXCLUSIVO ALMOX.450 E 495) MOMETASONA, FUROATO 400MCG PÎ P/"
"7974",""
"7975","INALAÇÃO 30 CAP + INALADOR"
"7976","ACAO JUDICIAL (EXCLUSIVO ALMOX.450 E 495) NEPAFENACO 0,1% FRASCO 5ML SUSPENSAO"
"7977",""
"7978","OFTALMICA"
"7979","ACAO JUDICIAL (EXCLUSIVO ALMOX.450 E 495) NICERGOLINA 30MG"
"7980","ACAO JUDICIAL (EXCLUSIVO ALMOX.450 E 495) NILOTINIB 200MG"
"7981","ACAO JUDICIAL (EXCLUSIVO ALMOX.450 E 495) NIMESULIDA DISPERSIVEL 100MG -"
"7982",""
"7983","COMPRIMIDO"
"7984","ACAO JUDICIAL (EXCLUSIVO ALMOX.450 E 495) NORTRIPTILINA, CLORIDRATO 75 MG, CAPSULA -"
"7985",""
"7986","PAMELOR"
"7987","ACAO JUDICIAL (EXCLUSIVO ALMOX.450 E 495) OLANZAPINA 10MG - ZYPREXA"
"7988","ACAO JUDICIAL (EXCLUSIVO ALMOX.450 E 495) OLANZAPINA 5MG - ZYPREXA"
"7989","ACAO JUDICIAL (EXCLUSIVO ALMOX.450 E 495) OLEO DE CARTAMO 1000MG"
"7990","ACAO JUDICIAL (EXCLUSIVO ALMOX.450 E 495) OLEO DE LINHACA 1G"
"7991","ACAO JUDICIAL (EXCLUSIVO ALMOX.450 E 495) OLEOCOCO 1000MG"
"7992","ACAO JUDICIAL (EXCLUSIVO ALMOX.450 E 495) OLEODE PEIXE + OLEODE BORRAGEM + OLEODE"
"7993",""
"7994","LINHAÐA + VIT.E"
"7995","ACAO JUDICIAL (EXCLUSIVO ALMOX.450 E 495) OLEOMACAD.10%+MANT. KARITÔ5%+VIT.E"
"7996",""
"7997","1%+CREME 200G-MANIPULADO"
"7998","ACAO JUDICIAL (EXCLUSIVO ALMOX.450 E 495) OLMESARTANA MEDOXOMILA 40MG +"
"7999",""
"8000","ANLODIPINO 10MG"
"8001","ACAO JUDICIAL (EXCLUSIVO ALMOX.450 E 495) OLMESARTANA+HIDROCLOROTIAZIDA"
"8002",""
"8003","40/12,5MG-BENICAR HCT"
"8004","ACAO JUDICIAL (EXCLUSIVO ALMOX.450 E 495) OLODATEROL,CLORIDRATO 2,5MCG SOL INAL FR"
"8005",""
"8006","4ML+RESPIMAT-60PUFF"
"8007","ACAO JUDICIAL (EXCLUSIVO ALMOX.450 E 495) OMEGA 3 DHA 100MG EPA 200MG (CAPSULA"
"8008",""
"8009","GEL)"
"8010","ACAO JUDICIAL (EXCLUSIVO ALMOX.450 E 495) OXIBUTININA, CLORIDRATO 1MG/ML, SOL."
"8011",""
"8012","AQUOSA,100ML-MANIPULADO"
"8013","ACAO JUDICIAL (EXCLUSIVO ALMOX.450 E 495) OXICODONA,CLORIDRATO 10MG(CONT.A1) 10MG"
"8014","ACAO JUDICIAL (EXCLUSIVO ALMOX.450 E 495) OXIDO DE ZINCO 10%, POMADA, 60G-"
"8015",""
"8016","MANIPULADO"
"8017","ACAO JUDICIAL (EXCLUSIVO ALMOX.450 E 495) PALIPERIDONA 100MG SERINGA PREENCHIDA"
"8018",""
"8019","SUS. INJ. 1,0ML"
"8020","ACAO JUDICIAL (EXCLUSIVO ALMOX.450 E 495) PALIPERIDONA 150MG SERINGA PREENCHIDA"
"8021",""
"8022","SUS. INJ. 1,5ML"
"8023","ACAO JUDICIAL (EXCLUSIVO ALMOX.450 E 495) PALIPERIDONA 3MG"
"8024","ACAO JUDICIAL (EXCLUSIVO ALMOX.450 E 495) PALIPERIDONA 50MG SERINGA PREENCHIDA"
"8025",""
"8026","SUS.INJ.0,5ML"
"8027","ACAO JUDICIAL (EXCLUSIVO ALMOX.450 E 495) PALIPERIDONA 75MG SERINGA PREENCHIDA"
"8028",""
"8029","SUS.INJ.0,75ML"
"8030","ACAO JUDICIAL (EXCLUSIVO ALMOX.450 E 495) PANITUMUMABE 20 MG/ML, FRASCO/AMPOLA 5"
"8031",""
"8032","ML"
"8033","ACAO JUDICIAL (EXCLUSIVO ALMOX.450 E 495) PANTOPRAZOL MAGNÓSIO DI-HIDRATADO 40MG"
"8034","ACAO JUDICIAL (EXCLUSIVO ALMOX.450 E 495) PARACETAMOL 500MG + CODE÷NA 30MG -"
"8035",""
"8036","TYLEX (CONT. A2)"
"8037","ACAO JUDICIAL (EXCLUSIVO ALMOX.450 E 495) PARICALCITOL 5MCG/ML FRASCO 1ML"
"8038","ACAO JUDICIAL (EXCLUSIVO ALMOX.450 E 495) PAROXETINA 20MG - AROPAX (CONTR. C1)"
"8039","ACAO JUDICIAL (EXCLUSIVO ALMOX.450 E 495) PAROXETINA 20MG-MORATUS"
"8040","ACAO JUDICIAL (EXCLUSIVO ALMOX.450 E 495) PAROXETINA 30MG - PONDERA"
"8041","ACAO JUDICIAL (EXCLUSIVO ALMOX.450 E 495) PASSIFLORA INCARNATA L. 300MG"
"8042","ACAO JUDICIAL (EXCLUSIVO ALMOX.450 E 495) PAZOPANIBE, CLORIDRATO 200MG"
"8043","ACAO JUDICIAL (EXCLUSIVO ALMOX.450 E 495) PAZOPANIBE, CLORIDRATO 400MG"
"8044","ACAO JUDICIAL (EXCLUSIVO ALMOX.450 E 495) PEMETREXEDE 100MG"
"8045","ACAO JUDICIAL (EXCLUSIVO ALMOX.450 E 495) PERTUZUMABE 420MG(30MG/ML-AMPOLA"
"8046",""
"8047","14ML)"
"8048","ACAO JUDICIAL (EXCLUSIVO ALMOX.450 E 495) PITAVASTATINA 2MG"
"8049","ACAO JUDICIAL (EXCLUSIVO ALMOX.450 E 495) PIZOTIFENO 0,5MG"
"8050","ACAO JUDICIAL (EXCLUSIVO ALMOX.450 E 495) PLANTAGO OVATA FORSK 3,5G"
"8051","ACAO JUDICIAL (EXCLUSIVO ALMOX.450 E 495) PLERIXAFOR 20MG/ML SOLUCAO INJETAVEL"
"8052","ACAO JUDICIAL (EXCLUSIVO ALMOX.450 E 495) POLIETILENOGLICOL 4.000, 10 G-MANIPULADO"
"8053","ACAO JUDICIAL (EXCLUSIVO ALMOX.450 E 495) POLIVITAM÷NICO + MINERAIS - MAGSTRESS"
"8054","ACAO JUDICIAL (EXCLUSIVO ALMOX.450 E 495) POLIVITAM÷NICO + MINERAIS - SUPRADYN"
"8055",""
"8056","ATIVA"
"8057","ACAO JUDICIAL (EXCLUSIVO ALMOX.450 E 495) POLIVITAM÷NICO + POLIMINERAIS - MATERNA"
"8058","ACAO JUDICIAL (EXCLUSIVO ALMOX.450 E 495) POLIVITAMINICO + POLIMINERAIS C/LUTEINA -"
"8059",""
"8060","CENTRUM SELECT"
"8061","ACAO JUDICIAL (EXCLUSIVO ALMOX.450 E 495) POTASSIO, CITRATO 5 MEQ - LITOCIT"
"8062","ACAO JUDICIAL (EXCLUSIVO ALMOX.450 E 495) PRAMIPEXOL 0,375MG LIBERACAO"
"8063",""
"8064","CONTROLADA (CONTR. C1)"
"8065","ACAO JUDICIAL (EXCLUSIVO ALMOX.450 E 495) PRAMIPEXOL 0,75MG LIBERAÇÃO CONTROLADA"
"8066",""
"8067","(CONTR. C1)"
"8068","ACAO JUDICIAL (EXCLUSIVO ALMOX.450 E 495) PRAMIPEXOL 1,5MG LIBERACAO CONTROLADA"
"8069","ACAO JUDICIAL (EXCLUSIVO ALMOX.450 E 495) PRASUGREL, CLORIDRATO 10MG"
"8070","ACAO JUDICIAL (EXCLUSIVO ALMOX.450 E 495) PREDNICARBATO 2,5MG/G"
"8071","ACAO JUDICIAL (EXCLUSIVO ALMOX.450 E 495) PREGABALINA 150MG, LYRICA"
"8072","ACAO JUDICIAL (EXCLUSIVO ALMOX.450 E 495) PROGESTERONA 200MG"
"8073","ACAO JUDICIAL (EXCLUSIVO ALMOX.450 E 495) PROPILENGLICOL 3,0MG + PROPILENGLICOL 400"
"8074",""
"8075","4,0MG SOL. (DET)"
"8076","ACAO JUDICIAL (EXCLUSIVO ALMOX.450 E 495) PROTETOR SOLAR FPS 60, SEM PERFUME, 50 ML-"
"8077",""
"8078","MANIPULADO"
"8079","ACAO JUDICIAL (EXCLUSIVO ALMOX.450 E 495) PRUCALOPRIDA 1MG"
"8080","ACAO JUDICIAL (EXCLUSIVO ALMOX.450 E 495) PRUCALOPRIDA 2MG"
"8081","ACAO JUDICIAL (EXCLUSIVO ALMOX.450 E 495) QUETIAPINA, FUMARATO 100MG - SEROQUEL"
"8082","ACAO JUDICIAL (EXCLUSIVO ALMOX.450 E 495) QUETIAPINA, FUMARATO 200MG LIB"
"8083",""
"8084","PROLONGADA"
"8085","ACAO JUDICIAL (EXCLUSIVO ALMOX.450 E 495) QUETIAPINA, FUMARATO 200MG(CX. C/ 28CP)-"
"8086",""
"8087","SEROQUEL (CONTR.C1)"
"8088","ACAO JUDICIAL (EXCLUSIVO ALMOX.450 E 495) QUETIAPINA, FUMARATO 25MG - SEROQUEL (CX"
"8089",""
"8090","C/14CP)(CONTR.C1)"
"8091","ACAO JUDICIAL (EXCLUSIVO ALMOX.450 E 495) QUETIAPINA, FUMARATO 300MG"
"8092",""
"8093","(CX.28CPS.)(CONTR.C1)"
"8094","ACAO JUDICIAL (EXCLUSIVO ALMOX.450 E 495) QUETIAPINA, FUMARATO 300MG LIB."
"8095",""
"8096","PROLONGADA"
"8097","ACAO JUDICIAL (EXCLUSIVO ALMOX.450 E 495) QUETIAPINA,FUMARATO 200MG"
"8098",""
"8099","LIB.PROLONGADA-SEROQUEL XRO"
"8100","ACAO JUDICIAL (EXCLUSIVO ALMOX.450 E 495) QUETIAPINA,HEMIFUMARATO 25MG-QUETROS"
"8101","ACAO JUDICIAL (EXCLUSIVO ALMOX.450 E 495) RABEPRAZOL 20MG"
"8102","ACAO JUDICIAL (EXCLUSIVO ALMOX.450 E 495)RACEALFATOCOFEROL+COLECALCIFEROL+RETINOL, FRASCO 15ML"
"8103","ACAO JUDICIAL (EXCLUSIVO ALMOX.450 E 495) RAMIPRIL 5MG - NAPRIX"
"8104","ACAO JUDICIAL (EXCLUSIVO ALMOX.450 E 495) REGORAFENIB 40 MG"
"8105","ACAO JUDICIAL (EXCLUSIVO ALMOX.450 E 495) RHODIOLA ROSEA L. 400 MG"
"8106","ACAO JUDICIAL (EXCLUSIVO ALMOX.450 E 495) RISEDRONATO SODICO 150 MG, COMPRIMIDO"
"8107","ACAO JUDICIAL (EXCLUSIVO ALMOX.450 E 495) RISEDRONATO SODICO 35 MG, COMPRIMIDO-ACTONEL"
"8108","ACAO JUDICIAL (EXCLUSIVO ALMOX.450 E 495) RISPERIDONA 1MG - RISPERDAL (CONTR. C1)"
"8109","ACAO JUDICIAL (EXCLUSIVO ALMOX.450 E 495) RISPERIDONA 1MG/ML, 30ML - RISPERDAL"
"8110","ACAO JUDICIAL (EXCLUSIVO ALMOX.450 E 495) RISPERIDONA 50MG - RISPERDAL CONSTA(CONTR. C1)"
"8111","ACAO JUDICIAL (EXCLUSIVO ALMOX.450 E 495) RISPERIDONA GOTAS 1MG/ML 30ML - EMS"
"8112","ACAO JUDICIAL (EXCLUSIVO ALMOX.450 E 495) RIVAROXABAN 10MG"
"8113","ACAO JUDICIAL (EXCLUSIVO ALMOX.450 E 495) RIVAROXABAN 15MG"
"8114","ACAO JUDICIAL (EXCLUSIVO ALMOX.450 E 495) RIVAROXABAN 20 MG"
"8115","ACAO JUDICIAL (EXCLUSIVO ALMOX.450 E 495) RIVASTIGMINA 27MG/CM2 - PATCHES ADESIVOS"
"8116","ACAO JUDICIAL (EXCLUSIVO ALMOX.450 E 495) ROFLUMILASTE 500MCG"
"8117","ACAO JUDICIAL (EXCLUSIVO ALMOX.450 E 495) ROSUVASTATINA 20MG - CRESTOR"
"8118","ACAO JUDICIAL (EXCLUSIVO ALMOX.450 E 495) ROSUVASTATINA 40MG"
"8119","ACAO JUDICIAL (EXCLUSIVO ALMOX.450 E 495) ROSUVASTATINA 5MG"
"8120","ACAO JUDICIAL (EXCLUSIVO ALMOX.450 E 495) RUXOLITINIB 15MG"
"8121","ACAO JUDICIAL (EXCLUSIVO ALMOX.450 E 495) RUXOLITINIB 5MG"
"8122","ACAO JUDICIAL (EXCLUSIVO ALMOX.450 E 495) SACCHAROMYCES BOULARDII - 17 100MGCAPSULAS"
"8123","ACAO JUDICIAL (EXCLUSIVO ALMOX.450 E 495) SARGRAMOSTIM 500MCG/ML"
"8124","ACAO JUDICIAL (EXCLUSIVO ALMOX.450 E 495) SAXAGLIPTINA 2,5MG + METFORMINA 1000MG"
"8125","ACAO JUDICIAL (EXCLUSIVO ALMOX.450 E 495) SAXAGLIPTINA 5MG (CX C/ 28 COMP.)"
"8126","ACAO JUDICIAL (EXCLUSIVO ALMOX.450 E 495) SAXAGLIPTINA 5MG+METFORMINA 1000MG"
"8127","ACAO JUDICIAL (EXCLUSIVO ALMOX.450 E 495) SENA + CASSIA + TAMARINDUS + CARIANDRUM +ALCAÐUZ - TAMARINE"
"8128","ACAO JUDICIAL (EXCLUSIVO ALMOX.450 E 495) SERTRALINA, CLORIDRATO 50MG - ZOLOFT"
"8129","ACAO JUDICIAL (EXCLUSIVO ALMOX.450 E 495) SERTRALINA,CLORIDRATO 50MG-ASSERT(CONTR.C1)COMP.REVESTIDO"
"8130","ACAO JUDICIAL (EXCLUSIVO ALMOX.450 E 495) SILIMARINA 64MG/5ML - SUSPENSAO"
"8131","ACAO JUDICIAL (EXCLUSIVO ALMOX.450 E 495) SILIMARINA 70MG + DL-METIONINA 100MG"
"8132","ACAO JUDICIAL (EXCLUSIVO ALMOX.450 E 495) SILYBUM MARIANUM 100MG"
"8133","ACAO JUDICIAL (EXCLUSIVO ALMOX.450 E 495) SILYBUM MARIANUM 200MG"
"8134","ACAO JUDICIAL (EXCLUSIVO ALMOX.450 E 495) SODIO,CLORETO SOLUCAO 0,9% - 20ML"
"8135","ACAO JUDICIAL (EXCLUSIVO ALMOX.450 E 495) SOLIFENACINA, SUCCINATO 5MG"
"8136","ACAO JUDICIAL (EXCLUSIVO ALMOX.450 E 495) SOLIFENACINA, SUCCIONATO 10MG"
"8137","ACAO JUDICIAL (EXCLUSIVO ALMOX.450 E 495) SOMATOTROFINA 10MG - NORDITROPINNORDIFLEXX"
"8138","ACAO JUDICIAL (EXCLUSIVO ALMOX.450 E 495) SOMATOTROFINA 15MG - NORDITROPINNORDIFLEXX"
"8139","ACAO JUDICIAL (EXCLUSIVO ALMOX.450 E 495) SOMATOTROFINA 16UI (5,3MG) - GENOTROPINPEN"
"8140","ACAO JUDICIAL (EXCLUSIVO ALMOX.450 E 495) SUCRALFATO 200 MG/ML, FLACONETE 10 ML"
"8141","ACAO JUDICIAL (EXCLUSIVO ALMOX.450 E 495) SULTHIAME 200MG"
"8142","ACAO JUDICIAL (EXCLUSIVO ALMOX.450 E 495) TACROLIMUS 0,03%, SOLUCAO OFTALMICA, 10ML-MANIPULADO"
"8143","ACAO JUDICIAL (EXCLUSIVO ALMOX.450 E 495) TADALAFILA 5 MG"
"8144","ACAO JUDICIAL (EXCLUSIVO ALMOX.450 E 495) TANACETUM PARTHENIUM L.SCH.BIP.120MG"
"8145","ACAO JUDICIAL (EXCLUSIVO ALMOX.450 E 495) TANSULOSINA, CLORIDRATO 0,4MG LIBERACAOPROLONGADA"
"8146","ACAO JUDICIAL (EXCLUSIVO ALMOX.450 E 495) TELMISARTANA 80MG + ANLODIPINO 5MG"
"8147","ACAO JUDICIAL (EXCLUSIVO ALMOX.450 E 495) TELMISARTANA+HIDROCLOROTIAZIDA80/25MG"
"8148","ACAO JUDICIAL (EXCLUSIVO ALMOX.450 E 495) TEMOZOLOMIDA 100 MG, PÎ LIOFILIZADO,INJETAVEL"
"8149","ACAO JUDICIAL (EXCLUSIVO ALMOX.450 E 495) TEMOZOLOMIDA 140 MG, CAPSULA"
"8150","ACAO JUDICIAL (EXCLUSIVO ALMOX.450 E 495) TEMOZOLOMIDA 180 MG, CAPSULA"
"8151","ACAO JUDICIAL (EXCLUSIVO ALMOX.450 E 495) TEOFILINA 200MG-TEOLONG"
"8152","ACAO JUDICIAL (EXCLUSIVO ALMOX.450 E 495) TESTOSTERONA 2% SOLUCAO 30MG/1,5ML110ML"
"8153","ACAO JUDICIAL (EXCLUSIVO ALMOX.450 E 495) TESTOSTERONA, CIPIONATO 100 MG/ML -AMPOLA 2ML"
"8154","ACAO JUDICIAL (EXCLUSIVO ALMOX.450 E 495) TICAGRELOR 90MG"
"8155","ACAO JUDICIAL (EXCLUSIVO ALMOX.450 E 495) TOPIRAMATO 100MG - AMATO"
"8156","ACAO JUDICIAL (EXCLUSIVO ALMOX.450 E 495) TOPIRAMATO 50MG - AMATO (CONTR. C1)"
"8157","ACAO JUDICIAL (EXCLUSIVO ALMOX.450 E 495) TOPIRAMATO 50MG - EGIDE"
"8158","ACAO JUDICIAL (EXCLUSIVO ALMOX.450 E 495) TOXINA BOTULINICA TIPO A 200UI - BOTOX"
"8159","ACAO JUDICIAL (EXCLUSIVO ALMOX.450 E 495) TRAMADOL, CLORIDRATO 100MG RETARD(CONT. A2)"
"8160","ACAO JUDICIAL (EXCLUSIVO ALMOX.450 E 495) TRAMADOL, CLORIDRATO 5MG/ML"
"8161","ACAO JUDICIAL (EXCLUSIVO ALMOX.450 E 495) TRAMADOL+CICLOBENZAPRINA+PARACETAMOLMANIPULADO"
"8162","ACAO JUDICIAL (EXCLUSIVO ALMOX.450 E 495) TRASTUZUMAB ENTANSINA 100MG-KADCYLA"
"8163","ACAO JUDICIAL (EXCLUSIVO ALMOX.450 E 495) TRASTUZUMABE ENTANSINA 160MG"
"8164","ACAO JUDICIAL (EXCLUSIVO ALMOX.450 E 495) TRAVOPROST 0,004% - SOL.OFTALMICA -FRASCO 2,5ML TRAVATAN"
"8165","ACAO JUDICIAL (EXCLUSIVO ALMOX.450 E 495) TRIFOLIUM PRATENSE L. 100MG (COMPRIMIDOREVESTIDO)"
"8166","ACAO JUDICIAL (EXCLUSIVO ALMOX.450 E 495) UNOPROSTONA ISOPROPILICA 1,5ML/ML -RESCULA"
"8167","ACAO JUDICIAL (EXCLUSIVO ALMOX.450 E 495) UREIA+D-PANTENOL+SILICONE+CREME (NMF2)QSP 100G-MANIPULADO"
"8168","ACAO JUDICIAL (EXCLUSIVO ALMOX.450 E 495) UREIA+OLEODE AMENDOAS DOCE+OLEODEGIRASSOL,200G-MANIPULADO"
"8169","ACAO JUDICIAL (EXCLUSIVO ALMOX.450 E 495) USTEQUINUMABE 45 MG"
"8170","ACAO JUDICIAL (EXCLUSIVO ALMOX.450 E 495) VACINA IMUNOTERAPICA"
"8171","ACAO JUDICIAL (EXCLUSIVO ALMOX.450 E 495) VALSARTAN 160 MG - DIOVAN"
"8172","ACAO JUDICIAL (EXCLUSIVO ALMOX.450 E 495) VALSARTAN 160MG+HIDROCLOTIAZIDA12,5MG+ANLODIPINO 10MG"
"8173","ACAO JUDICIAL (EXCLUSIVO ALMOX.450 E 495) VALSARTAN 320MG - DIOVAN"
"8174","ACAO JUDICIAL (EXCLUSIVO ALMOX.450 E 495) VALSARTAN 320MG + HIDROCLOROTIAZIDA25MG"
"8175","ACAO JUDICIAL (EXCLUSIVO ALMOX.450 E 495) VALSARTAN 320MG+HIDROCLOROTIAZIDA25MG+ANLODIPINO 10MG"
"8176","ACAO JUDICIAL (EXCLUSIVO ALMOX.450 E 495) VALSARTAN 80MG - DIOVAN"
"8177","ACAO JUDICIAL (EXCLUSIVO ALMOX.450 E 495) VALSARTANA 160MG + HIDROCLOROTIAZIDA12,5MG-DIOVAN HCT"
"8178","ACAO JUDICIAL (EXCLUSIVO ALMOX.450 E 495) VANDETANIBE 300MG CP"
"8179","ACAO JUDICIAL (EXCLUSIVO ALMOX.450 E 495) VARFARINA SODICA 7,5MG"
"8180","ACAO JUDICIAL (EXCLUSIVO ALMOX.450 E 495) VEMURAFENIBE 240MG - COMPRIMIDOSREVESTIDOS"
"8181","ACAO JUDICIAL (EXCLUSIVO ALMOX.450 E 495) VENLAFAXINA 150 MG, CAPSULA - VENLAXIN"
"8182","ACAO JUDICIAL (EXCLUSIVO ALMOX.450 E 495) VENLAFAXINA 150MG LIBERAÇÃO CONTROLADA"
"8183",""
"8184","- ALENTHUS"
"8185","ACAO JUDICIAL (EXCLUSIVO ALMOX.450 E 495) VENLAFAXINA 75 MG LIBERAÇÃO CONTROLADA -"
"8186",""
"8187","EFEXOR XR"
"8188","ACAO JUDICIAL (EXCLUSIVO ALMOX.450 E 495) VENLAFAXINA 75 MG LIBERAÇÃO CONTROLADA-"
"8189",""
"8190","VENLIFT OD"
"8191","ACAO JUDICIAL (EXCLUSIVO ALMOX.450 E 495) VILDAGLIPTINA 50MG+METFORMINA 850MG -"
"8192",""
"8193","GALVUS MET"
"8194","ACAO JUDICIAL (EXCLUSIVO ALMOX.450 E 495) VISMODEGIB 150MG"
"8195","ACAO JUDICIAL (EXCLUSIVO ALMOX.450 E 495) VIT.C+VIT.E+BETA"
"8196",""
"8197","CAROT.+OX.ZINCO+OX.COBRE+LUTEINA-MANIPULADO"
"8198","ACAO JUDICIAL (EXCLUSIVO ALMOX.450 E 495) VITAMINA D3 1.000 UI, CAPSULA"
"8199","ACAO JUDICIAL (EXCLUSIVO ALMOX.450 E 495) VITAMINA D3 10.000 UI-MANIPULADO"
"8200","ACAO JUDICIAL (EXCLUSIVO ALMOX.450 E 495) VITAMINA D3 2000UI"
"8201","ACAO JUDICIAL (EXCLUSIVO ALMOX.450 E 495) VITAMINAS E MINERAIS - VITAMINERALS PLUS"
"8202","ACAO JUDICIAL (EXCLUSIVO ALMOX.450 E 495) VITAMINAS E MINERAIS-VITALUX PLUS OMEGA 3"
"8203","ACAO JUDICIAL (EXCLUSIVO ALMOX.450 E 495) VITIS VINIFERA L. 360MG"
"8204","ACAO JUDICIAL (EXCLUSIVO ALMOX.450 E 495) ZINCO+ÇGUA+GLICERINA+GELATINA,(PASTA"
"8205",""
"8206","UNNA),500ML-MANIPULADO"
"8207","ACAO JUDICIAL (EXCLUSIVO ALMOX.450 E 495) ZOLPIDEM 10 MG - LIORAM"
"8208","ACAO JUDICIAL (EXCLUSIVO ALMOX.450 E 495) ZOLPIDEM 10 MG - STILNOX"
"8209","ACAO JUDICIAL (EXCLUSIVO ALMOX.450 E 495) ZOLPIDEM 12,5MG LIBERACAO PROLONGADA"
"8210","ACAO JUDICIAL (EXCLUSIVO ALMOX.450 E 495) ZOLPIDEM 5MG SUBLINGUAL"
"8211","ACAO JUDICIAL (EXCLUSIVO ALMOX.450 E 495) ZOLPIDEN 6,25MG LIBERACAO PROLONGADA"
"8212",""
"8213","(COMPRIMIDO REVESTIDO)"
"8214","ACAO JUDICIAL (EXCLUSIVO ALMOX.450 E 495) ZUCLOPENTIXOL 10MG"
"8215","ACAO JUDICIAL (EXCLUSIVO ALMOX.450-495) SUPLEMENTO ALIMENTAR AREDS"
"8216","ACAO JUDICIAL (EXCLUSIVO ALMOX.450-495) SUPLEMENTO DE COBRE E ZINCO - DOIS"
"8217","ACAO JUDICIAL (EXCLUSIVO ALMOX.450/495) ACARBOSE 50MG"
"8218","ACAO JUDICIAL (EXCLUSIVO ALMOX.450/495) ACETADO DE FLUORMETOLONA 1MG/ML FRASCO"
"8219",""
"8220","5ML"
"8221","ACAO JUDICIAL (EXCLUSIVO ALMOX.450/495) ACETATO DE LEUPROLIDA 7 MG"
"8222","ACAO JUDICIAL (EXCLUSIVO ALMOX.450/495) ACIDO ACETILSALICILICO SOMALGIN CARDIO 200"
"8223",""
"8224","MG"
"8225","ACAO JUDICIAL (EXCLUSIVO ALMOX.450/495) ACIDO FUSIDICO 20 MG, CREME, TUBO 10 A 15G"
"8226","ACAO JUDICIAL (EXCLUSIVO ALMOX.450/495) ACIDO GAMA AMINOBUTIRICO 100MG + ACIDO"
"8227",""
"8228","GLUTAMICO 100MG (DET)"
"8229","ACAO JUDICIAL (EXCLUSIVO ALMOX.450/495) ACIDO GAMA-AMINOBUTIRICO (DETALHADA)"
"8230","ACAO JUDICIAL (EXCLUSIVO ALMOX.450/495) ACIDO MUCOPOLISSACARIDO+POLISSULFURICO"
"8231",""
"8232","POMADA 500MG (DET)"
"8233","ACAO JUDICIAL (EXCLUSIVO ALMOX.450/495) ACIDO POLIACRILICO - REFRESH GEL"
"8234","ACAO JUDICIAL (EXCLUSIVO ALMOX.450/495) ACIDO TIOCTICO 600 MG, COMPRIMIDO -"
"8235",""
"8236","THIOCTACID"
"8237","ACAO JUDICIAL (EXCLUSIVO ALMOX.450/495) AGALSIDASE BETA 35MG"
"8238","ACAO JUDICIAL (EXCLUSIVO ALMOX.450/495) ALENDRONATO DE SODIO 70MG + CARBONATO"
"8239",""
"8240","DE CALCIO 1250MG (DET)"
"8241","ACAO JUDICIAL (EXCLUSIVO ALMOX.450/495) ALFA 1 ANTITRIPSINA AMPOLA 1.000 MG"
"8242","ACAO JUDICIAL (EXCLUSIVO ALMOX.450/495) ALGLUCOSIDASE ALFA 50MG - AMPOLA"
"8243","ACAO JUDICIAL (EXCLUSIVO ALMOX.450/495) ALPRAZOLAM 0,5MG LIBERACAO LENTA"
"8244","ACAO JUDICIAL (EXCLUSIVO ALMOX.450/495) ALPRAZOLAM 1MG LIBERACAO LENTA"
"8245","ACAO JUDICIAL (EXCLUSIVO ALMOX.450/495) AMIODARONA, CLORIDRATO 200 MG,"
"8246",""
"8247","COMPRIMIDO - ANCORON"
"8248","ACAO JUDICIAL (EXCLUSIVO ALMOX.450/495) ANLODIPINO, BESILATO 5MG + ATENOLOL 50MG"
"8249","ACAO JUDICIAL (EXCLUSIVO ALMOX.450/495) ANTIGENOS MISTOS - SOL. ORAL - FRASCO 15ML -"
"8250",""
"8251","NIKKHO - VAC"
"8252","ACAO JUDICIAL (EXCLUSIVO ALMOX.450/495) ARIPIPRAZOL 10MG"
"8253","ACAO JUDICIAL (EXCLUSIVO ALMOX.450/495) ASPARTATO DE ARGININA 250MG"
"8254","ACAO JUDICIAL (EXCLUSIVO ALMOX.450/495) ATENOLOL 100MG+CLORTALIDONA 25MG"
"8255","ACAO JUDICIAL (EXCLUSIVO ALMOX.450/495) ATENOLOL 50MG + NIFEDIPINO 20MG"
"8256","ACAO JUDICIAL (EXCLUSIVO ALMOX.450/495) ATORVASTATINA 40 MG"
"8257","ACAO JUDICIAL (EXCLUSIVO ALMOX.450/495) AZACITIDINA 100MG"
"8258","ACAO JUDICIAL (EXCLUSIVO ALMOX.450/495) AZATIOPRINA 50 MG - IMURAN"
"8259","ACAO JUDICIAL (EXCLUSIVO ALMOX.450/495) BACLOFENO 10 MG, COMPRIMIDO - LIORESAL"
"8260","ACAO JUDICIAL (EXCLUSIVO ALMOX.450/495) BECLOMETASONA, DIPROPIONATO 50 MCG -"
"8261",""
"8262","SPRAY ORAL"
"8263","ACAO JUDICIAL (EXCLUSIVO ALMOX.450/495) BECLOMETASONA,DIPROPIONATO 50MCG,SPRAY"
"8264",""
"8265","NASAL,FRASCO-CLENIL"
"8266","ACAO JUDICIAL (EXCLUSIVO ALMOX.450/495) BENZOBROMARONA 100MG"
"8267","ACAO JUDICIAL (EXCLUSIVO ALMOX.450/495) BETAISTINA, DICLORIDRATO 8MG"
"8268","ACAO JUDICIAL (EXCLUSIVO ALMOX.450/495) BETAMETASONA +"
"8269",""
"8270","DEXCLORFENIRAMINA,MALEATO 0,25MG+2MG/5ML(DET)"
"8271","ACAO JUDICIAL (EXCLUSIVO ALMOX.450/495) BETAMETASONA 0,5 + CETOCONAZOL 20MG/G"
"8272",""
"8273","CREME 30G - CANDICORT"
"8274","ACAO JUDICIAL (EXCLUSIVO ALMOX.450/495) BETAMETASONA, DIPROP 0,5MG+GENTAMICINA,"
"8275",""
"8276","SULF 1MG POMADA 30G"
"8277","ACAO JUDICIAL (EXCLUSIVO ALMOX.450/495) BETAMETASONA, DIPROP."
"8278",""
"8279","0,64MG/ML+SALICILICO, ACIDO (DET.)"
"8280","ACAO JUDICIAL (EXCLUSIVO ALMOX.450/495) BICARBONATO DE SODIO 500MG MANIPULADO"
"8281","ACAO JUDICIAL (EXCLUSIVO ALMOX.450/495) BIMATOPROST+TIMOLOL, MALEATO"
"8282",""
"8283","SOL.OFTALMICA 3ML"
"8284","ACAO JUDICIAL (EXCLUSIVO ALMOX.450/495) BISOPROLOL, FUMARATO  2,5 MG, COMPRIMIDO"
"8285","ACAO JUDICIAL (EXCLUSIVO ALMOX.450/495) BROMAZEPAM 6MG - LEXOTAN"
"8286","ACAO JUDICIAL (EXCLUSIVO ALMOX.450/495) BUDESONIDA 100MCG SUSPENSAO NASAL COM"
"8287",""
"8288","120 DOSES"
"8289","ACAO JUDICIAL (EXCLUSIVO ALMOX.450/495) BUDESONIDA 32MCG/DOSE BUDECORT"
"8290","ACAO JUDICIAL (EXCLUSIVO ALMOX.450/495) BUDESONIDA 50MCG SPRAY NASAL"
"8291","ACAO JUDICIAL (EXCLUSIVO ALMOX.450/495) BUDESONIDA 64MCG/DOSE - BUDECORT"
"8292","ACAO JUDICIAL (EXCLUSIVO ALMOX.450/495) BUDESONIDA SUSPENSAO PARA NEBULIZACAO"
"8293",""
"8294","0,5 MG/ML, 2 ML"
"8295","ACAO JUDICIAL (EXCLUSIVO ALMOX.450/495) BUSPIRONA 10MG"
"8296","ACAO JUDICIAL (EXCLUSIVO ALMOX.450/495) BUSPIRONA 5MG"
"8297","ACAO JUDICIAL (EXCLUSIVO ALMOX.450/495) CALCIO DE OSTRAS 500MG"
"8298","ACAO JUDICIAL (EXCLUSIVO ALMOX.450/495) CALCIO TRIBASICO, FOSFATO DE +"
"8299",""
"8300","COLECALCIFEROL 600MG/400UI."
"8301","ACAO JUDICIAL (EXCLUSIVO ALMOX.450/495) CALCIO,CARBONATO+CALCIO,LACTOGLICONATO"
"8302",""
"8303","(DET)"
"8304","ACAO JUDICIAL (EXCLUSIVO ALMOX.450/495) CAPTOPRIL 2,5 MG/ML + SABOR FRUTAS QSP 6 ML-"
"8305",""
"8306","MANIPULADO"
"8307","ACAO JUDICIAL (EXCLUSIVO ALMOX.450/495) CARBAMAZEPINA 200 MG, COMPRIMIDO -"
"8308",""
"8309","TEGRETOL"
"8310","ACAO JUDICIAL (EXCLUSIVO ALMOX.450/495) CARBAMAZEPINA 400MG - TEGRETOL"
"8311","ACAO JUDICIAL (EXCLUSIVO ALMOX.450/495) CARBOXIMETILCELULOSE SODICA 0,5% - FRESH"
"8312",""
"8313","TEARS"
"8314","ACAO JUDICIAL (EXCLUSIVO ALMOX.450/495) CARISOPRODOL 250MG +DIPIRONA SODICA"
"8315",""
"8316","250MG +CLOR.DEPIR.(DET)"
"8317","ACAO JUDICIAL (EXCLUSIVO ALMOX.450/495) CARMELOSE SODICA 5MG/ML SOL. OFTALMICA"
"8318",""
"8319","15ML"
"8320","ACAO JUDICIAL (EXCLUSIVO ALMOX.450/495) CARVEDILOL 3,125 MG/ML + SABOR FRUTAS, QSP"
"8321",""
"8322","50 ML-MANIPULADO"
"8323","ACAO JUDICIAL (EXCLUSIVO ALMOX.450/495) CETOROLACO DE TROMETAMINA 5MG/ML"
"8324",""
"8325","FRASCO 5ML COLIRIO"
"8326","ACAO JUDICIAL (EXCLUSIVO ALMOX.450/495) CETOTIFENO 1MG/ML"
"8327","ACAO JUDICIAL (EXCLUSIVO ALMOX.450/495) CICLOSPORINA 0,5% - SOLUÇAO OFTALMICAESTERIL"
"8328","ACAO JUDICIAL (EXCLUSIVO ALMOX.450/495) CINARIZINA 25 MG + PIRACETAM 400 MG,COMPRIMIDO"
"8329","ACAO JUDICIAL (EXCLUSIVO ALMOX.450/495) CITIDINA 2,5MG+URIDINA1,5MG+HIDROXOCOBALAMINA 1000MCG (DET)"
"8330","ACAO JUDICIAL (EXCLUSIVO ALMOX.450/495) CLOBAZAM 10MG FRISIUM"
"8331","ACAO JUDICIAL (EXCLUSIVO ALMOX.450/495) CLOBETASOL 0,5 MG/ML POMADA"
"8332","ACAO JUDICIAL (EXCLUSIVO ALMOX.450/495) CLOMIPRAMINA 75 MG, COMPRIMIDO -ANAFRANIL SR"
"8333","ACAO JUDICIAL (EXCLUSIVO ALMOX.450/495) CLONAZEPAM 2MG - RIVOTRIL"
"8334","ACAO JUDICIAL (EXCLUSIVO ALMOX.450/495) CLONAZEPAN 0,5MG - RIVOTRIL"
"8335","ACAO JUDICIAL (EXCLUSIVO ALMOX.450/495) CLONIDINA, CLORIDRATO 0,1MG"
"8336","ACAO JUDICIAL (EXCLUSIVO ALMOX.450/495) CLONIXINATO DE LISINA + CLORIDRATO DECICLOBENZAPRINA (DET)"
"8337","ACAO JUDICIAL (EXCLUSIVO ALMOX.450/495) CLONIXINATO DE LISINA 125MG"
"8338","ACAO JUDICIAL (EXCLUSIVO ALMOX.450/495) CLOPIDROGEL 75MG - PLAVIX"
"8339","ACAO JUDICIAL (EXCLUSIVO ALMOX.450/495) CLORTALIDONA 25 MG, COMPRIMIDO - HIGROTON"
"8340","ACAO JUDICIAL (EXCLUSIVO ALMOX.450/495) CLOZAPINA 25MG-LEPONEX"
"8341","ACAO JUDICIAL (EXCLUSIVO ALMOX.450/495) CODEINA 60MG"
"8342","ACAO JUDICIAL (EXCLUSIVO ALMOX.450/495) COENZIMA Q10 50 MG, CAPSULA"
"8343","ACAO JUDICIAL (EXCLUSIVO ALMOX.450/495) DABIGATRANA, ETEXILATO 110MG"
"8344","ACAO JUDICIAL (EXCLUSIVO ALMOX.450/495) DARIFENACINA, BROMIDRATO 15MG"
"8345","ACAO JUDICIAL (EXCLUSIVO ALMOX.450/495) DARIFENACINA, BROMIDRATO 7,5 MG"
"8346","ACAO JUDICIAL (EXCLUSIVO ALMOX.450/495) DASATINIBE 20MG"
"8347","ACAO JUDICIAL (EXCLUSIVO ALMOX.450/495) DECITABINA 50MG"
"8348","ACAO JUDICIAL (EXCLUSIVO ALMOX.450/495) DESLORATADINA 0,5MG/ML FRASCO 100ML"
"8349","ACAO JUDICIAL (EXCLUSIVO ALMOX.450/495) DESLORATADINA 5MG"
"8350","ACAO JUDICIAL (EXCLUSIVO ALMOX.450/495) DESMOPRESSINA 0,2 MG"
"8351","ACAO JUDICIAL (EXCLUSIVO ALMOX.450/495) DESOGESTREL 75MCG"
"8352","ACAO JUDICIAL (EXCLUSIVO ALMOX.450/495) DESONIDA POMADA 0,5 MG"
"8353","ACAO JUDICIAL (EXCLUSIVO ALMOX.450/495) DEXAMETASONA + DIPIRONA + VITAMINA B12 -DEXALGEN"
"8354","ACAO JUDICIAL (EXCLUSIVO ALMOX.450/495) DIAZEPAM 10 MG - VALIUM"
"8355","ACAO JUDICIAL (EXCLUSIVO ALMOX.450/495) DICLOFENACO DE COLESTIRAMINA 70MG"
"8356","ACAO JUDICIAL (EXCLUSIVO ALMOX.450/495) DICLOFENACO SODICO 1 MG/ML, COLIRIO,FRASCO"
"8357","ACAO JUDICIAL (EXCLUSIVO ALMOX.450/495) DIIDROERGOCRISTINA + FLUNARIZINA"
"8358","ACAO JUDICIAL (EXCLUSIVO ALMOX.450/495) DIIDROERGOTAMINA + CAFEINA +METOCLOPRAMIDA + PARACETAMOL"
"8359","ACAO JUDICIAL (EXCLUSIVO ALMOX.450/495) DIPIRONA500MG + PROMETAZINA5MG +ADIFENINA10MG (DET)"
"8360","ACAO JUDICIAL (EXCLUSIVO ALMOX.450/495) DIPIRONA500MG + PROMETAZINA5MG +ADIFENINA10MG/1,5ML(DET)"
"8361","ACAO JUDICIAL (EXCLUSIVO ALMOX.450/495) DIVALPROATO DE SODIO 500MG - DEPAKOTE ER"
"8362","ACAO JUDICIAL (EXCLUSIVO ALMOX.450/495) DOMPERIDONA 10 MG - MOTILIUM"
"8363","ACAO JUDICIAL (EXCLUSIVO ALMOX.450/495) DOMPERIDONA 10MG - PERIDAL"
"8364","ACAO JUDICIAL (EXCLUSIVO ALMOX.450/495) DORZOLAMIDA, CLORIDRATO 2% COLIRIOFRASCO 5ML - OCUPRESS"
"8365","ACAO JUDICIAL (EXCLUSIVO ALMOX.450/495) DOXAZOSINA 1MG - UNOPROST"
"8366","ACAO JUDICIAL (EXCLUSIVO ALMOX.450/495)DROPROPIZINA+PARACETAMOL+DIFENIDRAMINA XPE PED."
"8367","ACAO JUDICIAL (EXCLUSIVO ALMOX.450/495) DULOXETINA, CLORIDRATO 30 MG"
"8368","ACAO JUDICIAL (EXCLUSIVO ALMOX.450/495) EBASTINA 10 MG."
"8369","ACAO JUDICIAL (EXCLUSIVO ALMOX.450/495) ECULIZUMAB 300MG"
"8370","ACAO JUDICIAL (EXCLUSIVO ALMOX.450/495) ENALAPRIL 10MG + ANLODIPINO 2,5MG"
"8371","ACAO JUDICIAL (EXCLUSIVO ALMOX.450/495) ENXOFRE+CASSIA ACUTIFOLIA+BITARTAR. DE"
"8372",""
"8373","POTASSIO+PARAPAHLEBON"
"8374","ACAO JUDICIAL (EXCLUSIVO ALMOX.450/495) EPINASTINA, CLORIDRATO, COLIRIO, FRASCO 5 ML"
"8375","ACAO JUDICIAL (EXCLUSIVO ALMOX.450/495) ERITROPOIETINA 40.000UI,SOLUCAO"
"8376",""
"8377","INJETAVEL,SERINGA PREENCHIDA"
"8378","ACAO JUDICIAL (EXCLUSIVO ALMOX.450/495) ESCINA + SALICILATO DE DIETILAMONIO GEL"
"8379","ACAO JUDICIAL (EXCLUSIVO ALMOX.450/495) ESCITALOPRAN, OXALATO 20 MG"
"8380","ACAO JUDICIAL (EXCLUSIVO ALMOX.450/495) ESCOPOLAMINA + DIPIRONA GOTAS"
"8381","ACAO JUDICIAL (EXCLUSIVO ALMOX.450/495) ESOMEPRAZOL 20MG"
"8382","ACAO JUDICIAL (EXCLUSIVO ALMOX.450/495) ESOMEPRAZOL MAGNESIO 20MG - NEXIUM"
"8383","ACAO JUDICIAL (EXCLUSIVO ALMOX.450/495) ESPIRONOLACTONA 10MG/ML MANIPULADO FR"
"8384",""
"8385","100ML"
"8386","ACAO JUDICIAL (EXCLUSIVO ALMOX.450/495) ESTRADIOL + ACETATO DE NORETISTERONA"
"8387",""
"8388","50/140 ADESIVOS"
"8389","ACAO JUDICIAL (EXCLUSIVO ALMOX.450/495) ESTRADIOL + DROSPIRENONA 1 + 2MG C/ 28"
"8390",""
"8391","COMP."
"8392","ACAO JUDICIAL (EXCLUSIVO ALMOX.450/495) ESTRADIOL 1MG"
"8393","ACAO JUDICIAL (EXCLUSIVO ALMOX.450/495) ESTRADIOL 2MG + NORETISTERONA 1MG"
"8394","ACAO JUDICIAL (EXCLUSIVO ALMOX.450/495) ESTRADIOL 50MG - SYSTEM. ADESIVOS."
"8395","ACAO JUDICIAL (EXCLUSIVO ALMOX.450/495) ETINILESTRADIOL 0,035MG + ACETADO DE"
"8396",""
"8397","CIPROTERONA 2MG"
"8398","ACAO JUDICIAL (EXCLUSIVO ALMOX.450/495) ETINILESTRADIOL+GESTODENO 0,03 + 0,075"
"8399",""
"8400","MG,21 DRAGEAS-GYNERA"
"8401","ACAO JUDICIAL (EXCLUSIVO ALMOX.450/495) ETODOLACO 400MG"
"8402","ACAO JUDICIAL (EXCLUSIVO ALMOX.450/495) EVEROLIMO 10MG"
"8403","ACAO JUDICIAL (EXCLUSIVO ALMOX.450/495) EVEROLIMO 5 MG"
"8404","ACAO JUDICIAL (EXCLUSIVO ALMOX.450/495) EXTRATO DE VITIS VINIFERAL L. 150MG"
"8405","ACAO JUDICIAL (EXCLUSIVO ALMOX.450/495) FENITOINA SODICA 100MG HIDANTAL"
"8406","ACAO JUDICIAL (EXCLUSIVO ALMOX.450/495) FENOBARBITAL SODICO 100MG - GARDENAL"
"8407","ACAO JUDICIAL (EXCLUSIVO ALMOX.450/495) FENOFIBRATO RETARD 250MG"
"8408","ACAO JUDICIAL (EXCLUSIVO ALMOX.450/495) FENTANILA 8,4 MG, 50 MCG/HORA, ADESIVO"
"8409",""
"8410","TRANSDÔRMICO"
"8411","ACAO JUDICIAL (EXCLUSIVO ALMOX.450/495) FERRO QUELATO GLICINATO 75MG+ACIDO"
"8412",""
"8413","FOLICO 2,5MG"
"8414","ACAO JUDICIAL (EXCLUSIVO ALMOX.450/495) FERRO,HIDROXIDO POLIMALTOSADO"
"8415",""
"8416","100MG+ACIDO FOLICO 0,35MG(DET)"
"8417","ACAO JUDICIAL (EXCLUSIVO ALMOX.450/495) FERROCARBONILA + COMPLEXO B + ACIDO"
"8418",""
"8419","FOLICO - COMBIRON FOLICO"
"8420","ACAO JUDICIAL (EXCLUSIVO ALMOX.450/495) FEXOFENADINA 180 MG"
"8421","ACAO JUDICIAL (EXCLUSIVO ALMOX.450/495) FLUOXETINA 20MG/ML - GOTAS"
"8422","ACAO JUDICIAL (EXCLUSIVO ALMOX.450/495) FLUOXETINA, CLORIDRATO 20MG - FLUXENE"
"8423","ACAO JUDICIAL (EXCLUSIVO ALMOX.450/495) FLUTICASONA 50 MCG, SPRAY NASAL, FRASCO"
"8424",""
"8425","COM 60 DOSES"
"8426","ACAO JUDICIAL (EXCLUSIVO ALMOX.450/495) FLUTICASONA, PROPIONATO 250MCG , DISKUS"
"8427","ACAO JUDICIAL (EXCLUSIVO ALMOX.450/495) FLUTICASONA,FUROATO 27,5MCG/DOSE SPRAY"
"8428",""
"8429","NASAL 9,1ML 120 DOSES"
"8430","ACAO JUDICIAL (EXCLUSIVO ALMOX.450/495) FOSFATO DE SODIO (MONOBASICO+DIBASICO)"
"8431",""
"8432","ENEMA."
"8433","ACAO JUDICIAL (EXCLUSIVO ALMOX.450/495) FOSFOTREONINA + GLUTAMINA + TRIPTOFANO"
"8434",""
"8435","(DETALHADA)"
"8436","ACAO JUDICIAL (EXCLUSIVO ALMOX.450/495) FUROSEMIDA 40MG + CLORETO DE POTASSIO"
"8437",""
"8438","100MG"
"8439","ACAO JUDICIAL (EXCLUSIVO ALMOX.450/495) GATIFLOXACINA 0,3%, COLIRIO, FRASCO 5 ML"
"8440","ACAO JUDICIAL (EXCLUSIVO ALMOX.450/495) GINGKO BILOBA 80MG-TEBONIN"
"8441","ACAO JUDICIAL (EXCLUSIVO ALMOX.450/495) GLICLAZIDA 30 MG - DIAMICRON MR"
"8442","ACAO JUDICIAL (EXCLUSIVO ALMOX.450/495) GLICOSAMINA 750MG MANIPULADO"
"8443","ACAO JUDICIAL (EXCLUSIVO ALMOX.450/495) GLICOSAMINA, SULFATO 1,5G, SACHE -"
"8444",""
"8445","GLUCOREUMIN"
"8446","ACAO JUDICIAL (EXCLUSIVO ALMOX.450/495) GLIMEPIRIDA 2MG - AMARYL"
"8447","ACAO JUDICIAL (EXCLUSIVO ALMOX.450/495) GLUTAMINA 4G + ARGININA 1G + TAURINA"
"8448",""
"8449","300MG (DET)"
"8450","ACAO JUDICIAL (EXCLUSIVO ALMOX.450/495) HARPAGOPHYTUM PROCUMBENS EXTRATO SECO"
"8451",""
"8452","400MG"
"8453","ACAO JUDICIAL (EXCLUSIVO ALMOX.450/495) HEMATINA LIOFILIZADO 313 MG, AMPOLA"
"8454","ACAO JUDICIAL (EXCLUSIVO ALMOX.450/495) HIALURONATO DE SODIO 10MG/ML, SOL. INJ."
"8455",""
"8456","2,5ML"
"8457","ACAO JUDICIAL (EXCLUSIVO ALMOX.450/495) HIALURONATO DE SODIO 40MG INJETAVEL"
"8458",""
"8459","(0,8MG/ML FRASCO 50ML)"
"8460","ACAO JUDICIAL (EXCLUSIVO ALMOX.450/495) HIDROVITON 2%+CREME AMENDOAS QSP,"
"8461",""
"8462","S/PERFUME, 200G-MANIPULADO"
"8463","ACAO JUDICIAL (EXCLUSIVO ALMOX.450/495) IBANDRONATO DE SODIO 150 MG"
"8464","ACAO JUDICIAL (EXCLUSIVO ALMOX.450/495) IDURSULFASE 6MG (2MG/ML FRASCO 3ML)"
"8465","ACAO JUDICIAL (EXCLUSIVO ALMOX.450/495) IGF1 (MECASERMIN) 10MG/ML AMPOLA 4ML"
"8466","ACAO JUDICIAL (EXCLUSIVO ALMOX.450/495) IMIPRAMINA 10MG"
"8467","ACAO JUDICIAL (EXCLUSIVO ALMOX.450/495) INDAPAMIDA 1,5MG - NATRILIX SR"
"8468","ACAO JUDICIAL (EXCLUSIVO ALMOX.450/495) INDAPAMIDA 2,5MG"
"8469","ACAO JUDICIAL (EXCLUSIVO ALMOX.450/495) INDOMETACINA 50MG"
"8470","ACAO JUDICIAL (EXCLUSIVO ALMOX.450/495) INSULINA ASPART 100UI/ML,CANETA DESC. 3 ML-"
"8471",""
"8472","NOVORAPID FLEXPEN"
"8473","ACAO JUDICIAL (EXCLUSIVO ALMOX.450/495) INSULINA ASPARTE 30%+ASPARTE PROTAMINA"
"8474",""
"8475","70%, CANETA DESC. 3ML"
"8476","ACAO JUDICIAL (EXCLUSIVO ALMOX.450/495) INSULINA ASPARTE 30%+ASPARTE PROTAMINA"
"8477",""
"8478","70%, REFIL 3 ML"
"8479","ACAO JUDICIAL (EXCLUSIVO ALMOX.450/495) INSULINA DETEMIR 100UI/ML FLEXPEN 3ML"
"8480","ACAO JUDICIAL (EXCLUSIVO ALMOX.450/495) INSULINA DETEMIR 100UI/ML REFIL 3ML -"
"8481",""
"8482","LEVEMIR"
"8483","ACAO JUDICIAL (EXCLUSIVO ALMOX.450/495) INSULINA GLARGINA 100 UI/ML, CANETA"
"8484",""
"8485","DESCARTAVEL 3 ML"
"8486","ACAO JUDICIAL (EXCLUSIVO ALMOX.450/495) INSULINA GLULISINA 100UI/ML CANETA"
"8487",""
"8488","DESC.3ML APIDRA SOLOSTAR"
"8489","ACAO JUDICIAL (EXCLUSIVO ALMOX.450/495) INSULINA HUMANA NPH 100 UI/ML, REFIL 3 ML"
"8490","ACAO JUDICIAL (EXCLUSIVO ALMOX.450/495) INSULINA HUMANA REGULAR 100 UI/ML, REFIL 3"
"8491",""
"8492","ML"
"8493","ACAO JUDICIAL (EXCLUSIVO ALMOX.450/495) IPRATROPIO 0,250MG/ML, SOL. INALATORIA,"
"8494",""
"8495","FRASCO 20ML (DET)"
"8496","ACAO JUDICIAL (EXCLUSIVO ALMOX.450/495) IRBESARTANA 300MG - APROVEL"
"8497","ACAO JUDICIAL (EXCLUSIVO ALMOX.450/495) ISOFLAVONA 60MG"
"8498","ACAO JUDICIAL (EXCLUSIVO ALMOX.450/495) ISOSSORBIDA, DINITRATO 40MG"
"8499","ACAO JUDICIAL (EXCLUSIVO ALMOX.450/495) L-CARNITINA 250 MG/ML, SOLUCAO ORAL -"
"8500",""
"8501","MANIPULADO"
"8502","ACAO JUDICIAL (EXCLUSIVO ALMOX.450/495) L-CARNITINA 500MG - COMPRIMIDO"
"8503","ACAO JUDICIAL (EXCLUSIVO ALMOX.450/495) LACTASE 4000UI"
"8504","ACAO JUDICIAL (EXCLUSIVO ALMOX.450/495) LAPATINIBE, DOTOSILATO 250MG"
"8505","ACAO JUDICIAL (EXCLUSIVO ALMOX.450/495) LENALIDOMIDE 10MG"
"8506","ACAO JUDICIAL (EXCLUSIVO ALMOX.450/495) LERCANIDIPINA 20MG"
"8507","ACAO JUDICIAL (EXCLUSIVO ALMOX.450/495) LEVODOPA 150MG+CARBIDOPA"
"8508",""
"8509","37,5MG+ENTACAPONE 200MG-STALEVO150"
"8510","ACAO JUDICIAL (EXCLUSIVO ALMOX.450/495) LEVODOPA 50MG + CARBIDOPA 12,5MG +"
"8511",""
"8512","ENTACAPONA 200MG"
"8513","ACAO JUDICIAL (EXCLUSIVO ALMOX.450/495) LEVOTIROXINA 175MCG"
"8514","ACAO JUDICIAL (EXCLUSIVO ALMOX.450/495) LEVOTIROXINA SODICA 100 MCG - SYNTHROID"
"8515","ACAO JUDICIAL (EXCLUSIVO ALMOX.450/495) LEVOTIROXINA SODICA 100MCG - EUTHYROX"
"8516","ACAO JUDICIAL (EXCLUSIVO ALMOX.450/495) LEVOTIROXINA SODICA 100MCG - PURAN T4"
"8517","ACAO JUDICIAL (EXCLUSIVO ALMOX.450/495) LEVOTIROXINA SODICA 125MCG - PURANT T4"
"8518","ACAO JUDICIAL (EXCLUSIVO ALMOX.450/495) LEVOTIROXINA SODICA 150 MCG - PURAN T4"
"8519","ACAO JUDICIAL (EXCLUSIVO ALMOX.450/495) LEVOTIROXINA SODICA 25 MCG - EUTHYROX"
"8520","ACAO JUDICIAL (EXCLUSIVO ALMOX.450/495) LIDOCAINA, CLORIDRATO 2% - XYLESTESIN 30G"
"8521","ACAO JUDICIAL (EXCLUSIVO ALMOX.450/495) LITIO CARBONATO 300 MG - CARBOLITIUM"
"8522","ACAO JUDICIAL (EXCLUSIVO ALMOX.450/495) LOTEPREDNOL FRASCO 5 MG/ML, FRASCO 5 ML"
"8523","ACAO JUDICIAL (EXCLUSIVO ALMOX.450/495) LUBRIFICANTE OFTALMICO FRASCO 15ML -"
"8524",""
"8525","OFTANE"
"8526","ACAO JUDICIAL (EXCLUSIVO ALMOX.450/495) LUTEINA 10 MG + ZEAXANTINA + VITAMINAS E"
"8527",""
"8528","MINERAIS"
"8529","ACAO JUDICIAL (EXCLUSIVO ALMOX.450/495) MANIDIPINA, CLORIDRATO 10MG"
"8530","ACAO JUDICIAL (EXCLUSIVO ALMOX.450/495) MANIDIPINO, DICLORIDRATO 10MG + DELAPRIL,"
"8531",""
"8532","CLORIDRATO 30MG"
"8533","ACAO JUDICIAL (EXCLUSIVO ALMOX.450/495) MECLIZINA 25MG"
"8534","ACAO JUDICIAL (EXCLUSIVO ALMOX.450/495) MELILOTUS OFFICINALIS, EXTRATO SECO"
"8535","ACAO JUDICIAL (EXCLUSIVO ALMOX.450/495) MEMANTINA 10MG - ALOIS"
"8536","ACAO JUDICIAL (EXCLUSIVO ALMOX.450/495) MENOTROPINA 75UI (FSH 75 UI + LH 75 UI)"
"8537","ACAO JUDICIAL (EXCLUSIVO ALMOX.450/495) METFORMINA 500MG - GLIFAGE XR"
"8538","ACAO JUDICIAL (EXCLUSIVO ALMOX.450/495) METFORMINA 500MG + GLIBENCLAMIDA 2,5MG -"
"8539",""
"8540","GLUCOVANCE"
"8541","ACAO JUDICIAL (EXCLUSIVO ALMOX.450/495) METILFENIDATO, CLORIDRATO 54MG"
"8542","ACAO JUDICIAL (EXCLUSIVO ALMOX.450/495) METILFENIDATO, CLORIDRATO LA 40MG"
"8543","ACAO JUDICIAL (EXCLUSIVO ALMOX.450/495) METILPREDNISOLONA SUCCINATO 1G AMPOLA"
"8544","ACAO JUDICIAL (EXCLUSIVO ALMOX.450/495) METOPROLOL, SUCCINATO 50MG - SELOZOK"
"8545","ACAO JUDICIAL (EXCLUSIVO ALMOX.450/495) METOPROLOL, TARTARATO 100MG"
"8546","ACAO JUDICIAL (EXCLUSIVO ALMOX.450/495) METOXISALENO 10MG - OXSORALEN"
"8547","ACAO JUDICIAL (EXCLUSIVO ALMOX.450/495) MICOFENOLATO MOFETIL 500MG - CELL CEPT"
"8548","ACAO JUDICIAL (EXCLUSIVO ALMOX.450/495) MIDAZOLAM 15MG - DORMONID"
"8549","ACAO JUDICIAL (EXCLUSIVO ALMOX.450/495) MIRTAZAPINA 30MG - REMERON"
"8550","ACAO JUDICIAL (EXCLUSIVO ALMOX.450/495) MODAFINILA 100 MG, COMPRIMIDO"
"8551","ACAO JUDICIAL (EXCLUSIVO ALMOX.450/495) MODAFINILA 200 MG, COMPRIMIDO"
"8552","ACAO JUDICIAL (EXCLUSIVO ALMOX.450/495) MOMETASONA 1MG/G CREME 20G"
"8553","ACAO JUDICIAL (EXCLUSIVO ALMOX.450/495) MONTELACUSTE 5MG"
"8554","ACAO JUDICIAL (EXCLUSIVO ALMOX.450/495) MONTELUCASTE SODICO 4MG GRANULADO -"
"8555",""
"8556","SINGULAIR"
"8557","ACAO JUDICIAL (EXCLUSIVO ALMOX.450/495) MOXIFLOXACINO, CLORIDRATO COLIRO 5MG/ML"
"8558",""
"8559","FRASCO 5ML"
"8560","ACAO JUDICIAL (EXCLUSIVO ALMOX.450/495) MUPIROCINA CREME 15G"
"8561","ACAO JUDICIAL (EXCLUSIVO ALMOX.450/495) N-ACETILCISTEINA 200MG ENVELOPE 5G"
"8562","ACAO JUDICIAL (EXCLUSIVO ALMOX.450/495) NALTREXONA 50MG"
"8563","ACAO JUDICIAL (EXCLUSIVO ALMOX.450/495) NEBIVOLOL, CLORIDRATO 5MG"
"8564","ACAO JUDICIAL (EXCLUSIVO ALMOX.450/495) NIFEDIPINA OROS 30MG - ADALAT OROS"
"8565","ACAO JUDICIAL (EXCLUSIVO ALMOX.450/495) NIFEDIPINA RETARD 20MG - ADALAT RETARD"
"8566","ACAO JUDICIAL (EXCLUSIVO ALMOX.450/495) NIMESULIDA + BETACICLODEXTRINA 400MG"
"8567","ACAO JUDICIAL (EXCLUSIVO ALMOX.450/495) NITISINONA 10MG"
"8568","ACAO JUDICIAL (EXCLUSIVO ALMOX.450/495) OLEO DE UVA + VITAMINA E 5% + FPS 30 QSP"
"8569",""
"8570","200ML MANIPULADO"
"8571","ACAO JUDICIAL (EXCLUSIVO ALMOX.450/495) OLMESARTANA + HIDROCLOROTIAZIDA"
"8572",""
"8573","40/12,5MG"
"8574","ACAO JUDICIAL (EXCLUSIVO ALMOX.450/495) OLMESARTANA + HIDROCLOROTIAZINA 40/25MG"
"8575","ACAO JUDICIAL (EXCLUSIVO ALMOX.450/495) OLMESARTANA MEDOXOMILA 20MG +"
"8576",""
"8577","ANLODIPINO 5MG"
"8578","ACAO JUDICIAL (EXCLUSIVO ALMOX.450/495) OLMESARTANA MEDOXOMILA40MG +"
"8579",""
"8580","ANLODIPINO 5MG"
"8581","ACAO JUDICIAL (EXCLUSIVO ALMOX.450/495) OLMESARTANA, MEDOXOMILA 20MG +"
"8582",""
"8583","HIDROCLOROTIAZIDA 12,5MG"
"8584","ACAO JUDICIAL (EXCLUSIVO ALMOX.450/495) OLMESARTANA, MEDOXOMILA 40MG"
"8585","ACAO JUDICIAL (EXCLUSIVO ALMOX.450/495) OLOPATADINA, CLORIDRATO 0,1% COLIRIO"
"8586",""
"8587","FRASCO 5ML"
"8588","ACAO JUDICIAL (EXCLUSIVO ALMOX.450/495) OLOPATADINA, CLORIDRATO COLIRIO 0,2%"
"8589",""
"8590","FRASCO 2,5ML"
"8591","ACAO JUDICIAL (EXCLUSIVO ALMOX.450/495) OMEGA 3  1000MG"
"8592","ACAO JUDICIAL (EXCLUSIVO ALMOX.450/495) OMEGA-3 DHA 500MG CAPSULA"
"8593","ACAO JUDICIAL (EXCLUSIVO ALMOX.450/495) ORNITINA, ASPARTATO 0,6G/G"
"8594","ACAO JUDICIAL (EXCLUSIVO ALMOX.450/495) OTILONIO, BROMETO 40MG - LONIUM"
"8595","ACAO JUDICIAL (EXCLUSIVO ALMOX.450/495) OXCARBAZEPINA 300 MG, COMPRIMIDO -"
"8596",""
"8597","TRILEPTAL"
"8598","ACAO JUDICIAL (EXCLUSIVO ALMOX.450/495) OXCARBAZEPINA 6% FRASCO TRILEPTAL"
"8599","ACAO JUDICIAL (EXCLUSIVO ALMOX.450/495) OXCARBAZEPINA 600MG - TRILEPTAL"
"8600","ACAO JUDICIAL (EXCLUSIVO ALMOX.450/495) OXIBUTININA 5MG - RETEMIC"
"8601","ACAO JUDICIAL (EXCLUSIVO ALMOX.450/495) OXICODONA, CLORIDRATO 20MG"
"8602","ACAO JUDICIAL (EXCLUSIVO ALMOX.450/495) PALIPERIDONA 6MG"
"8603","ACAO JUDICIAL (EXCLUSIVO ALMOX.450/495) PANTONETATO DE"
"8604",""
"8605","CALCIO+CISTINA+TIAMINA+LEVEDURA+...-PANTOGAR"
"8606","ACAO JUDICIAL (EXCLUSIVO ALMOX.450/495) PAROXETINA 20MG - PONDERA"
"8607","ACAO JUDICIAL (EXCLUSIVO ALMOX.450/495) PAROXETINA 25MG"
"8608","ACAO JUDICIAL (EXCLUSIVO ALMOX.450/495) PAROXETINA 30MG CEBRILIN"
"8609","ACAO JUDICIAL (EXCLUSIVO ALMOX.450/495) PEGVISOMANTO 10MG"
"8610","ACAO JUDICIAL (EXCLUSIVO ALMOX.450/495) PELARGONIUM SIDOIDES EXTREPS 7630 SOL"
"8611",""
"8612","ORAL FRASCO 50ML"
"8613","ACAO JUDICIAL (EXCLUSIVO ALMOX.450/495) PEMETREXEDE DISODICO 500 MG"
"8614","ACAO JUDICIAL (EXCLUSIVO ALMOX.450/495) PILOCARPINA 4% SOLUCAO OFTALMICA"
"8615","ACAO JUDICIAL (EXCLUSIVO ALMOX.450/495) PIOGLITAZONA, CLORIDRATO 15MG"
"8616","ACAO JUDICIAL (EXCLUSIVO ALMOX.450/495) PIOGLITAZONA, CLORIDRATO 30MG"
"8617","ACAO JUDICIAL (EXCLUSIVO ALMOX.450/495) PIOGLITAZONA, CLORIDRATO 45 MG"
"8618","ACAO JUDICIAL (EXCLUSIVO ALMOX.450/495) PIRACETAM 400 MG, COMPRIMIDO - NOOTRON"
"8619","ACAO JUDICIAL (EXCLUSIVO ALMOX.450/495) PIRACETAN 60MG/ML, SOL.LIQ.PEDIATRICA,"
"8620",""
"8621","FRASCO 110ML A 120ML"
"8622","ACAO JUDICIAL (EXCLUSIVO ALMOX.450/495) POLIESTIRENOSSULFONATO DE CALCIO 900"
"8623",""
"8624","MG/G, 30 G"
"8625","ACAO JUDICIAL (EXCLUSIVO ALMOX.450/495) POLIVITAMINICO E POLIMINERAL - VITERGAN"
"8626",""
"8627","MASTER"
"8628","ACAO JUDICIAL (EXCLUSIVO ALMOX.450/495) POLIVITAMINICO E POLIMINERAL - VITERGAN"
"8629",""
"8630","ZINCO"
"8631","ACAO JUDICIAL (EXCLUSIVO ALMOX.450/495) POLIVITAMINICO SUSPENSAO 120ML - REVITAN"
"8632",""
"8633","JR"
"8634","ACAO JUDICIAL (EXCLUSIVO ALMOX.450/495) POTASSIO, CITRATO 10MEQ - LITOCIT"
"8635","ACAO JUDICIAL (EXCLUSIVO ALMOX.450/495) PREDNISOLONA 20MG"
"8636","ACAO JUDICIAL (EXCLUSIVO ALMOX.450/495) PREGABALINA 150 MG"
"8637","ACAO JUDICIAL (EXCLUSIVO ALMOX.450/495) PREGABALINA 75 MG"
"8638","ACAO JUDICIAL (EXCLUSIVO ALMOX.450/495) QUETIAPINA, FUMARATO 50MG LIB."
"8639",""
"8640","PROLONGADA"
"8641","ACAO JUDICIAL (EXCLUSIVO ALMOX.450/495) RAMIPRIL 10MG + ANLODIPINO 5MG - NAPRIX A"
"8642","ACAO JUDICIAL (EXCLUSIVO ALMOX.450/495) RANIBIZUMAB 10MG/ML - AMPOLA 0,23ML"
"8643","ACAO JUDICIAL (EXCLUSIVO ALMOX.450/495) RISPERIDONA 1MG - RISPERIDON"
"8644","ACAO JUDICIAL (EXCLUSIVO ALMOX.450/495) RISPERIDONA 25 MG, FRASCO/AMPOLA -"
"8645",""
"8646","RISPERDAL CONSTA"
"8647","ACAO JUDICIAL (EXCLUSIVO ALMOX.450/495) SABONETE NEUTRO LIQ., S/PERFUME,"
"8648",""
"8649","S/PARABENOS,80ML-MANIPULADO"
"8650","ACAO JUDICIAL (EXCLUSIVO ALMOX.450/495) SACCHAROMYCES BOULARDII-17"
"8651",""
"8652","LIOFILIZADO,ENVEL. 1G C/200MG"
"8653","ACAO JUDICIAL (EXCLUSIVO ALMOX.450/495) SALMETEROL, XINOFOATO 50MCG DISKUS 60"
"8654",""
"8655","DOSES"
"8656","ACAO JUDICIAL (EXCLUSIVO ALMOX.450/495) SERTRALINA, CLORIDRATO 100MG"
"8657","ACAO JUDICIAL (EXCLUSIVO ALMOX.450/495) SERTRALINA, CLORIDRATO 100MG - ASSERT"
"8658","ACAO JUDICIAL (EXCLUSIVO ALMOX.450/495) SERTRALINA, CLORIDRATO 25 MG"
"8659","ACAO JUDICIAL (EXCLUSIVO ALMOX.450/495) SILDENAFIL 10 MG/ML"
"8660","ACAO JUDICIAL (EXCLUSIVO ALMOX.450/495) SILDENAFIL 5MG/ML FRASCO 220ML"
"8661",""
"8662","MANIPULADO."
"8663","ACAO JUDICIAL (EXCLUSIVO ALMOX.450/495) SIMETICONA 125MG - LUFTAL MAX"
"8664","ACAO JUDICIAL (EXCLUSIVO ALMOX.450/495) SITAGLIPTINA 25MG"
"8665","ACAO JUDICIAL (EXCLUSIVO ALMOX.450/495) SITAGLIPTINA 50 MG + METFORMINA 1.000 MG"
"8666","ACAO JUDICIAL (EXCLUSIVO ALMOX.450/495) SITAGLIPTINA 50MG + METFORMINA 500MG"
"8667","ACAO JUDICIAL (EXCLUSIVO ALMOX.450/495) SITAGLIPTINA 50MG+METFORMINA 850MG"
"8668","ACAO JUDICIAL (EXCLUSIVO ALMOX.450/495) SITAGLIPTINA, FOSFATO 100MG"
"8669","ACAO JUDICIAL (EXCLUSIVO ALMOX.450/495) SITAGLIPTINA, FOSFATO 50MG"
"8670","ACAO JUDICIAL (EXCLUSIVO ALMOX.450/495) SODICO, VALPROATO/VALPROICO, ACIDO"
"8671",""
"8672","500MGLIB.LENTA-TORVAL CR"
"8673","ACAO JUDICIAL (EXCLUSIVO ALMOX.450/495) SODICO,VALPROATO/VALPROICO, AC. 300MG LIB."
"8674",""
"8675","LENTA - TORVAL CR"
"8676","ACAO JUDICIAL (EXCLUSIVO ALMOX.450/495) SODIO, CLORETO SPRAY - SALSEP"
"8677","ACAO JUDICIAL (EXCLUSIVO ALMOX.450/495) SORAFENIBE 200MG"
"8678","ACAO JUDICIAL (EXCLUSIVO ALMOX.450/495) SULFATO DE QUININO 200 MG"
"8679","ACAO JUDICIAL (EXCLUSIVO ALMOX.450/495) SULPIRIDA 200 MG"
"8680","ACAO JUDICIAL (EXCLUSIVO ALMOX.450/495) SUNITINIB 12,5MG"
"8681","ACAO JUDICIAL (EXCLUSIVO ALMOX.450/495) SUNITINIB, MALATO 50MG-SUTENT"
"8682","ACAO JUDICIAL (EXCLUSIVO ALMOX.450/495) SUNITINIBE, MALATO 25MG"
"8683","ACAO JUDICIAL (EXCLUSIVO ALMOX.450/495) TADALAFILA 20MG"
"8684","ACAO JUDICIAL (EXCLUSIVO ALMOX.450/495) TANSULOSINA 0,4MG - TAMSULON"
"8685","ACAO JUDICIAL (EXCLUSIVO ALMOX.450/495) TANSULOSINA, CLORIDRATO 0,4MG - OMNIC"
"8686","ACAO JUDICIAL (EXCLUSIVO ALMOX.450/495) TELMISARTANA 40MG+HIDROCLOROTIAZIDA"
"8687",""
"8688","12,5MG"
"8689","ACAO JUDICIAL (EXCLUSIVO ALMOX.450/495) TEOFILINA 100 MG"
"8690","ACAO JUDICIAL (EXCLUSIVO ALMOX.450/495) TESTOSTERONA, UNDECANOATO 250 MG/ML,"
"8691",""
"8692","SOLUCAO INJETAVEL,4ML"
"8693","ACAO JUDICIAL (EXCLUSIVO ALMOX.450/495)"
"8694",""
"8695","TIAMINA100MCG+PIRIDOX.100MG+CIANOC.1.000MCG-CITONEURIM 1.000"
"8696","ACAO JUDICIAL (EXCLUSIVO ALMOX.450/495)"
"8697",""
"8698","TIAMINA50MG+PIRIDOXINA50MG+CIANOCOBALAMINA1MG+DICLOFENAC50MG"
"8699","ACAO JUDICIAL (EXCLUSIVO ALMOX.450/495) TIMOMODULINA FRASCO 120ML"
"8700","ACAO JUDICIAL (EXCLUSIVO ALMOX.450/495) TIOTROPIO, BROMETO 2,5MCG SOLUCAO"
"8701",""
"8702","INALATORIA (DET)"
"8703","ACAO JUDICIAL (EXCLUSIVO ALMOX.450/495) TOCILIZUMABE 20MG/ML, INJETAVEL, FRASCO-"
"8704",""
"8705","AMPOLA 10ML"
"8706","ACAO JUDICIAL (EXCLUSIVO ALMOX.450/495) TOPIRAMATO 100MG - TOPAMAX"
"8707","ACAO JUDICIAL (EXCLUSIVO ALMOX.450/495) TOPIRAMATO 25MG - TOPAMAX"
"8708","ACAO JUDICIAL (EXCLUSIVO ALMOX.450/495) TOPIRAMATO 50MG - TOPAMAX"
"8709","ACAO JUDICIAL (EXCLUSIVO ALMOX.450/495) TOXINA BOTULINICA 100UI - BOTOX"
"8710","ACAO JUDICIAL (EXCLUSIVO ALMOX.450/495) TRANILCIPROMINA 10MG - PARNATE"
"8711","ACAO JUDICIAL (EXCLUSIVO ALMOX.450/495) TRAVOPROSTA 0,04MG/ML+MALEATO DE"
"8712",""
"8713","TIMOLOL 5,0MG/ML (DET)"
"8714","ACAO JUDICIAL (EXCLUSIVO ALMOX.450/495) TRAZODONA, CLORIDRATO 150MG RETARD"
"8715","ACAO JUDICIAL (EXCLUSIVO ALMOX.450/495) TRIFLUOPERAZINA 2MG"
"8716","ACAO JUDICIAL (EXCLUSIVO ALMOX.450/495) TRIMEBUTINA, MALEATO 200 MG, CAPSULA"
"8717","ACAO JUDICIAL (EXCLUSIVO ALMOX.450/495) TRIMETAZIDINA MR 35MG"
"8718","ACAO JUDICIAL (EXCLUSIVO ALMOX.450/495) UNGUENTO AQUAPHOR ORIGINAL OINTMENT"
"8719",""
"8720","POTE 396G"
"8721","ACAO JUDICIAL (EXCLUSIVO ALMOX.450/495) UREIA 15%+OLEOAMENDOAS 10%+VASELINA"
"8722",""
"8723","10G, 300G-MANIPULADO"
"8724","ACAO JUDICIAL (EXCLUSIVO ALMOX.450/495) UREIA 8% + OLEO DE AMENDOAS 9% +"
"8725",""
"8726","HIDROCOTISONA 10% (DET)"
"8727","ACAO JUDICIAL (EXCLUSIVO ALMOX.450/495)"
"8728",""
"8729","UREIA+AMÕND+SEMENTES+IRGASAN+CICLOPIN+EMOLIC,500G-MANIPULADO"
"8730","ACAO JUDICIAL (EXCLUSIVO ALMOX.450/495) VALPROATO DE SODIO 50 MG/ML, XAROPE,"
"8731",""
"8732","FRASCO - DEPAKENE"
"8733","ACAO JUDICIAL (EXCLUSIVO ALMOX.450/495) VALSARTAN 160MG + ANLODIPINO 10MG"
"8734","ACAO JUDICIAL (EXCLUSIVO ALMOX.450/495) VALSARTAN 160MG+HIDROCLOROTIAZIDA"
"8735",""
"8736","12,5MG+ANLODIPINO 5MG"
"8737","ACAO JUDICIAL (EXCLUSIVO ALMOX.450/495) VALSARTAN 320 MG + HIDROCLOROTIAZIDA 12,5"
"8738",""
"8739","MG"
"8740","ACAO JUDICIAL (EXCLUSIVO ALMOX.450/495) VALSARTAN 320MG+ALODIPINO 5MG"
"8741","ACAO JUDICIAL (EXCLUSIVO ALMOX.450/495) VALSARTAN 320MG+ANLODIPINO 10MG"
"8742","ACAO JUDICIAL (EXCLUSIVO ALMOX.450/495) VALSARTANA 160MG + HIDROCLOROTIAZIDA"
"8743",""
"8744","25MG"
"8745","ACAO JUDICIAL (EXCLUSIVO ALMOX.450/495) VARDENAFIL CLORIDRATO 20MG"
"8746","ACAO JUDICIAL (EXCLUSIVO ALMOX.450/495) VENLAFAXINA 150MG LIBERAÇÃO CONTROLADA -"
"8747",""
"8748","EFEXOR XR"
"8749","ACAO JUDICIAL (EXCLUSIVO ALMOX.450/495) VENLAFAXINA 150MG LIBERAÇÃO CONTROLADA-"
"8750",""
"8751","VENLIFT OD"
"8752",""
"8753","ACAO JUDICIAL (EXCLUSIVO ALMOX.450/495) VENLAFAXINA 37,5 MG LIBERAÇÃO CONTROLADA"
"8754",""
"8755","ACAO JUDICIAL (EXCLUSIVO ALMOX.450/495) VENLAFAXINA 75 MG, CAPSULA - VENLAXIN"
"8756","ACAO JUDICIAL (EXCLUSIVO ALMOX.450/495) VILDAGLIPTINA 50MG"
"8757","ACAO JUDICIAL (EXCLUSIVO ALMOX.450/495) VILDAGLIPTINA 50MG + CLORIDRATO DE"
"8758",""
"8759","METFORMINA 1000MG"
"8760","ACAO JUDICIAL (EXCLUSIVO ALMOX.450/495) VILDAGLIPTINA 50MG + METFORMINA 500MG"
"8761","ACAO JUDICIAL (EXCLUSIVO ALMOX.450/495) VILDAGLIPTINA 50MG + METFORMINA 850MG"
"8762","ACAO JUDICIAL (EXCLUSIVO ALMOX.450/495) VITAMINA D 400 UI-MANIPULADO"
"8763","ACAO JUDICIAL (EXCLUSIVO ALMOX.450/495) VITAMINAS E MINERAIS - NEOVITE LUTEIN"
"8764","ACAO JUDICIAL (EXCLUSIVO ALMOX.450/495) ZINCO, SULFATO 40MG/ML FR. 150ML-"
"8765",""
"8766","MANIPULADO"
"8767","ACAO JUDICIAL (EXCLUSIVO ALMOX.450/495) ZUCLOPENTIXOL DEPOT 200MG AMP. 1ML"
"8768","AGENTES ANTIPARATIREOIDE CINACALCETE, CLORIDRATO 30MG"
"8769","AGENTES QUE ATUAM SOBRE A CALCIFICACAO ACIDO ZOLEDRONICO 0,05 MG/ML, SOLUCAO"
"8770",""
"8771","INJETAVEL, 100 ML"
"8772","AGENTES QUE ATUAM SOBRE A CALCIFICACAO ALENDRONATO DE SODIO 70MG"
"8773","AGENTES QUE ATUAM SOBRE A CALCIFICACAO PAMIDRONATO 60 MG, INJETAVEL"
"8774","AGENTES QUE ATUAM SOBRE A CALCIFICACAO PAMIDRONATO,DISSODICO 90MG-PO"
"8775",""
"8776","LIOFILIZADO"
"8777","AGENTES QUE ATUAM SOBRE A CALCIFICACAO RALOXIFENO 60MG"
"8778","AGENTES QUE ATUAM SOBRE A CALCIFICACAO RISEDRONATO SODICO 35 MG, COMPRIMIDO"
"8779","AIDS DAPSONA - 100MG"
"8780","ALIMENTACAO E REPOSICAO ELETROLITICA ORAIS BICARBONATO DE SODIO, SACHE 1 G"
"8781","ALIMENTACAO E REPOSICAO ELETROLITICA ORAIS CALCIO"
"8782",""
"8783","POLIESTIRENOSULFONATO,PÎ,ENVELOPE 30G"
"8784","ALIMENTACAO E REPOSICAO ELETROLITICA ORAIS CALCIO, CARBONATO 125 MG, CAPSULA"
"8785","ALIMENTACAO E REPOSICAO ELETROLITICA ORAIS CALCIO, CARBONATO 500 MG-MANIPULADO"
"8786","ALIMENTACAO E REPOSICAO ELETROLITICA ORAIS CALCIO, CARBONATO, PÎ, SACHE 1 G"
"8787","ALIMENTACAO E REPOSICAO ELETROLITICA ORAIS CARBONATO DE CALCIO +"
"8788",""
"8789","COLECALCIFEROL(500MG DE CALCIO +400UI)"
"8790","ALIMENTACAO E REPOSICAO ELETROLITICA ORAIS CARBONATO DE CALCIO +"
"8791",""
"8792","COLECALCIFEROL(600MG DE CALCIO +400UI)"
"8793","ALIMENTACAO E REPOSICAO ELETROLITICA ORAIS CARBONATO DE CALCIO, 1.250MG (500MG"
"8794",""
"8795","DE CALCIO)"
"8796","ALIMENTACAO E REPOSICAO ELETROLITICA ORAIS CITRATO DE POTASSIO 5 MG/ML, SOLUCAO"
"8797",""
"8798","ORAL, FRASCO 30 ML"
"8799","ALIMENTACAO E REPOSICAO ELETROLITICA ORAIS CITRATO DE POTASSIO,DOSE"
"8800",""
"8801","PERSONALIZADA,SOL.ORAL,FR.100ML"
"8802","ALIMENTACAO E REPOSICAO ELETROLITICA ORAIS COBRE QUELATO 1MG/ML, SOL. ORAL, SUSP."
"8803",""
"8804","75 ML-MANIPULDO"
"8805","ALIMENTACAO E REPOSICAO ELETROLITICA ORAIS FOSFORO QUELADO 50MG/ML, XAROPE,"
"8806",""
"8807","FRASCO 50 ML"
"8808","ALIMENTACAO E REPOSICAO ELETROLITICA ORAIS GLUTAMINA SACHE 1 G"
"8809","ALIMENTACAO E REPOSICAO ELETROLITICA ORAIS GLUTAMINA SACHE 2 G"
"8810","ALIMENTACAO E REPOSICAO ELETROLITICA ORAIS MAGNESIO, CITRATO SACHE 500 MG"
"8811","ALIMENTACAO E REPOSICAO ELETROLITICA ORAIS MAGNESIO, CITRATO SACHE 750 MG"
"8812","ALIMENTACAO E REPOSICAO ELETROLITICA ORAIS POTASSIO, CLORETO 600 MG, 8 MEQ, 0,315"
"8813",""
"8814","DE K*"
"8815","ALIMENTACAO E REPOSICAO ELETROLITICA ORAIS POTASSIO,CLORETO 6% 60MG/ML"
"8816",""
"8817","0,8MEQ/ML K SOL.ORAL,FR 50/150ML"
"8818","ALIMENTACAO E REPOSICAO ELETROLITICA ORAIS REIDRATANTE ORAL - PO P/ DILUICAO CFME."
"8819",""
"8820","DETERMINA A OMS"
"8821","ALIMENTACAO E REPOSICAO ELETROLITICA ORAIS SELENIOÄQUELADO 10 MCG/ML,Ä50 ML-"
"8822",""
"8823","MANIPULADO"
"8824","ALIMENTACAO E REPOSICAO HIDROELETROLITICA PARENTERAIS AMINOACIDOS-PEDIATRICO"
"8825",""
"8826","C/TAURINA 10%,SOLUCAO,FRASCO 250ML"
"8827","ALIMENTACAO E REPOSICAO HIDROELETROLITICA PARENTERAIS CALCIO, CLORETO-10%"
"8828",""
"8829","100MG/ML, 1,36 MEQ/ML DE CA,AMPOLA 10ML"
"8830","ALIMENTACAO E REPOSICAO HIDROELETROLITICA PARENTERAIS CALCIO,GLUCONATO"
"8831",""
"8832","10%,100MG/ML,0,45MEQ/ML CA, AMPOLA 10ML"
"8833","ALIMENTACAO E REPOSICAO HIDROELETROLITICA PARENTERAIS FOSFORO QUELADO 50"
"8834",""
"8835","MG/ML, XAROPE, 360 ML-MANIPULADO"
"8836","ALIMENTACAO E REPOSICAO HIDROELETROLITICA PARENTERAIS GLICOSE  25%,"
"8837",""
"8838","250MG/ML,SOLUCAO INJETAVEL, AMPOLA 10ML"
"8839","ALIMENTACAO E REPOSICAO HIDROELETROLITICA PARENTERAIS GLICOSE 10%,"
"8840",""
"8841","250ML,SOL.INJ.,FRASCO/BOLSA,SIST.FECHADO"
"8842","ALIMENTACAO E REPOSICAO HIDROELETROLITICA PARENTERAIS GLICOSE 10%,"
"8843",""
"8844","500ML,SOL.INJ.,FRASCO/BOLSA,SIST.FECHADO"
"8845","ALIMENTACAO E REPOSICAO HIDROELETROLITICA PARENTERAIS GLICOSE 5%, 100 OU"
"8846",""
"8847","125ML,SOL.INJ.,FRASCO/BOLSA,SIST.FECHADO"
"8848","ALIMENTACAO E REPOSICAO HIDROELETROLITICA PARENTERAIS GLICOSE 5%,"
"8849",""
"8850","500ML,SOL.INJETAVEL,FRASCO/BOLSA,SIT.FECHADO"
"8851","ALIMENTACAO E REPOSICAO HIDROELETROLITICA PARENTERAIS GLICOSE"
"8852",""
"8853","5%,1000ML,SOL.INJ.,FR./BOL.,SIST.FEC.,PARA QT (DET)"
"8854","ALIMENTACAO E REPOSICAO HIDROELETROLITICA PARENTERAIS GLICOSE 5%,250ML,"
"8855",""
"8856","SOL.INJET.,FRASCO,LIVRE DE PVC,SIST.FECH."
"8857","ALIMENTACAO E REPOSICAO HIDROELETROLITICA PARENTERAIS GLICOSE"
"8858",""
"8859","50%,500MG/ML,SOLUCAO INJETAVEL,AMPOLA 10ML"
"8860","ALIMENTACAO E REPOSICAO HIDROELETROLITICA PARENTERAIS LIPIDEOS OLEO DE"
"8861",""
"8862","SOJA+TRIGLICERIDEOS DE CADEIA MED/LONGA 20%"
"8863","ALIMENTACAO E REPOSICAO HIDROELETROLITICA PARENTERAIS MAGNESIO, SULFATO"
"8864",""
"8865","10%,100MG/ML, 0,8MEQ/ML MG AMPOLA 10ML"
"8866","ALIMENTACAO E REPOSICAO HIDROELETROLITICA PARENTERAIS MAGNESIO, SULFATO 50%"
"8867",""
"8868","4,05MEQ/ML MG, AMPOLA 10ML"
"8869","ALIMENTACAO E REPOSICAO HIDROELETROLITICA PARENTERAIS OLIGOELEMENTOS ADULTO, 2"
"8870",""
"8871","ML"
"8872","ALIMENTACAO E REPOSICAO HIDROELETROLITICA PARENTERAIS POLIVITAMINICO ADULTO E"
"8873",""
"8874","PEDIATRICO (DETALHADA)"
"8875","ALIMENTACAO E REPOSICAO HIDROELETROLITICA PARENTERAIS POTASSIO, CLORETO 19,1%,"
"8876",""
"8877","191MG/ML,2,6MEQ/ML K AMP.10ML"
"8878","ALIMENTACAO E REPOSICAO HIDROELETROLITICA PARENTERAIS POTASSIO, FOSFATO"
"8879",""
"8880","2MEQ/ML DE K E 2MEQ/ML DE P,SOL.INJ. 10ML"
"8881","ALIMENTACAO E REPOSICAO HIDROELETROLITICA PARENTERAIS RINGER"
"8882",""
"8883","C/LACTAT,SIST.FECHADO,SOL.INJ.FR/BOL 500ML"
"8884","ALIMENTACAO E REPOSICAO HIDROELETROLITICA PARENTERAIS RINGER"
"8885",""
"8886","SIMPLES,SIST.FECHADO,SOL.INJ.FR/BOL 500ML"
"8887","ALIMENTACAO E REPOSICAO HIDROELETROLITICA PARENTERAIS SODIO, BICARBONATO 8,4%"
"8888",""
"8889",",84MG/ML,1MEQ/ML NA,SOL.INJ.AMP.10ML"
"8890","ALIMENTACAO E REPOSICAO HIDROELETROLITICA PARENTERAIS SODIO, BICARBONATO 8,4%"
"8891",""
"8892","1MEQ/ML,SOL.INJ.250ML,FR/BOL,S.FE"
"8893","ALIMENTACAO E REPOSICAO HIDROELETROLITICA PARENTERAIS"
"8894",""
"8895","SODIO,CLOR.0,9%,100OU125ML,SOL.INJET.FR.,LIVRE PVC,SIST.FECH"
"8896","ALIMENTACAO E REPOSICAO HIDROELETROLITICA PARENTERAIS"
"8897",""
"8898","SODIO,CLOR.0,9%,50ML,SOL.INJET.FR.,LIVRE PVC,SIST.FECH"
"8899","ALIMENTACAO E REPOSICAO HIDROELETROLITICA PARENTERAIS SODIO,CLORETO 0,9% 1000ML"
"8900",""
"8901","SOL.INJ.BOLSA SIST.FECHADO"
"8902","ALIMENTACAO E REPOSICAO HIDROELETROLITICA PARENTERAIS SODIO,CLORETO 0,9%"
"8903",""
"8904","250ML,SOL.INJ.FR/BOL,SIST.FECHADO"
"8905","ALIMENTACAO E REPOSICAO HIDROELETROLITICA PARENTERAIS SODIO,CLORETO"
"8906",""
"8907","0,9%,1000ML,SOL.INJ.FR.,LIVRE DE PVC,SIST.FECH"
"8908","ALIMENTACAO E REPOSICAO HIDROELETROLITICA PARENTERAIS SODIO,CLORETO 20%,"
"8909",""
"8910","200MG/ML, 3,42MEQ/ML, INJ., AMP. 10ML"
"8911","ALIMENTACAO E REPOSICAO HIDROELETROLITICA PARENTERAIS SODIO,CLORETO,SORO FISIOL."
"8912",""
"8913","0,9%, 9MG/ML,0,15MEQ/ML NA,10ML"
"8914","ALIMENTACAO E REPOSICAO HIDROELETROLITICA PARENTERAIS"
"8915",""
"8916","SODIO,CLORETO0,9%,500ML,SOL.INJET.FR.LIVRE PVC,SIST.FECHADO"
"8917","ALIMENTACAO E REPOSICAO HIDROELETROLITICA PARENTERAIS SOL. NUTRICAO PARENTERAL"
"8918",""
"8919","PRONTA P/USO SIST.FECH. 1000ML"
"8920","ALIMENTACAO E REPOSICAO HIDROELETROLITICA PARENTERAIS SOL.NUTRICAO PARENTERAL"
"8921",""
"8922","PRONTA P/USO SIST.FECH.1400 A 2055ML"
"8923","ALIMENTACAO E REPOSICAO HIDROELETROLITICA PARENTERAIS SOL.NUTRICAO PARENTERAL"
"8924",""
"8925","PRONTA P/USO SIST.FECH.900 A 1250ML"
"8926","ALIMENTACAO E REPOSICAO HIDROELETROLITICA PARENTERAIS SOLUCAO DE NUTRICAO"
"8927",""
"8928","PARENTERAL PRONTA PARA USO EM SISTEMA(DE"
"8929","ALIMENTACAO E REPOSICAO HIDROELETROLITICA PARENTERAIS SOLUCAO GLICOFISIOLOGICA,"
"8930",""
"8931","FR./BOLSA 500ML (SIST. FECHADO)"
"8932","AMINOACIDOS FOSFATO TRICALCICO 50 MG/ML, 12,9%, SUSPENSAO, FRASCO 100 ML"
"8933","AMINOACIDOS L-CARNITINA 100 MG/ML, SOLUCAO ORAL, FRASCO 100 ML"
"8934","AMINOACIDOS L-CARNITINA 100 MG/ML, SOLUCAO ORAL, FRASCO 30 ML."
"8935","AMINOACIDOS SACAROSE 25%, XAROPE, FRASCO 100 ML"
"8936","ANALGESICO OPIOIDES E ANTAGONISTAS CODEINA 30MG"
"8937","ANALGESICO OPIOIDES E ANTAGONISTAS CODEINA 3MG/ML - SOLUCAO ORAL"
"8938","ANALGESICO OPIOIDES E ANTAGONISTAS METADONA 10MG"
"8939","ANALGESICO OPIOIDES E ANTAGONISTAS METADONA 5 MG/ML"
"8940","ANALGESICO OPIOIDES E ANTAGONISTAS METADONA CLORIDRATO 10MG/ML"
"8941","ANALGESICO OPIOIDES E ANTAGONISTAS MORFINA 30 MG CEPSULA DE LIBERAOEO"
"8942",""
"8943","CONTROLADA"
"8944","ANALGESICO OPIOIDES E ANTAGONISTAS MORFINA 60 MG CEPSULA DE LIBERAOEO"
"8945",""
"8946","CONTROLADA"
"8947","ANALGESICO OPIOIDES E ANTAGONISTAS MORFINA, 10MG/ML SOL. ORAL"
"8948","ANALGESICO OPIOIDES E ANTAGONISTAS MORFINA, SULFATO - 0,2MG/ML.(AMP. 1ML) EMB. EST."
"8949",""
"8950","(CONTR)"
"8951","ANALGESICO OPIOIDES E ANTAGONISTAS MORFINA, SULFATO - 1MG/ML"
"8952","ANALGESICO OPIOIDES E ANTAGONISTAS MORFINA, SULFATO - 30MG  (CONTR)"
"8953","ANALGESICO OPIOIDES E ANTAGONISTAS MORFINA, SULFATO 10 MG/ML, AMPOLA 1 ML"
"8954","ANALGESICO OPIOIDES E ANTAGONISTAS MORFINA, SULFATO 10MG"
"8955","ANALGESICO OPIOIDES E ANTAGONISTAS PETIDINA/MEPIRIDINA - 50MG/ML (AMP. 2ML)"
"8956",""
"8957","(CONTR)"
"8958","ANALGESICOS NAO OPIOIDES ACIDO ACETILSALICILICO - 100MG."
"8959","ANALGESICOS NAO OPIOIDES BUTILBROMETO DE ESCOPOLAMINA+DIPIRONA SODICA"
"8960",""
"8961","4MG/ML+500MG/ML"
"8962","ANALGESICOS NAO OPIOIDES DIPIRONA SODICA - 500MG/ML (AMP. 2ML)"
"8963","ANALGESICOS NAO OPIOIDES DIPIRONA SODICA 500 MG"
"8964","ANALGESICOS NAO OPIOIDES DIPIRONA SODICA,GOTAS-500MG/ML (FR. 10 A 20ML.)"
"8965","ANALGESICOS NAO OPIOIDES ESCOPOLAMINA N-BUTIL + DIPIRONA, - 10MG/ML (FR. 15 A 20 ML)"
"8966","ANALGESICOS NAO OPIOIDES ESCOPOLAMINA N-BUTIL 10MG+DIPIRONA 250MG,COMPRIMIDO"
"8967",""
"8968","REVESTID"
"8969","ANALGESICOS NAO OPIOIDES IBUPROFENO GOTAS 50 MG/ML ISENTO DE CORANTE, 30 ML"
"8970","ANALGESICOS NAO OPIOIDES PARACETAMOL 500MG"
"8971","ANALGESICOS NAO OPIOIDES PARACETAMOL 750 MG"
"8972","ANALGESICOS NAO OPIOIDES PARACETAMOL, GOTAS - 200MG/ML (FR. 10 A 15ML)"
"8973","ANALGESICOS NAO OPIOIDES TENOXICAM 20 MG, 10 MG/ML, PÎ LIOF. P/SOL.INJET. FR./AMP.2ML"
"8974","ANALGESICOS OPIOIDES (INDICADOS NA DOR NEOPLASICA) AZATIOPRINA 50 MG"
"8975","ANALGESICOS OPIOIDES (INDICADOS NA DOR NEOPLASICA) MEGESTROL, ACETATO - 160MG"
"8976","ANALGESICOS OPIOIDES (INDICADOS NA DOR NEOPLASICA) TRAMADOL, CLORIDRATO - 50MG"
"8977",""
"8978","(CONTR)"
"8979","ANALGESICOS OPIOIDES (INDICADOS NA DOR NEOPLASICA) TRAMADOL, CLORIDRATO 100"
"8980",""
"8981","MG/ML, GOTAS, FRASCO 10 A 20 ML"
"8982","ANALGESICOS OPIOIDES (INDICADOS NA DOR NEOPLASICA) TRAMADOL, CLORIDRATO-INJ. - 50"
"8983",""
"8984","MG/ML - AMPOLA 2 ML  (CONTR)"
"8985","ANESTESICOS E COADJUVANTES ALFENTANIL,CLORIDRATO 5MG, 0,5MG/ML,SOL.INJ.AMP.10 ML"
"8986","ANESTESICOS E COADJUVANTES ALFENTANIL,CLORIDRATO 5MG,"
"8987",""
"8988","0,5MG/ML,SOL.INJETAVEL,AMPOLA 5ML"
"8989","ANESTESICOS E COADJUVANTES ATRACPRIO DIBESILATO 50MG"
"8990","ANESTESICOS E COADJUVANTES ATRACÞRIO,DIBESILATO 25MG, 10MG/ML SOL.INJ.,AMP.2,5ML"
"8991","ANESTESICOS E COADJUVANTES BACLOFENO 10MG - COMPRIMIDO"
"8992","ANESTESICOS E COADJUVANTES CISATRACPRIO BESILATO 2MG/ML AMPOLA 10ML"
"8993","ANESTESICOS E COADJUVANTES CISATRACPRIO BESILATO 2MG/ML AMPOLA 5ML"
"8994","ANESTESICOS E COADJUVANTES EFEDRINA,SULFATO 50MG, 50MG/ML,SOLUCAO"
"8995",""
"8996","INJETAVEL,AMPOLA 1ML"
"8997","ANESTESICOS E COADJUVANTES EPINEFRINA 1MG/ML - SOLUCAO INJETAVEL"
"8998","ANESTESICOS E COADJUVANTES FENTANILA,CITRATO 0,5MG 0,05MG/ML,SOL.INJ.FRA/AMP"
"8999",""
"9000","10ML"
"9001","ANESTESICOS E COADJUVANTES FLUMAZENIL 0,5MG, 0,1MG/ML,SOL.INJ. AMPOLA 5ML"
"9002","ANESTESICOS E COADJUVANTES METARAMINOL, BITARTARATO 10MG/ML, SOL.INJ.(AMP. 1ML)"
"9003","ANESTESICOS E COADJUVANTES NALOXONA,CLORIDRATO 0,4MG,0,4MG/ML,SOLUCAO"
"9004",""
"9005","INJ.,AMPOLA 1MLR)"
"9006","ANESTESICOS E COADJUVANTES PANCURONIO,BROMETO 4MG,2MG/ML,SOL.INJ. AMPOLA 2ML"
"9007","ANESTESICOS E COADJUVANTES REMIFENTANILA 2MG, PO LIOFILIZADO INJETAVEL, FRASCO-"
"9008",""
"9009","AMPOLA"
"9010","ANESTESICOS E COADJUVANTES ROCURONIO,BROMETO 50MG,10MG/ML,SOL.INJ.FR/AMP.5ML"
"9011","ANESTESICOS E COADJUVANTES"
"9012",""
"9013","SUFENTANILA,CITRATO(EMB.EST.)10MCG,5MCG/ML,SOL.INJ.AMPOLA2ML"
"9014","ANESTESICOS E COADJUVANTES"
"9015",""
"9016","SUFENTANILA,CITRATO250MCG,50MCG/ML,SOL.INJ.AMPOLA5ML"
"9017","ANESTESICOS E COADJUVANTES SUXAMETONIO,CLORETO (SUCCINILCOLINA)100MG,PO"
"9018",""
"9019","LIOFIL.INJ."
"9020","ANESTESICOS E COADJUVANTES VECURONIO,BROMETO 4MG, 4MG/ML,SOL.INJ.,AMPOLA 1ML"
"9021","ANESTESICOS GERAIS  CLORIDRATO DE DEXTROCETAMINA 50MG/ML - 10ML"
"9022","ANESTESICOS GERAIS CETAMINA,CLORIDRATO 50MG/ML,SOL.INJETAVEL,FRASCO-AMPOLA 2ML"
"9023","ANESTESICOS GERAIS ETOMIDATO 20MG, 2MG/ML,SOLUCAO INJETAVEL, AMP 10ML"
"9024","ANESTESICOS GERAIS FENTANILA,CITRATO 0,05MG/ML, EMB. ESTERIL - 2ML"
"9025","ANESTESICOS GERAIS ISOFLURANO, SOLUCAO INALATÎRIA,FRASCO DE 240ML"
"9026","ANESTESICOS GERAIS MIDAZOLAM 15 MG, 5MG/ML, SOLUCAO INJETAVEL, 3 ML"
"9027","ANESTESICOS GERAIS MIDAZOLAM 50 MG, 5 MG/ML, SOLUCAO INJETAVEL, 10 ML"
"9028","ANESTESICOS GERAIS PROPOFOL 1% (10MG/ML) EMULSAO INJETAVEL, 100ML"
"9029","ANESTESICOS GERAIS PROPOFOL 1% (10MG/ML)EMULSAO INJETAVEL,FR/AMP.50ML"
"9030","ANESTESICOS GERAIS PROPOFOL 1%,10MG/ML, SOL.INJ.,SERINGA PRONTA 50ML  (CONTR)"
"9031","ANESTESICOS GERAIS PROPOFOL 200MG, 10MG/ML,SOL.INJ,FR/AMP OU AMP.20ML"
"9032","ANESTESICOS GERAIS SEVOFLURANO SOL. INALATORIA FRASCO 240 A 250ML (DET)"
"9033","ANESTESICOS GERAIS TIOPENTAL SODICO, 1G, PO LIOFILIZADO INJETAVEL,FRA/AMPOLA"
"9034","ANESTESICOS LOCAIS BUPIVACAINA,CLORIDRATO C/VC(EMB.EST.)0,5%,5MG/ML,FRA/AMP20ML"
"9035","ANESTESICOS LOCAIS BUPIVACAINA,CLORIDRATO C/VC(EMB.EST)0,75%,7,5MG/ML,S.I.F/A20"
"9036","ANESTESICOS LOCAIS BUPIVACAINA,CLORIDRATO S/VC(EMB.E)0,25%,2,5MG/ML S.I.F/A.20"
"9037","ANESTESICOS LOCAIS BUPIVACAINA,CLORIDRATO S/VC(EMB.EST.)0,5%,5MG/ML FR/AMP20ML"
"9038","ANESTESICOS LOCAIS BUPIVACAINA,CLORIDRATO S/VC(EMB.EST.)0,75%,7,5MG/ML F/A-20ML"
"9039","ANESTESICOS LOCAIS BUPIVACAINA,CLORIDRATO VC(EMB.EST)0,25%,2,5MG/MLSOLU.I,F/A20"
"9040","ANESTESICOS LOCAIS BUPIVACAINA,HIPERBARICA(EMB.EST)0,05%,5MH/ML,SOL.INJ.AMP.4ML"
"9041","ANESTESICOS LOCAIS BUPIVACAINA,ISOBARICA 5MG/ML,COL.INJ.AMPOLA 4ML."
"9042","ANESTESICOS LOCAIS LIDOCAINA CLOR S/VC 2% 20MG/ML.SOL.INJ. FR/AMP 20ML"
"9043","ANESTESICOS LOCAIS LIDOCAINA CLOR.C/VC 2%,20MG/ML.S.I.,FRASCO/AMP.20ML"
"9044","ANESTESICOS LOCAIS LIDOCAINA CLORIDRATO S/VC 2%,20MG/ML,SOL.INJ.TUBETE 1,8ML"
"9045","ANESTESICOS LOCAIS LIDOCAINA,CLORIDRATO 10%,100MG/ML - SPRAY (FR. 50ML)"
"9046","ANESTESICOS LOCAIS LIDOCAINA,CLORIDRATO 2%,20MG/G,GELEIA,BISNAGA 20 A 30G."
"9047","ANESTESICOS LOCAIS LIDOCAINA,CLORIDRATO C/VC.2%,20MG/ML,S.I.,TUB.1,8ML"
"9048","ANESTESICOS LOCAIS LIDOCAINA,CLORIDRATO C/VC(EMB.EST)1%,10MG/ML.FR/AMP 20ML"
"9049","ANESTESICOS LOCAIS LIDOCAINA,CLORIDRATO S/VC 1%,10MG,ML,S.I.,FRASCO/AMPOLA20ML"
"9050","ANESTESICOS LOCAIS PRILOCAINA + LIDOCAINA(25MG/G + 25MG/G),CREME, BISN 5G"
"9051","ANESTESICOS LOCAIS ROPIVACAINA, CLORIDRATO 10MG/ML,SOL.INJETAVEL (AMP. 20ML)"
"9052","ANESTESICOS LOCAIS ROPIVACAINA, CLORIDRATO 2MG/ML,SOL.INJETAVEL (AMPOLA C/20ML)"
"9053","ANESTESICOS LOCAIS TETRACAINA,CLOR.+HEXAMIDINA,ISE.1,0MG/ML+0,5MG/ML,SPRAY,50ML"
"9054","ANSIOLITICOS DIAZEPAM 10 MG"
"9055","ANSIOLITICOS DIAZEPAM 5 MG"
"9056","ANSIOLITICOS DIAZEPAM 5 MG/ML, SOLUCAO INJETAVEL, 2 ML"
"9057","ANTI-ALERGICOS DEXCLORFENIRAMINA, MALEATO 2 MG"
"9058","ANTI-ALERGICOS DEXCLORFENIRAMINA,MALEATO 0,4MG/ML,SOL.ORAL,FR.100 A 120ML"
"9059","ANTI-ALERGICOS DIFENIDRAMINA, CLORIDRATO 50MG/ML-INJETAVEL"
"9060","ANTI-ALERGICOS LORATADINA 1 MG/ML, XAROPE - 100 ML"
"9061","ANTI-ALERGICOS LORATADINA 10MG"
"9062","ANTI-ALERGICOS PROMETAZINA, CLORIDRATO - 25MG/ML (AMP 2ML)"
"9063","ANTI-ALERGICOS PROMETAZINA, CLORIDRATO 25 MG, COMPRIMIDO REVESTIDO"
"9064","ANTI-HEMORRAGICOS PROTAMINA, CLORIDRATO 1000UI, SOL. INJETAVEL AMPOLA 5ML"
"9065","ANTI-HEMORRAGICOS TRANEXAMICO, ACIDO - 50MG/MLAMP.5ML"
"9066","ANTI-HIPERTENSIVOS AMBRISENTANA 10 MG COMPRIMIDO REVESTIDO"
"9067","ANTI-HIPERTENSIVOS AMBRISENTANA 5MG COMPRIMIDO REVESTIDO"
"9068","ANTI-HIPERTENSIVOS AMILORIDA, CLORIDRATO 5MG + HIDROCLOROTIAZIDA 50MG"
"9069","ANTI-HIPERTENSIVOS ANLODIPINA, BESILATO 1 MG/ML, SUSPENSAO ORAL, FRASCO 30 ML"
"9070","ANTI-HIPERTENSIVOS ANLODIPINA, BESILATO 2,5 MG/ML, SOLUCAO ORAL, FRASCO 30 ML"
"9071","ANTI-HIPERTENSIVOS ANLODIPINA, BESILATO 5 MG, COMPRIMIDO"
"9072","ANTI-HIPERTENSIVOS ATENOLOL 10 MG/ML, SOLUCAO ORAL, FRASCO 30 ML"
"9073","ANTI-HIPERTENSIVOS ATENOLOL 25MG COMPRIMIDO"
"9074","ANTI-HIPERTENSIVOS ATENOLOL 50MG COMPRIMIDO"
"9075","ANTI-HIPERTENSIVOS BOSENTANA 125 MG COMPRIMIDO REVESTIDO"
"9076","ANTI-HIPERTENSIVOS BOSENTANA 62,5 MG COMPRIMIDO REVESTIDO"
"9077","ANTI-HIPERTENSIVOS CAPTOPRIL - 12,5MG"
"9078","ANTI-HIPERTENSIVOS CAPTOPRIL 1 MG/ML, XAROPE, FRASCO 30 ML"
"9079","ANTI-HIPERTENSIVOS CAPTOPRIL 2,5 MG/ML, XAROPE,  FRASCO 30 ML"
"9080","ANTI-HIPERTENSIVOS CAPTOPRIL 25MG COMPRIMIDO"
"9081","ANTI-HIPERTENSIVOS CLONIDINA - 150 MCG/ML - 1 ML"
"9082","ANTI-HIPERTENSIVOS CLONIDINA,CLORIDRATO - 150 MCG."
"9083","ANTI-HIPERTENSIVOS CLORTALIDONA - 12,5MG"
"9084","ANTI-HIPERTENSIVOS CLORTALIDONA - 50MG"
"9085","ANTI-HIPERTENSIVOS ENALAPRIL 1 MG/ML, SOLUCAO ORAL, FRASCO 30 ML"
"9086","ANTI-HIPERTENSIVOS ENALAPRIL 2,5 MG/ML, SOLUCAO ORAL, 30 ML-MANIPULADO"
"9087","ANTI-HIPERTENSIVOS ENALAPRIL, MALEATO 10 MG, COMPRIMIDO"
"9088","ANTI-HIPERTENSIVOS ENALAPRIL, MALEATO 20 MG"
"9089","ANTI-HIPERTENSIVOS ESPIRONOLACTONA - 25MG"
"9090","ANTI-HIPERTENSIVOS ESPIRONOLACTONA 100 MG"
"9091","ANTI-HIPERTENSIVOS ESPIRONOLACTONA 5 MG/ML, SOLUCAO ORAL, FRASCO 30 ML"
"9092","ANTI-HIPERTENSIVOS FUROSEMIDA 1 MG/ML, SOLUCAO ORAL, FRASCO 30 ML"
"9093","ANTI-HIPERTENSIVOS FUROSEMIDA 10 MG/ML, SOLUCAO ORAL, FRASCO 30 ML"
"9094","ANTI-HIPERTENSIVOS FUROSEMIDA 10MG/ML, SOLUCAO INJETAVEL, AMPOLA  2 ML"
"9095","ANTI-HIPERTENSIVOS FUROSEMIDA 40MG COMPRIMIDO"
"9096","ANTI-HIPERTENSIVOS HIDRALAZINA 5 MG/ML, XAROPE, FRASCO 30 ML"
"9097","ANTI-HIPERTENSIVOS HIDRALAZINA 50MG"
"9098","ANTI-HIPERTENSIVOS HIDRALAZINA, CLORIDRATO - 20MG/ML (AMP. 1ML)"
"9099","ANTI-HIPERTENSIVOS HIDRALAZINA, CLORIDRATO -25MG"
"9100","ANTI-HIPERTENSIVOS HIDROCLOROTIAZIDA - 50MG"
"9101","ANTI-HIPERTENSIVOS HIDROCLOROTIAZIDA 2,5 MG/ML, XAROPE, 30 ML-MANIPULADO"
"9102","ANTI-HIPERTENSIVOS HIDROCLOROTIAZIDA 25MG COMPRIMIDO"
"9103","ANTI-HIPERTENSIVOS ILOPROSTA 10MCG/ML,SOLUCAO PARA INALAÇÃO,1ML"
"9104","ANTI-HIPERTENSIVOS LISINOPRIL - 10MG"
"9105","ANTI-HIPERTENSIVOS LOSARTAN 100 MG/ML, SOLUCAO ORAL, FRASCO 30 ML"
"9106","ANTI-HIPERTENSIVOS LOSARTANA, POTASSIO 50MG COMPRIMIDO"
"9107","ANTI-HIPERTENSIVOS MANITOL 20%,200MG/ML,SOL.INJET.,FR.-BOLSA,SIST.FECHADO 250ML"
"9108","ANTI-HIPERTENSIVOS METILDOPA 250 MG"
"9109","ANTI-HIPERTENSIVOS METILDOPA 500MG COMPRIMIDO"
"9110","ANTI-HIPERTENSIVOS METOPROLOL SUCCINATO 50MG - COMP.DE LIBERAÇÃO CONTROLADA"
"9111","ANTI-HIPERTENSIVOS METOPROLOL, SUCCINATO 100MG"
"9112","ANTI-HIPERTENSIVOS METOPROLOL, SUCCINATO 50 MG"
"9113","ANTI-HIPERTENSIVOS METOPROLOL, TARTARATO 5MG, SOLUCAO INJETAVEL, AMPOLA 5ML"
"9114","ANTI-HIPERTENSIVOS NITROPRUSSETO DE SODIO 50MG, INJETAVEL, FRASCO-AMPOLA"
"9115","ANTI-HIPERTENSIVOS PROPRANOLOL 1 MG/ML, SOLUCAO ORAL, FRASCO 30 ML"
"9116","ANTI-HIPERTENSIVOS PROPRANOLOL 10 MG/ML, SOLUCAO ORAL, FRASCO 30 ML"
"9117","ANTI-HIPERTENSIVOS PROPRANOLOL, CLORIDRATO 40MG COMPRIMIDO"
"9118","ANTI-SEPTICOS AGUA OXIGENADA 10 VOLUMES - FRASCO COM 100ML"
"9119","ANTI-SEPTICOS ÇGUA OXIGENADA 10 VOLUMES, SOLUCAO, 1.000 ML"
"9120","ANTI-SEPTICOS ÇLCOOL ETILICO 70%, 100 ML"
"9121","ANTI-SEPTICOS CLOREXIDINA, GLICONATO, 0,5 %, SOLUCAO ALCOÎLICA, 1.000 ML"
"9122","ANTI-SEPTICOS CLOREXIDINA, GLUCONATO 2%, DEGERMANTE, FRASCO PUMP 1000 ML"
"9123","ANTI-SEPTICOS CLOREXIDINA, GLUCONATO 2%, DEGERMANTE,FRASCO ALMOTOLIA 100ML"
"9124","ANTI-SEPTICOS CLOREXIDINA, GLUCONATO 4%, 1.000 ML"
"9125","ANTI-SEPTICOS CLOREXIDINE 0,5%, SOLUCAO ALCOOLICA, FRASCO 30ML"
"9126","ANTI-SEPTICOS CLOREXIDINE, GLUCONATO 0,5%, SOLUCAO ALCOÎLICA, 100 ML"
"9127","ANTI-SEPTICOS IODOPOVIDONA 10% (1% IODO ATIVO), SOLUCAO AQUOSA, 1.000 ML"
"9128","ANTI-SEPTICOS IODOPOVIDONA 10% (1% IODO ATIVO), SOLUCAO AQUOSA, 100 ML"
"9129","ANTI-SEPTICOS IODOPOVIDONA 10% (1% IODO ATIVO),SOL.HIDROALCOÎLICA,1.000 ML"
"9130","ANTI-SEPTICOS IODOPOVIDONA 10%(1%IODO ATIVO),TENSOATIVA/DERGEMANTE,1.000ML"
"9131","ANTIAGREGANTES PLAQUETARIOS CLOPIDOGREL 75 MG"
"9132","ANTIAGREGANTES PLAQUETARIOS DIPIRIDAMOL 5MG/ML SOLUCAO INJETAVEL AMPOLA 2ML"
"9133","ANTIAGREGANTES PLAQUETARIOS PENTOXIFILINA - 400 MG."
"9134","ANTIAGREGANTES PLAQUETARIOS TICLOPIDINA 250 MG, COMPRIMIDO"
"9135","ANTIAGREGANTES PLAQUETARIOS TIROFIBAN, CLORIDRATO 0,25 MG/ML SOL.INJ. (FR/AMP50ML)"
"9136","ANTIANEMICOS ACIDO FÎLICO 1 MG/ML, SOLUCAO ORAL, FRASCO 20 ML"
"9137","ANTIANEMICOS ACIDO FÎLICO 5 MG"
"9138","ANTIANEMICOS ACIDO FÎLICO 5 MG/ML, SOLUCAO ORAL, FRASCO 10 ML"
"9139","ANTIANEMICOS ACIDO FOLINICO 15 MG"
"9140","ANTIANEMICOS ACIDO FOLINICO 5 MG/M, SOLUCAO ORAL, 30 ML-MANIPULADO"
"9141","ANTIANEMICOS ACIDO FOLINICO 50 MG, PÎ LIÎFILO INJETAVEL, FRASCO-AMPOLA"
"9142","ANTIANEMICOS FERRO,SACARATO DE HIDROXIDO IV 20MG/ML,SOLUCAO INJETAVEL,5ML"
"9143","ANTIARRITMICOS=BLOQUEAD.NA, CA, BETA, INIBIDORES REPOLARIZAC ADENOSINA 3MG/ML,SOLUÇÃO INJETAVEL, AMPOLA 2ML"
"9144","ANTIARRITMICOS=BLOQUEAD.NA, CA, BETA, INIBIDORES REPOLARIZAC AMIODARONA,CLORIDRATO - 200MG"
"9145","ANTIARRITMICOS=BLOQUEAD.NA, CA, BETA, INIBIDORES REPOLARIZAC AMIODARONA,CLORIDRATO 50MG/ML, SOLUCAO INJETAVEL,AMPOLA 3ML"
"9146","ANTIARRITMICOS=BLOQUEAD.NA, CA, BETA, INIBIDORES REPOLARIZAC AMIODARONA,CLORIDRATO SOL. ORAL 5MG/ML - FR. 30ML"
"9147","ANTIARRITMICOS=BLOQUEAD.NA, CA, BETA, INIBIDORES REPOLARIZAC CARVEDILOL 12,5MGCOMPRIMIDO"
"9148","ANTIARRITMICOS=BLOQUEAD.NA, CA, BETA, INIBIDORES REPOLARIZAC CARVEDILOL 3,125 MG"
"9149","ANTIARRITMICOS=BLOQUEAD.NA, CA, BETA, INIBIDORES REPOLARIZAC CARVEDILOL, 25 MG"
"9150","ANTIARRITMICOS=BLOQUEAD.NA, CA, BETA, INIBIDORES REPOLARIZAC CARVEDILOL, 6,25 MG"
"9151","ANTIARRITMICOS=BLOQUEAD.NA, CA, BETA, INIBIDORES REPOLARIZAC ISOPRENALINA0,2MG/ML - AMPOLA 1 ML"
"9152","ANTIARRITMICOS=BLOQUEAD.NA, CA, BETA, INIBIDORES REPOLARIZAC PROPAFENONA,CLORIDRATO 300 MG"
"9153","ANTIARRITMICOS=BLOQUEAD.NA, CA, BETA, INIBIDORES REPOLARIZAC VERAPAMILA,CLORIDRATO - 2,5MG/ML (AMP. 2ML)"
"9154","ANTIARRITMICOS=BLOQUEAD.NA, CA, BETA, INIBIDORES REPOLARIZAC VERAPAMILA,CLORIDRATO 80 MG"
"9155","ANTIASMATICOS AMINOFILINA - 24MG/ML ( AMP. 10 ML)"
"9156","ANTIASMATICOS AMINOFILINA 100MG, COMPRIMIDO"
"9157","ANTIASMATICOS BECLOMETASONA 200MCG CAPSULA + INALADOR"
"9158","ANTIASMATICOS BECLOMETASONA 400MCG CAPSULA + INALADOR"
"9159","ANTIASMATICOS BECLOMETASONA, DIPROPIONATO 250MCG, SPRAY, FRASCO 200 DOSES"
"9160","ANTIASMATICOS BUDESONIDA 200 MCG, POR CAPSULA INALANTE + INALADOR"
"9161","ANTIASMATICOS BUDESONIDA 32MCG/DOSE-AEROSOL/SPRAY"
"9162","ANTIASMATICOS BUDESONIDA 400MCG CAPSULA INALANTE"
"9163","ANTIASMATICOS FENOTEROL, BROMIDRATO 100 MCG/DOSE SOLUCAO AEROSOL 200 DOSES"
"9164","ANTIASMATICOS FENOTEROL. BROMIDRATO - 5MG/ML - GOTAS (FR. 20ML)"
"9165","ANTIASMATICOS FORMOTEROL 12MCG + BUDESONIDA 400MCG PO INALANTE (DET)"
"9166","ANTIASMATICOS FORMOTEROL 6MCG + BUDESONIDA 200MCG PO INALANTE (DET)"
"9167","ANTIASMATICOS FORMOTEROL, FUMARATO 12MCG, CAPSULA INALANTE + INALADOR"
"9168","ANTIASMATICOS FORMOTEROL+BUDESONIDA 12MCG+400MCG (CAPS + INALADOR)"
"9169","ANTIASMATICOS FORMOTEROL+BUDESONIDA 6MCG+200MCG (CAPS + INALADOR)"
"9170","ANTIASMATICOS IPRATROPIO 0,02MG+FENOTEROL 0,05MG/DOSE AEROSSOL FR 200DOSES"
"9171","ANTIASMATICOS IPRATROPIO, BR.- 0,250MG/ML-SOL. INAL.( FR. 20ML)"
"9172","ANTIASMATICOS SALBUTAMOL 100MCG AEROSSOL.FRASCO 200 DOSES"
"9173","ANTIASMATICOS SALBUTAMOL, SULFATO-0,5MG/ML - SOL. INJ. (AMP. 1ML)"
"9174","ANTIBACTERIANOS AMICACINA, SULFATO - 250MG/ML,SOLUÇÃO INJ.,AMPOLA 2ML"
"9175","ANTIBACTERIANOS AMICACINA,SULFATO 100MG/ML OU 50MG/ML,SOL.INJ.,AMP.1OU2ML"
"9176","ANTIBACTERIANOS AMOX+CLAV POTASSIO PO SUSP.ORAL 250MG+62,5MG/ML+ (DETALHADA)"
"9177","ANTIBACTERIANOS AMOXICILINA + CLAVULANATO DE POTASSIO, 875MG + 125MG"
"9178","ANTIBACTERIANOS AMOXICILINA 250MG/5ML,50MG/ML,PÎ P/SUSPENSAO ORAL FR.100A150"
"9179","ANTIBACTERIANOS AMOXICILINA 500 MG"
"9180","ANTIBACTERIANOS AMOXICILINA+CLAVULANATO DE POTASSIO 500MG"
"9181","ANTIBACTERIANOS AMOXICILINA+POTASSIO,CLAVULANATO500MG+100MG,PÎ LIÎFILO,FR/AM"
"9182","ANTIBACTERIANOS AMPICILINA 1G,PO LIOFILO INJETAVEL,FRASCO-AMPOLA"
"9183","ANTIBACTERIANOS AMPICILINA SULBACTAN 1,5G,PÎ LIÎFILO INJETAVEL,FRASCO-AMPOLA"
"9184","ANTIBACTERIANOS AZITROMICINA 500 MG"
"9185","ANTIBACTERIANOS AZITROMICINA 500MG. PO LIÎFILO INJETAVEL,FRASCO-AMPOLA"
"9186","ANTIBACTERIANOS AZITROMICINA 600MG,PO PARA SUSPENSAO ORAL"
"9187","ANTIBACTERIANOS BENZILPEN. PROCAINA+BENZILPENIC. POTASSICA 300MIL+100MIL UI"
"9188","ANTIBACTERIANOS BENZILPENICILINA BENZATINA 1.200.000 UI,PÎ LIÎFILO INJETAVEL"
"9189","ANTIBACTERIANOS BENZILPENICILINA POTASSICA 5 MILHOES UI,PÎ LIÎFILO INJ.FRAS"
"9190","ANTIBACTERIANOS CEFALEXINA 250 MG/5ML, 50 MG/ML, SUSPENSAO, FRASCO 60 ML"
"9191","ANTIBACTERIANOS CEFALEXINA 500MG, CAPSULA/DRAGEA/COMPRIMIDO"
"9192","ANTIBACTERIANOS CEFAZOLINA - 1G, PÎ LIÎFILO INJETAVEL, FRASCO - AMPOLA"
"9193","ANTIBACTERIANOS CEFEPIMA  1G  IV,PÎ LIÎFILO INJETAVEL,FRASCO AMPOLA"
"9194","ANTIBACTERIANOS CEFEPIME - 2G - IV,PÎ LIÎFILO INJETAVEL,FRASCO-AMPOLA"
"9195","ANTIBACTERIANOS CEFOTAXIMA  1G,PÎ LIÎFILO INJETAVEL, FRASCO-AMPOLA"
"9196","ANTIBACTERIANOS CEFOXITINA - 1G, PÎ LIÎFILO INJETAVEL,FRASCO-AMPOLA"
"9197","ANTIBACTERIANOS CEFTAZIDIMA 1G,PÎ LIÎFILO INJ.,FRASCO-AMPOLA"
"9198","ANTIBACTERIANOS CEFTAZIDIMA PENTAIDRATADA 2000MG+AVIBACTAM SÓDICO 500MG-2,5G"
"9199","ANTIBACTERIANOS CEFTRIAXONA 1G IV, PÎ LIÎFILO INJETAVEL"
"9200","ANTIBACTERIANOS CEFTRIAXONA 500MG, PÎ PARA SOLUCAO INJETAVEL"
"9201","ANTIBACTERIANOS CEFUROXIMA - SOL. INJ. - 750MG - IV"
"9202","ANTIBACTERIANOS CIPROFLOXACINA, CLORIDRATO 200MG/100ML, 2MG/ML,SOL.INJ.100ML"
"9203","ANTIBACTERIANOS CIPROFLOXACINA, CLORIDRATO 500 MG"
"9204","ANTIBACTERIANOS CLARITROMICINA 500 MG"
"9205","ANTIBACTERIANOS CLARITROMICINA 500 MG, LIBERACAO CONTROLADA"
"9206","ANTIBACTERIANOS CLARITROMICINA,500MG PO LIOF.P/SOL. INJ. FRASCO/AMPOLA"
"9207","ANTIBACTERIANOS CLINDAMICINA, CLORIDRATO 300MG"
"9208","ANTIBACTERIANOS CLINDAMICINA, FOSFATO - 300MG (DETALHADA)"
"9209","ANTIBACTERIANOS CLINDAMICINA, FOSFATO - 600MG  (AMPOLA 4ML)"
"9210","ANTIBACTERIANOS COLISTIMETATO DE SODIO 1.000.000 UI"
"9211","ANTIBACTERIANOS DAPTOMICINA 500 MG,PÎ LIOFILIZADO INJETAVEL,FRASCO/AMPOLA"
"9212","ANTIBACTERIANOS DOXICICLINA, CLORIDRATO 100 MG"
"9213","ANTIBACTERIANOS ERTAPENEN SODICO 1G, PÎ LIOFILIZADO, SOLUÇÃO INJETAVEL FR-AM"
"9214","ANTIBACTERIANOS GENTAMICINA, SULFATO - 40MG/ML,SOLUÇÃO INJETAVEL,AMP 1 ML"
"9215","ANTIBACTERIANOS GENTAMICINA, SULFATO 80 MG/2 ML, 40 MG/ML, SOLUCAO INJETAVEL"
"9216","ANTIBACTERIANOS IMIPENEM + CILASTATINA SODICA-500MG,PÎ LIÎFILO INJ.FR.AMP."
"9217","ANTIBACTERIANOS LEVOFLOXACINA 500 MG"
"9218","ANTIBACTERIANOS LEVOFLOXACINA 500MG/100ML,5MG/ML,SOLUÇÃO INJ.,FRAS.BOL.100ML"
"9219","ANTIBACTERIANOS LINEZOLIDA  600 MG"
"9220","ANTIBACTERIANOS LINEZOLIDA 600MG/300ML,2MG/ML,SOLUÇÃO INJETAVEL,FRASCO-AMP."
"9221","ANTIBACTERIANOS MEROPENEM 1G, PÎ LIÎFILO INJETAVEL"
"9222","ANTIBACTERIANOS MEROPENEM 500MG PÎ LIÎFILO INJETAVEL, FRASCO-AMPOLA"
"9223","ANTIBACTERIANOS METRONIDAZOL - 250MG"
"9224","ANTIBACTERIANOS METRONIDAZOL - SUSP. ORAL - 40MG/ML  FR 80 A 100ML"
"9225","ANTIBACTERIANOS METRONIDAZOL 500MG/ML,SOLUÇÃO INJETAVEL,FRASCO BOLSA 100ML"
"9226","ANTIBACTERIANOS NEOMICINA,SULFATO 0,05%+BACITRACINA 250UI,POMADA,BISNAGA 10G"
"9227","ANTIBACTERIANOS NEOMICINA,SULFATO 0,05%+BACITRACINA 250UI,POMADA,BISNAGA 50G"
"9228","ANTIBACTERIANOS NITROFURANTOINA 100 MG, CAPSULA"
"9229","ANTIBACTERIANOS NORFLOXACINA 400 MG"
"9230","ANTIBACTERIANOS OXACILINA 500MG,PÎ LIÎFILO INJ.,FRACSO-AMPOLA"
"9231","ANTIBACTERIANOS PIPERACILINA + TAZOBACTAN 2,25G,PÎ LIÎFILO INJ.,FRAS.AMP."
"9232","ANTIBACTERIANOS PIPERACILINA + TAZOBACTAN 4,5G,PÎ LIÎFILO INJ.FRASCO-AMP."
"9233","ANTIBACTERIANOS POLIMIXINA B, SULFATO 500.000UI,PÎ LIÎFILO INJ.,FRASCO-AMP"
"9234","ANTIBACTERIANOS RIFAMICINA SODICA 10MG/ML,SOLUÇÃO,FRASCO SPRAY 20ML"
"9235","ANTIBACTERIANOS RIFAMPICINA 300 MG"
"9236","ANTIBACTERIANOS SULFADIAZINA 500 MG"
"9237","ANTIBACTERIANOS SULFADIAZINA DE PRATA MICRONIZADA CREME 1%(POTE 400 A 500G)"
"9238","ANTIBACTERIANOS SULFADIAZINA DE PRATA MICRONIZADA, CREME 1% (DETALHADA)"
"9239","ANTIBACTERIANOS SULFAMET.200MG+TRIMETOPRIMA 40MG/5ML SUSP.ORAL FR.60 A 100ML"
"9240","ANTIBACTERIANOS SULFAMETOXAZOL 400MG + TRIMETOPRIMA 80MG"
"9241","ANTIBACTERIANOS SULFAMETOXAZOL+TRIMETOPRIMA IV400MG/5ML +80MG/(DETALHADA)"
"9242","ANTIBACTERIANOS SULFASSALAZINA 500 MG"
"9243","ANTIBACTERIANOS TEICOPLANINA 200MG,PÎ LIÎFILO INJETAVEL,FRASCO-AMPOLA"
"9244","ANTIBACTERIANOS TIGECICLINA,50MG.PÎ LIÎFILO INJ.,FRASCO-AMPOLA"
"9245","ANTIBACTERIANOS TOBRAMICINA  300 MG - SOLUCAO INALATORIA"
"9246","ANTIBACTERIANOS TOBRAMICINA SULFATO75MG/ML SOLUÇÃO INJETAVEL,AMPOLA 1,5ML"
"9247","ANTIBACTERIANOS VANCOMICINA, CLORIDRATO - 500MG,PÎ LIÎFILO INJ.,FRAS.AMP"
"9248","ANTIBACTERIANOS VANCOMICINA,CLORIDRATO 1G,PÎ LIÎFILO INJETAVEL,FRAS.AMPOLA"
"9249","ANTICOAGULANTES ENOXAPARINA 100 MG/ML, EXCLUSIVA INFARTO AGUDO DO MIOCARDIO"
"9250","ANTICOAGULANTES ENOXAPARINA 20 MG, SOL.INJETAVEL, SERINGA PREENCHIDA"
"9251","ANTICOAGULANTES ENOXAPARINA 20 MG, SOLUCAO INJETAVEL, SERINGA PREENCHIDA"
"9252","ANTICOAGULANTES ENOXAPARINA 40 MG, SOL.INJETAVEL, SERINGA PREENCHIDA"
"9253","ANTICOAGULANTES ENOXAPARINA 40 MG, SOLUCAO INJETAVEL, SERINGA PREENCHIDA"
"9254","ANTICOAGULANTES ENOXAPARINA 60 MG, SOL.INJETAVEL, SERINGA PREENCHIDA"
"9255","ANTICOAGULANTES ENOXAPARINA 60MG,SOL.INJET.SERINGA GRADUADA PREENCHIDA C/DIS"
"9256","ANTICOAGULANTES ENOXAPARINA 80 MG, SOL.INJETAVEL, SERINGA PREENCHIDA"
"9257","ANTICOAGULANTES ENOXAPARINA 80MG,SOL.INJET.SERINGA GRADUADA PREENCHIDA C/DIS"
"9258","ANTICOAGULANTES FONDAPARINUX 2,5 MG/0,5ML, SOLUCAO INJETAVEL"
"9259","ANTICOAGULANTES HEPARINA SODICA 5.000UI/ML,25.000UI SOLUCAO INJETAVEL, 5 ML"
"9260","ANTICOAGULANTES HEPARINA SODICA 5.000UI/ML=25.000UI SOL. INJ., FR/AMP 5ML"
"9261","ANTICOAGULANTES HEPARINA SODICA(SUBCUTANEA)5000UI/0,25ML SOL.INJ.AMP.0,25ML"
"9262","ANTICOAGULANTES VARFARINA SODICA 5 MG, COMPRIMIDO"
"9263","ANTICONVULSIVANTES CARBAMAZEPINA - 200MG (CONTR)"
"9264","ANTICONVULSIVANTES CARBAMAZEPINA 20 MG/ML, XAROPE, FRASCO 100 A 120 ML (CONTR)"
"9265","ANTICONVULSIVANTES CLOBAZAM - 20MG  (CONTR)"
"9266","ANTICONVULSIVANTES CLOBAZAN 10MG"
"9267","ANTICONVULSIVANTES CLONAZEPAN 0,5MG"
"9268","ANTICONVULSIVANTES CLONAZEPAN 2 MG, COMPRIMIDO"
"9269","ANTICONVULSIVANTES CLONAZEPAN 2,5 MG/ML, SOLUCAO ORAL, FRASCO 20 ML"
"9270","ANTICONVULSIVANTES ETOSSUXIMIDA 50MG/ML"
"9271","ANTICONVULSIVANTES FENITOINA SODICA - 50MG/ML (AMP. 5ML) (CONTR)"
"9272","ANTICONVULSIVANTES FENITOINA SODICA 100 MG, ACONDICIONADO EM BLISTER,COMPRIMIDO"
"9273","ANTICONVULSIVANTES FENOBARBITAL 50MG,COMPRIMIDOS, CAIXA COM 20 COMPRIMIDOS"
"9274","ANTICONVULSIVANTES FENOBARBITAL SODICO - 100MG(CONTR)"
"9275","ANTICONVULSIVANTES FENOBARBITAL SODICO - 100MG/ML AMPOLA DE 2ML(CONTR)"
"9276","ANTICONVULSIVANTES FENOBARBITAL SODICO 40 MG/ML, SOLUCAO ORAL, FRASCO 20 ML"
"9277","ANTICONVULSIVANTES GABAPENTINA 300MG"
"9278","ANTICONVULSIVANTES GABAPENTINA 400MG"
"9279","ANTICONVULSIVANTES LAMOTRIGINA 100 MG, COMPRIMIDO"
"9280","ANTICONVULSIVANTES LAMOTRIGINA 25 MG, COMPRIMIDO"
"9281","ANTICONVULSIVANTES LEVETIRACETAM 100 MG/ML, SOLUCAO ORAL, 150 ML"
"9282","ANTICONVULSIVANTES LEVETIRACETAM 100MG/ML,SOLUCAO ORAL, 100ML"
"9283","ANTICONVULSIVANTES LEVETIRACETAM 750 MG"
"9284","ANTICONVULSIVANTES PRIMIDONA 100MG"
"9285","ANTICONVULSIVANTES RILUZOL 50MG - COMPRIMIDO"
"9286","ANTICONVULSIVANTES TOPIRAMATO 100MG"
"9287","ANTICONVULSIVANTES TOPIRAMATO 25MG"
"9288","ANTICONVULSIVANTES TOPIRAMATO 50MG"
"9289","ANTICONVULSIVANTES VALPRÎICO, ACIDO 50 MG/ML XAROPE FRASCO 100 A 120 ML"
"9290","ANTICONVULSIVANTES VALPROICO, ACIDO - 500MG (CONTR)"
"9291","ANTICONVULSIVANTES VIGABATRINA 500 MG COMPRIMIDO"
"9292","ANTIDEMENCIA DONEPEZIL, CLORIDRATO 10 MG"
"9293","ANTIDEMENCIA DONEPEZIL, CLORIDRATO 5 MG"
"9294","ANTIDEMENCIA GALANTAMINA 16 MG"
"9295","ANTIDEMENCIA GALANTAMINA 24 MG"
"9296","ANTIDEMENCIA GALANTAMINA 8 MG"
"9297","ANTIDEMENCIA MEMANTINA, CLORIDRATO 10 MG"
"9298","ANTIDEMENCIA RIVASTIGMINA 1,5 MG"
"9299","ANTIDEMENCIA RIVASTIGMINA 18 MG, ADESIVO TRANSDÔRMICO"
"9300","ANTIDEMENCIA RIVASTIGMINA 3,0 MG"
"9301","ANTIDEMENCIA RIVASTIGMINA 4,5 MG"
"9302","ANTIDEMENCIA RIVASTIGMINA 9 MG, ADESIVO TRANSDÔRMICO"
"9303","ANTIDEPRESSIVO NAO TRICICLICO FLUOXETINA 20 MG, CAPSULA (CONTR.)"
"9304","ANTIDEPRESSIVOS - TRICICLICOS AMITRIPTILINA, CLORIDRATO - 25MG (CONTR.)"
"9305","ANTIDEPRESSIVOS - TRICICLICOS CLOMIPRAMINA - 25MG (CONTR.)"
"9306","ANTIDEPRESSIVOS - TRICICLICOS IMIPRAMINA, CLORIDRATO 25 MG"
"9307","ANTIDIABETICOS DAPAGLIFOZINA 10MG"
"9308","ANTIDIABETICOS GLIBENCLAMIDA 5MG, COMPRIMIDO"
"9309","ANTIDIABETICOS INSULINA HUMANA NPH 100 UI/ML, FRASCO-AMPOLA 10 ML"
"9310","ANTIDIABETICOS INSULINA HUMANA REGULAR 100 UI/ML, FRASCO-AMPOLA 10 ML"
"9311","ANTIDIABETICOS METFORMINA 500MG, COMPRIMIDO"
"9312","ANTIDIABETICOS METFORMINA 850MG, COMPRIMIDO"
"9313","ANTIDIARREICOS, ANTIESPASMODICOS E CORRELATOS LOPERAMIDA, CLORIDRATO 2 MG"
"9314","ANTIDIARREICOS, ANTIESPASMODICOS E CORRELATOS SIMETICONA 40 MG"
"9315","ANTIDIARREICOS, ANTIESPASMODICOS E CORRELATOS SIMETICONA 75 MG/ML SOL. ORAL"
"9316","ANTIDOTOS ALCOOL ETILICO ABSOLUTO (AMP. 10ML)"
"9317","ANTIDOTOS AZUL DE METILENO 10MG/ML, SOLUCAO INJETAVEL AMPOLA 5ML"
"9318","ANTIDOTOS CARVAO ATIVADO 50 G, PÎ, GRAMA"
"9319","ANTIDOTOS DANTROLENO SODICO - IV 20MG, PÎ LIÎFILO FRASCO-AMPOLA"
"9320","ANTIDOTOS DMSO 50%, GEL, TUBO 30 G"
"9321","ANTIDOTOS EDETATO DISSÎD.DE CÇLCIO(CANA2EDTA)200MG/ML,SOL.INJ.AMP.5ML"
"9322","ANTIDOTOS HIPOSSULFITO DE SODIO 25%,AMPOLA"
"9323","ANTIDOTOS SODIO,NITRITO 300MG,SOLUCAO INJETAVEL,AMPOLA 10ML,ANTIDOTO"
"9324","ANTIFUNGICOS ANFOTERICINA B 50 MG, PO LIOFILO INJETAVEL."
"9325","ANTIFUNGICOS ANFOTERICINA B COMPLEXO LIPIDICO 50 A 100 MG, FRASCO-AMPOLA"
"9326","ANTIFUNGICOS ANFOTERICINA B LIPOSSOMAL 50MG, FRASCO-AMPOLA"
"9327","ANTIFUNGICOS CETOCONAZOL 2%, 20MG/G, CREME, BISNAGA 30G"
"9328","ANTIFUNGICOS CETOCONAZOL, 20MG/G (2%), XAMPU"
"9329","ANTIFUNGICOS FLUCONAZOL - 2MG/ML,SOLUÇÃO INJETAVEL(FRASCO/BOLSA100ML)"
"9330","ANTIFUNGICOS FLUCONAZOL 100 MG"
"9331","ANTIFUNGICOS FLUCONAZOL 150 MG"
"9332","ANTIFUNGICOS FLUCONAZOL 20 MG/ML, SUSPENSAO ORAL, FRASCO 60 ML"
"9333","ANTIFUNGICOS ITRACONAZOL 100 MG"
"9334","ANTIFUNGICOS ITRACONAZOL 50 MG/ML, SUSPENSAO ORAL, FRASCO 50 ML"
"9335","ANTIFUNGICOS METRONIDAZOL 100MG/G,CREME/GEL VAGINAL,BISNAG.C/APLIC.40A50G"
"9336","ANTIFUNGICOS MICAFUNGINA 100MG, PÓ LIÓFILO INJETÁVEL, FRASCO-AMPOLA"
"9337","ANTIFUNGICOS MICAFUNGINA 50MG, PÎ LIÎFILO INJETAVEL, FRASCO-AMPOLA"
"9338","ANTIFUNGICOS MICONAZOL 2%, 20MG/G, GEL ORAL, BISNAGA 40G"
"9339","ANTIFUNGICOS MICONAZOL, NITRATO CREME VAGINAL 2,0%"
"9340","ANTIFUNGICOS MICONAZOL,NITRATO 2%, 20MG/ML,LOCAO CREMOSA,FRASCO 30 A 50ML"
"9341","ANTIFUNGICOS NISTATINA 100.000UI/ML, SUSPENSAO ORAL, FRASCO 40 A 50ML"
"9342","ANTIFUNGICOS NISTATINA 25000UI/G,100000UI/4G,CREME VAGINAL,C/APLIC.40A60G"
"9343","ANTIFUNGICOS VORICONAZOL 200 MG"
"9344","ANTIFUNGICOS VORICONAZOL 200MG, PÎ LIÎFILO INJETAVEL, FRASCO-AMPOLA"
"9345","ANTIINFLAMTORIO INTESTINAL MESALAZINA 1 G + DILUENTE 100 ML (ENEMA) - 100ML"
"9346","ANTIINFLAMTORIO INTESTINAL MESALAZINA 1000MG"
"9347","ANTIINFLAMTORIO INTESTINAL MESALAZINA 250MG"
"9348","ANTIINFLAMTORIO INTESTINAL MESALAZINA 400MG"
"9349","ANTIINFLAMTORIO INTESTINAL MESALAZINA 500 MG LIBERAÇÃO PROLONGADA"
"9350","ANTIINFLAMTORIO INTESTINAL MESALAZINA 500 MG SUPOSITORIO"
"9351","ANTIINFLAMTORIO INTESTINAL MESALAZINA 800MG"
"9352","ANTILIPEMICOS - HIPOLIPEMIANTES ATORVASTATINA 10 MG, ACONDICIONADO EM BLISTER,COMPRIMIDO"
"9353","ANTILIPEMICOS - HIPOLIPEMIANTES ATORVASTATINA 20 MG"
"9354","ANTILIPEMICOS - HIPOLIPEMIANTES BEZAFIBRATO 200 MG"
"9355","ANTILIPEMICOS - HIPOLIPEMIANTES BEZAFIBRATO 400 MG"
"9356","ANTILIPEMICOS - HIPOLIPEMIANTES CIPROFIBRATO 100MG"
"9357","ANTILIPEMICOS - HIPOLIPEMIANTES COLESTIRAMINA - PO. ( ENV. 4 A 12 G.)"
"9358","ANTILIPEMICOS - HIPOLIPEMIANTES GENFIBROZILA 600 MG, COMPRIMIDO"
"9359","ANTILIPEMICOS - HIPOLIPEMIANTES GENFIBROZILA 900 MG, COMPRIMIDO"
"9360","ANTILIPEMICOS - HIPOLIPEMIANTES PRAVASTATINA 10MG"
"9361","ANTILIPEMICOS - HIPOLIPEMIANTES PRAVASTATINA 20MG"
"9362","ANTILIPEMICOS - HIPOLIPEMIANTES PRAVASTATINA 40MG"
"9363","ANTILIPEMICOS - HIPOLIPEMIANTES SINVASTATINA 10MG"
"9364","ANTILIPEMICOS - HIPOLIPEMIANTES SINVASTATINA 20MG COMPRIMIDO"
"9365","ANTILIPEMICOS - HIPOLIPEMIANTES SINVASTATINA 40MG"
"9366","ANTIMANIACOS LITIO, CARBONATO 300 MG, ACONDICIONADO EM BLISTER,COMPRIMIDO"
"9367","ANTINANGINOSOS DILTIAZEN, CLORIDRATO - 30MG"
"9368","ANTINANGINOSOS ISOSSORBIDA, DINITRATO - 10MG"
"9369","ANTINANGINOSOS ISOSSORBIDA, DINITRATO - 5MG - SUB-LINGUAL"
"9370","ANTINANGINOSOS ISOSSORBIDA, MONOMITRATO 40MG"
"9371","ANTINANGINOSOS ISOSSORBIDA, MONONITRATO - 10MG/ML (AMP. 1ML)"
"9372","ANTINANGINOSOS ISOSSORBIDA, MONONITRATO - 20MG"
"9373","ANTINANGINOSOS NIFEDIPINA 20MG COMPRIMIDO/DRAGEA"
"9374","ANTINANGINOSOS NIFEDIPINO 10 MG"
"9375","ANTINANGINOSOS NIFEDIPINO 20MG RETARD"
"9376","ANTINANGINOSOS PROPATILNITRATO - 10MG"
"9377","ANTINANGINOSOS TRIMETAZIDINA 35 MG"
"9378","ANTINEOPLASICOS E DROGAS ADJUVANTES DE SUPORTE ACTINOMICINA D,0,5MG, PÎ LIÎFILOINJETAVEL,FRASCO-AMPOLA"
"9379","ANTINEOPLASICOS E DROGAS ADJUVANTES DE SUPORTE BLEOMICINA, SULFATO - 15U, PÎLIOFILO INJ.,FRASCO-AMPOLA"
"9380","ANTINEOPLASICOS E DROGAS ADJUVANTES DE SUPORTE CAPECITABINA 500MG ,COMPRIMIDO"
"9381","ANTINEOPLASICOS E DROGAS ADJUVANTES DE SUPORTE CARBOPLATINA 150MG,10MG/ML,INJETAVEL,FRASCO-AMPOLA 15ML"
"9382","ANTINEOPLASICOS E DROGAS ADJUVANTES DE SUPORTE CARBOPLATINA 450MG,10MG/ML,INJETAVEL, FRASCO-AMPOLA 45ML"
"9383","ANTINEOPLASICOS E DROGAS ADJUVANTES DE SUPORTE CICLOFOSFAMIDA 1000MG, PO LIOFILOINJETAVEL,FRASCO-AMPOLA"
"9384","ANTINEOPLASICOS E DROGAS ADJUVANTES DE SUPORTE CICLOFOSFAMIDA 200 MG, PÎ LIÎFILOINJETAVEL"
"9385","ANTINEOPLASICOS E DROGAS ADJUVANTES DE SUPORTE CICLOFOSFAMIDA 50 MG"
"9386","ANTINEOPLASICOS E DROGAS ADJUVANTES DE SUPORTE CISPLATINA 50MG, 1MG/ML,SOLUCAOINJETAVEL,FRASCO-AMPOLA 50ML"
"9387","ANTINEOPLASICOS E DROGAS ADJUVANTES DE SUPORTE CITARABINA1000MG,100MG/ML,SOLUCAO INJETAVEL,FRA-AMP 10ML"
"9388","ANTINEOPLASICOS E DROGAS ADJUVANTES DE SUPORTE CITARABINA 100MG,SEMCONSERVANTE,100MG/ML,SOL.INJ.AMP.DE 1ML"
"9389","ANTINEOPLASICOS E DROGAS ADJUVANTES DE SUPORTE CITARABINA 500MG,100MG/ML,SOLUCAO INJETAVEL, FR/AMP 5ML"
"9390","ANTINEOPLASICOS E DROGAS ADJUVANTES DE SUPORTE CLADRIBINA 1 MG/ML, SOLUCAOINJETAVEL, 8ML."
"9391","ANTINEOPLASICOS E DROGAS ADJUVANTES DE SUPORTE CLORABUCIL 2MG, COMPRIMIDO"
"9392","ANTINEOPLASICOS E DROGAS ADJUVANTES DE SUPORTE DACARBAZINA 200MG, PO LIOFILOINJETAVEL"
"9393","ANTINEOPLASICOS E DROGAS ADJUVANTES DE SUPORTE DASATINIBE 100 MG"
"9394","ANTINEOPLASICOS E DROGAS ADJUVANTES DE SUPORTE DAUNORRUBICINA, CLORIDRATO20MG,PÎ LIÎFILO INJ.,FRAS.-AMP."
"9395","ANTINEOPLASICOS E DROGAS ADJUVANTES DE SUPORTE DOCETAXEL 20 MG, SOLUCAOINJETAVEL"
"9396","ANTINEOPLASICOS E DROGAS ADJUVANTES DE SUPORTE DOCETAXEL 20MG, SOLUCAOINJETAVEL PRONTA PARA USO"
"9397","ANTINEOPLASICOS E DROGAS ADJUVANTES DE SUPORTE DOCETAXEL 20MG, SOLUCAOINJETAVEL PRONTA PARA USO"
"9398","ANTINEOPLASICOS E DROGAS ADJUVANTES DE SUPORTE DOCETAXEL 80 MG, SOLUCAOINJETAVEL"
"9399","ANTINEOPLASICOS E DROGAS ADJUVANTES DE SUPORTE DOXORRUBICINA,CLORIDRATO50MG,PÎ LIOFILO INJETAVEL,FRA/AMP."
"9400","ANTINEOPLASICOS E DROGAS ADJUVANTES DE SUPORTE ETOPOSIDO 100MG,20MG/ML,SOLUCAO INJETAVEL,FRA/AMP 5ML"
"9401","ANTINEOPLASICOS E DROGAS ADJUVANTES DE SUPORTE FLUORURACILA 50MG/ML,SOLUCAOINJETAVEL,FRA-AMP,50ML"
"9402","ANTINEOPLASICOS E DROGAS ADJUVANTES DE SUPORTE GENCITABINA  1000MG, PO LIOFILOINJ.,FRASCO -AMPOLA"
"9403","ANTINEOPLASICOS E DROGAS ADJUVANTES DE SUPORTE GOSSERRELINA 10,8 MG LA, SUB-"
"9404",""
"9405","CUTANEA, INJETAVEL*"
"9406","ANTINEOPLASICOS E DROGAS ADJUVANTES DE SUPORTE GOSSERRELINA 3,6MG"
"9407","ANTINEOPLASICOS E DROGAS ADJUVANTES DE SUPORTE HIDROXIUREIA 500 MG"
"9408","ANTINEOPLASICOS E DROGAS ADJUVANTES DE SUPORTE IDARRUBICINA,CLORIDRATO 10MG,PO"
"9409",""
"9410","LIOFILO INJ.,FRASCO-AMPOLA"
"9411","ANTINEOPLASICOS E DROGAS ADJUVANTES DE SUPORTE IFOSFAMIDA 1000MG, PÎ LIÎFILO INJ.,"
"9412",""
"9413","FRASCO-AMPOLA"
"9414","ANTINEOPLASICOS E DROGAS ADJUVANTES DE SUPORTE IMATINIBE, MESILATO 100MG,"
"9415",""
"9416","COMPRIMIDO REVESTIDO"
"9417","ANTINEOPLASICOS E DROGAS ADJUVANTES DE SUPORTE IRINOTECANO, CLORIDRATO 100MG,"
"9418",""
"9419","20MG/ML, SOLUCAO INJETAVEL"
"9420","ANTINEOPLASICOS E DROGAS ADJUVANTES DE SUPORTE L-ASPARAGINASE PEGUILADO"
"9421",""
"9422","(PEGASPARGASE) 750 UI/ML, 5ML"
"9423","ANTINEOPLASICOS E DROGAS ADJUVANTES DE SUPORTE LOMUSTINA - 40MG,CAPSULA"
"9424","ANTINEOPLASICOS E DROGAS ADJUVANTES DE SUPORTE LORAZEPAN - 2MG(CONTR)"
"9425","ANTINEOPLASICOS E DROGAS ADJUVANTES DE SUPORTE MELFALANA 2 MG"
"9426","ANTINEOPLASICOS E DROGAS ADJUVANTES DE SUPORTE MERCAPTOPURINA 50 MG"
"9427","ANTINEOPLASICOS E DROGAS ADJUVANTES DE SUPORTE METOTREXATO 2,5 MG"
"9428","ANTINEOPLASICOS E DROGAS ADJUVANTES DE SUPORTE METOTREXATO 50 MG, 25 MG/ML,"
"9429",""
"9430","SOLUCAO INJETAVEL"
"9431","ANTINEOPLASICOS E DROGAS ADJUVANTES DE SUPORTE METOTREXATO 5000MG, 100MG/ML,"
"9432",""
"9433","SOL. INJ. FRA/AMP 50ML"
"9434","ANTINEOPLASICOS E DROGAS ADJUVANTES DE SUPORTE METOTREXATO 500MG,"
"9435",""
"9436","25MG/ML,SOL.INJ.FRA/AMP.20ML."
"9437","ANTINEOPLASICOS E DROGAS ADJUVANTES DE SUPORTE MITOTANO 500 MG"
"9438","ANTINEOPLASICOS E DROGAS ADJUVANTES DE SUPORTE MITOXANTRONA, CLORIDRATO"
"9439",""
"9440","20MG,2MG/ML,SOL.INJ.FRA/AMP 10ML"
"9441","ANTINEOPLASICOS E DROGAS ADJUVANTES DE SUPORTE OXALIPLATINA 100MG, PO LIOFILO"
"9442",""
"9443","INJETAVEL"
"9444","ANTINEOPLASICOS E DROGAS ADJUVANTES DE SUPORTE OXALIPLATINA 50MG, PO LIOFILO"
"9445",""
"9446","INJ.,FRASCO-AMPOLA"
"9447","ANTINEOPLASICOS E DROGAS ADJUVANTES DE SUPORTE Paclitaxel 150mg,6mg/ml,solução"
"9448",""
"9449","injetável,fra-amp 25ml"
"9450","ANTINEOPLASICOS E DROGAS ADJUVANTES DE SUPORTE PACLITAXEL 300MG,6"
"9451",""
"9452","MG/ML,SOLUCAO INJETAVEL,FRA-AMP 50ML"
"9453","ANTINEOPLASICOS E DROGAS ADJUVANTES DE SUPORTE PIRIDOSTIGMINA 60MG SIA/SUS"
"9454",""
"9455","06.04.13.011-2"
"9456","ANTINEOPLASICOS E DROGAS ADJUVANTES DE SUPORTE PROCARBAZINA - 50MG"
"9457","ANTINEOPLASICOS E DROGAS ADJUVANTES DE SUPORTE RASBURICASE 1,5MG,PÎ LIÎFILO"
"9458",""
"9459","INJETAVEL+DILUENTE,FRASCO/AMPOL"
"9460","ANTINEOPLASICOS E DROGAS ADJUVANTES DE SUPORTE RITUXIMAB 100MG, 10MG/ML, FRASCO-"
"9461",""
"9462","AMPOLA 10ML"
"9463","ANTINEOPLASICOS E DROGAS ADJUVANTES DE SUPORTE RITUXIMAB 500MG, 10MG/ML, FRASCO-"
"9464",""
"9465","AMPOLA 50ML."
"9466","ANTINEOPLASICOS E DROGAS ADJUVANTES DE SUPORTE TAMOXIFENO, CITRATO 20 MG,"
"9467",""
"9468","COMPRIMIDO"
"9469","ANTINEOPLASICOS E DROGAS ADJUVANTES DE SUPORTE TEMOZOLOMIDA 100 MG"
"9470","ANTINEOPLASICOS E DROGAS ADJUVANTES DE SUPORTE TEMOZOLOMIDA 20 MG"
"9471","ANTINEOPLASICOS E DROGAS ADJUVANTES DE SUPORTE Temozolomida 250 mg"
"9472","ANTINEOPLASICOS E DROGAS ADJUVANTES DE SUPORTE Temozolomida 5 mg"
"9473","ANTINEOPLASICOS E DROGAS ADJUVANTES DE SUPORTE TIOGUANINA - 40MG"
"9474","ANTINEOPLASICOS E DROGAS ADJUVANTES DE SUPORTE TOPOTECANO,CLORIDRATO 4MG,PO"
"9475",""
"9476","LIOFILO INJ.,FRASCO-AMPOLA"
"9477","ANTINEOPLASICOS E DROGAS ADJUVANTES DE SUPORTE VIMBLASTINA, SULFATO 10MG,"
"9478",""
"9479","INJETAVEL,FRASCO-AMPOLA 10ML"
"9480","ANTINEOPLASICOS E DROGAS ADJUVANTES DE SUPORTE VINCRISTINA, SULFATO 1MG,"
"9481",""
"9482","INJETAVEL FRASCO-AMPOLA 1ML"
"9483","ANTINEOPLASICOS E DROGAS ADJUVANTES DE SUPORTE VINORELBINA"
"9484",""
"9485","50MG,10MG/ML,SOLUCAO INJETAVEL,FRA-AMP 5ML"
"9486","ANTINFLAMATORIOS DE LONGA ACAO SECUQUINUMABE 150 MG/ML"
"9487","ANTINFLAMATORIOS ESTEROIDES CLOBETASOL 0,5 MG/G, SOLUCAO CAPILAR, 50 G"
"9488","ANTINFLAMATORIOS ESTEROIDES CLOBETASOL 0,5MG/G CREME"
"9489","ANTINFLAMATORIOS ESTEROIDES DEXAMETASONA - 0,1 MG/ML - ELIXIR (FR. 100 A 120ML)"
"9490","ANTINFLAMATORIOS ESTEROIDES DEXAMETASONA 4MG"
"9491","ANTINFLAMATORIOS ESTEROIDES DEXAMETASONA,FOSFATO DISSODICO 10MG, 4MG/ML"
"9492",""
"9493","FR/AMP 2,5ML"
"9494","ANTINFLAMATORIOS ESTEROIDES HIDROCORTISONA 10 MG"
"9495","ANTINFLAMATORIOS ESTEROIDES HIDROCORTISONA 100 MG, PÎ LIOFILIZADO INJETAVEL"
"9496","ANTINFLAMATORIOS ESTEROIDES HIDROCORTISONA 2,5 MG"
"9497","ANTINFLAMATORIOS ESTEROIDES HIDROCORTISONA 5 MG"
"9498","ANTINFLAMATORIOS ESTEROIDES HIDROCORTISONA 500MG,PÎ LIOFILIZADO"
"9499",""
"9500","INJETAVEL,FRASCO-AMPOLA"
"9501","ANTINFLAMATORIOS ESTEROIDES METILPREDNISOLONA,ACETATO"
"9502",""
"9503","80MG,40MG/ML,SOL.INJ.FR.AMP.2ML."
"9504","ANTINFLAMATORIOS ESTEROIDES METILPREDNISOLONA,SUCCINATO 500MG,PÎ LIOFILIZADO"
"9505",""
"9506","INJ.FRASCO"
"9507","ANTINFLAMATORIOS ESTEROIDES PREDNISOLONA 1 MG/ML,SOLUCAO ORAL, FRASCO DE 80 A"
"9508",""
"9509","120 ML"
"9510","ANTINFLAMATORIOS ESTEROIDES PREDNISONA 20MG"
"9511","ANTINFLAMATORIOS ESTEROIDES PREDNISONA 5MG"
"9512","ANTINFLAMATORIOS NAO ESTEROIDES - AINE CELECOXIB 100 MG"
"9513","ANTINFLAMATORIOS NAO ESTEROIDES - AINE CELECOXIB 200 MG"
"9514","ANTINFLAMATORIOS NAO ESTEROIDES - AINE CETOPROFENO 100MG"
"9515","ANTINFLAMATORIOS NAO ESTEROIDES - AINE CETOPROFENO I.V. 100MG,PO LIOFILIZADO"
"9516",""
"9517","INJETAVEL, FR/AMP"
"9518","ANTINFLAMATORIOS NAO ESTEROIDES - AINE DICLOFENACO POTASSICO,15MG/ML,SOL.ORAL,"
"9519",""
"9520","FRASCO 15 A 20ML"
"9521","ANTINFLAMATORIOS NAO ESTEROIDES - AINE DICLOFENACO SODICO - 50MG"
"9522","ANTINFLAMATORIOS NAO ESTEROIDES - AINE DICLOFENACO SODICO 75MG, 25MG/ML,SOL.INJ."
"9523",""
"9524","AMP. 3ML."
"9525","ANTINFLAMATORIOS NAO ESTEROIDES - AINE IBUPROFENO 5MG/ML,SOLUCAO"
"9526",""
"9527","INJETAVEL,AMPOLA 2ML"
"9528","ANTINFLAMATORIOS NAO ESTEROIDES - AINE IBUPROFENO 600 MG"
"9529","ANTINFLAMATORIOS NAO ESTEROIDES - AINE NAPROXENO 500 MG"
"9530","ANTINFLAMATORIOS NAO ESTEROIDES - AINE TENOXICAM 40MG/2ML"
"9531","ANTIPARASITARIOS ALBENDAZOL 400MG"
"9532","ANTIPARASITARIOS ALBENDAZOL 40MG/ML, SOLUCAO ORAL, FRASCO DE 10ML"
"9533","ANTIPARASITARIOS CLOROQUINA 150 MG"
"9534","ANTIPARASITARIOS HIDROXICLOROQUINA, SULFATO 400 MG, COMPRIMIDO REVESTIDO"
"9535","ANTIPARASITARIOS IVERMECTINA 6MG"
"9536","ANTIPARASITARIOS PIRIMETAMINA 25 MG, COMPRIMIDO"
"9537","ANTIPARASITARIOS PIRIMETAMINA 4 MG/ML, SOLUCAO ORAL, FRASCO 50 ML"
"9538","ANTIPARKINSONIANOS AMANTADINA, CLORIDRATO 100 MG"
"9539","ANTIPARKINSONIANOS BIPERIDENO, CLORIDRATO - 2MG  (CONTR)"
"9540","ANTIPARKINSONIANOS BIPERIDENO, LACTATO - 5MG/ML (AMP. 1ML) (CONTR)"
"9541","ANTIPARKINSONIANOS ENTACAPONA 200 MG"
"9542","ANTIPARKINSONIANOS LEVODOPA + BENSERAZIDA 100MG+ 25 MG (DISPERSIVEL)"
"9543","ANTIPARKINSONIANOS LEVODOPA + CARBIDOPA 250 MG + 25 MG COMPRIMIDO"
"9544","ANTIPARKINSONIANOS LEVODOPA 100MG + BENSERAZIDA 25MG - HBS"
"9545","ANTIPARKINSONIANOS LEVODOPA 200 MG + BENSERAZIDA 50 MG."
"9546","ANTIPARKINSONIANOS PRAMIPEXOL 0,125 MG"
"9547","ANTIPARKINSONIANOS PRAMIPEXOL 0,25 MG"
"9548","ANTIPARKINSONIANOS PRAMIPEXOL 1 MG"
"9549","ANTIPARKINSONIANOS RASAGILINA 1 MG"
"9550","ANTIPARKINSONIANOS SELEGILINA - 5MG"
"9551","ANTIPARKINSONIANOS VALPRÎICO, ACIDO 250 MG, CAPSULA"
"9552","ANTIPSICOTICOS CLORPROMAZINA, CLORIDRATO - 100MG (CONTR)"
"9553","ANTIPSICOTICOS CLORPROMAZINA, CLORIDRATO - 5MG/ML (AMP. 5ML) (CONTR)"
"9554","ANTIPSICOTICOS CLORPROMAZINA, CLORIDRATO 25 MG"
"9555","ANTIPSICOTICOS CLORPROMAZINA, CLORIDRATO 40 MG/ML, SOLUCAO ORAL,FRASCO 20ML"
"9556","ANTIPSICOTICOS CLOZAPINA 100 MG"
"9557","ANTIPSICOTICOS FLUFENAZINA 25 MG/ML SOLUCAO INJETAVEL AMPOLA 1ML"
"9558","ANTIPSICOTICOS HALOPERIDOL - 2MG/ML - SOL. ORAL  FRASCO COM 20ML  (CONTR)"
"9559","ANTIPSICOTICOS HALOPERIDOL - 5MG  (CONTR)"
"9560","ANTIPSICOTICOS HALOPERIDOL - 5MG/ML (AMP. 1ML) (CONTR)"
"9561","ANTIPSICOTICOS HALOPERIDOL, DECANOATO - 50MG/ML AMPOLA COM 1ML (CONTR.)"
"9562","ANTIPSICOTICOS LEVOMEPROMAZINA - 100MG  (CONTR)"
"9563","ANTIPSICOTICOS LEVOMEPROMAZINA 25 MG"
"9564","ANTIPSICOTICOS LEVOPROMAZINA 40 MG/ML SOLUCAO ORAL FRASCO 20ML"
"9565","ANTIPSICOTICOS OLANZAPINA 10 MG COMPRIMIDO"
"9566","ANTIPSICOTICOS OLANZAPINA 5 MG COMPRIMIDO"
"9567","ANTIPSICOTICOS PERICIAZINA 40MG/ML, SOLUCAO ORAL, FRASCO 20ML"
"9568","ANTIPSICOTICOS QUETIAPINA 100 MG COMPRIMIDO"
"9569","ANTIPSICOTICOS QUETIAPINA 200 MG, ACONDICIONADO EM BLISTER, COMPRIMIDO"
"9570","ANTIPSICOTICOS QUETIAPINA 25 MG COMPRIMIDO"
"9571","ANTIPSICOTICOS RISPERIDONA - 3MG  (CONTR.)"
"9572","ANTIPSICOTICOS RISPERIDONA 1 MG COMPRIMIDO"
"9573","ANTIPSICOTICOS RISPERIDONA 1 MG/ML, FRASCO 30 ML"
"9574","ANTIPSICOTICOS RISPERIDONA 2MG"
"9575","ANTIPSICOTICOS TIORIDAZINA - 100MG (CONTR)"
"9576","ANTIPSICOTICOS ZIPRASIDONA 40 MG"
"9577","ANTIPSICOTICOS ZIPRASIDONA 80 MG"
"9578","ANTIREUMATICOS ADALIMUMABE  40MG - 0,4ML - SERINGA PREENCHIDA"
"9579","ANTIREUMATICOS ETANERCEPTE 25MG"
"9580","ANTIREUMATICOS ETANERCEPTE 50 MG INJETAVEL"
"9581","ANTISSEPTICOS BUCAL CETILPIRIDINIO, CLORETO, SOLUCAO ORAL. FRASCO ATE 300ML"
"9582","ANTITUSSIGENOS,EXPECTORANTES E FLUIDIFICANTES. ACETILCISTEINA 600MG SACHE"
"9583","ANTITUSSIGENOS,EXPECTORANTES E FLUIDIFICANTES. CISTEINA, N ACETIL 100MG/ML,"
"9584",""
"9585","SOLUCAO INJETAVEL, AMPOLA 3ML"
"9586","ANTITUSSIGENOS,EXPECTORANTES E FLUIDIFICANTES. POTASSIO, IODETO 2%, 20MG/ML,"
"9587",""
"9588","XAROPE, FRASCO 100 A 120ML"
"9589","ANTIULCEROSOS ALUMIN. ,HIDROXIDO + MAGNESIO, HIDROXIDO + SIMETICONA (DET.)"
"9590","ANTIULCEROSOS ALUMINIO HIDROXIDO - SUSP. ORAL (FR. 150 A 240ML.)"
"9591","ANTIULCEROSOS CIMETIDINA - 150 MG/ML AMPOLA 2ML"
"9592","ANTIULCEROSOS MISOPROSTOL 25MCG USO INTRAVAGINAL EXCLUSIVO COM. VAG.(CONTR"
"9593","ANTIULCEROSOS MISOPROSTOL EXCLUSIVO - 200 MCG. COMPRIMIDO VAGINAL (CONTR)"
"9594","ANTIULCEROSOS OMEPRAZOL  20MG, CAPSULA"
"9595","ANTIULCEROSOS OMEPRAZOL 5MG/ML FR 30ML"
"9596","ANTIULCEROSOS OMEPRAZOL IV 40MG,PO LIOFILO INJETAVEL,FRASCO-AMPOLA"
"9597","ANTIULCEROSOS RANITIDINA, CLORIDRATO 150 MG"
"9598","ANTIULCEROSOS RANITIDINA, CLORIDRATO 50MG/2ML,25MG/ML,AMP. 2ML"
"9599","ANTIULCEROSOS RANITIDINA,CLORIDRATO 15MG/ML,SOLUCAO ORAL,FR. 100 A 120 ML"
"9600","ANTIVERTIGINOSOS DIMENIDRINATO - PIRIDOXINA + VIT. B6 (AMP. 10ML)"
"9601","ANTIVERTIGINOSOS DIMENIDRINATO + PIRIDOXINA 50 MG + 10 MG COMPRIMIDO"
"9602","ANTIVERTIGINOSOS DIMENIDRINATO 25MG/ML+CLORIDRATO PIRIDOXINA 5MG/ML SOL.20ML"
"9603","ANTIVERTIGINOSOS DIMENIDRINATO 50MG/ML+CLORIDRATO PIRIDOXINA 50MG/ML IM 1ML"
"9604","ANTIVIRAIS ACICLOVIR 200 MG"
"9605","ANTIVIRAIS ACICLOVIR 250 MG, PÎ LIÎFILO INJETAVEL"
"9606","ANTIVIRAIS ACICLOVIR 3%, 30 MG/G, POMADA OFTALMICA, BISNAGA 4,5 G"
"9607","ANTIVIRAIS ACICLOVIR 40 MG/ML, SUSPENSAO ORAL, FRASCO 50 ML"
"9608","ANTIVIRAIS ACICLOVIR 5%, 50 MG/G, CREME, BISNAGA 5 A 15 G"
"9609","ANTIVIRAIS ENTECAVIR 0,5MG"
"9610","ANTIVIRAIS GANCICLOVIR 500 MG, PÎ LIÎFILO INJETAVEL"
"9611","ANTIVIRAIS GANCICLOVIR SODICO 1 MG/ML, SOLUCAO INJETAVEL, BOLSA 100 ML"
"9612","ANTIVIRAIS GANCICLOVIR SODICO 1 MG/ML, SOLUÇÃO INJETAVEL, BOLSA 250ML"
"9613","ANTIVIRAIS TENOFOVIR 300MG"
"9614","ASSOCIACAO DE ANALGESICOS PARACETAMOL 500 MG + CODEINA 30 MG*"
"9615","BLOQUEADOR NEUROMUSCULAR TOXINA BOTULINICA TIPO A 100 U COM GELATINA (DET)"
"9616","BLOQUEADOR NEUROMUSCULAR TOXINA BOTULINICA TIPO A 100 U INJETAVEL (POR FRASCO-"
"9617",""
"9618","AMPOLA)"
"9619","CARDIOTONICOS/GLICOSIDEOS CARDIACOS DESLANOSIDEO  0,2MG/ML, SOL. INJ., 2ML"
"9620","CARDIOTONICOS/GLICOSIDEOS CARDIACOS DIGOXINA - ELIXIR - 0,05MG/ML FRASCO DE 60ML"
"9621","CARDIOTONICOS/GLICOSIDEOS CARDIACOS DIGOXINA 0,25MG, COMPRIMIDO"
"9622","COADJUVANTES NEOPLASICOS MESNA 400MG, SOLUCAO INJETAVEL,AMPOLA 4ML"
"9623","COLELITICO ACIDO URSODESOXICILICO 30MG/ML SOL. ORAL FR. 50ML"
"9624","COLELITICO URSODESOXICILICO, ACIDO 300 MG"
"9625","COLELITICO URSODESOXICOLICO, ACIDO  150 MG COMPRIMIDO"
"9626","COLELITICO URSODESOXICOLICO, ACIDO  50MG"
"9627","CONTRASTE RESSONANCIA MAGNETICA CONTRASTE NAO IONICO - FRASCO 15ML"
"9628","CONTRASTE RESSONANCIA MAGNETICA CONTRASTE PARA RESSONANCIA MAGNETICA A BASE"
"9629",""
"9630","DE GADOLINIO"
"9631","CONTRASTES RADIOLOGICOS BÇRIO,SULFATO 1G/ML,GEL, COPO 200 A 300ML"
"9632","CONTRASTES RADIOLOGICOS CONTRASTE RADIOLOGICO IODADO,NAO IONICO"
"9633","CONTRASTES RADIOLOGICOS CONTRASTE RADIOLOGICO, N.ION, I 350-370MG/ML, EV, FR 100ML"
"9634","CONTRASTES RADIOLOGICOS ISONITRILA FRACIO.P/MARCACAO C/TECHNETIUM TC99M C/ATE"
"9635",""
"9636","400MCI"
"9637","CONTRASTES RADIOLOGICOS OLEO DE PAPOULA IODADO 100%,480MG/ML(IODO),SOL.INJ.10ML"
"9638",""
"9639","AMP"
"9640","CONTRATORES E RELAXANTES UTERINOS ERGOMETRINA, MALEATO - 0,2MG/ML (AMP. 1ML)"
"9641","CONTRATORES E RELAXANTES UTERINOS OCITOCINA - 5UI/ML (AMP. 1ML)"
"9642","DERIVADOS DO SANGUE E SUBSTITUTOS DO PLASMA ALBUMINA HUMANA 20%, 200MG/ML,"
"9643",""
"9644","SOLUCAO INJETAVEL, 50ML"
"9645","DESCONGESTIONANTES NASAIS OXIMETAZOLINA,CLORIDRATO(ADULTO)0,5MG/ML SOL.NASAL"
"9646",""
"9647","FR.30ML"
"9648","DESCONGESTIONANTES NASAIS OXIMETAZOLINA,CLORIDRATO(PEDIATRICO)0,25MG/ML"
"9649",""
"9650","SOL.NASAL 20ML"
"9651","EMETICOS E ANTIEMETICOS ATROPINA, SULFATO - 0,25MG/ML (AMP. 1ML)"
"9652","EMETICOS E ANTIEMETICOS BROMOPRIDA 4MG/ML, SOLUCAO ORAL, FRASCO 20ML"
"9653","EMETICOS E ANTIEMETICOS BUTILBROMETO DE ESCOPOLAMINA (HIOSCINA) 20 MG/ ML, 1 ML"
"9654","EMETICOS E ANTIEMETICOS ESCOPOLAMINA 10 MG"
"9655","EMETICOS E ANTIEMETICOS METOCLOPRAMIDA - 10MG"
"9656","EMETICOS E ANTIEMETICOS METOCLOPRAMIDA - 5MG/ML (AMP. 2ML.)"
"9657","EMETICOS E ANTIEMETICOS METOCLOPRAMIDA,CLORIDRATO 4 MG/ML,SOLUCAO ORAL,FRASCO"
"9658",""
"9659","10ML"
"9660","EMETICOS E ANTIEMETICOS ONDANSETRONA, CLORIDRATO DIIDRATADO 4 MG"
"9661","EMETICOS E ANTIEMETICOS ONDANSETRONA, CLORIDRATO DIIDRATADO 4MG,"
"9662",""
"9663","2MG/ML,AMP.2ML"
"9664","EMETICOS E ANTIEMETICOS ONDANSETRONA, CLORIDRATO DIIDRATADO 8MG,"
"9665",""
"9666","2MG/ML,AMP.4ML"
"9667","ENZIMAS DIGESTIVAS PANCREATINA 25.000UI"
"9668","ENZIMAS DIGESTIVAS PANCRELIPASE 10.000 UI, CAPSULA"
"9669","ENZIMAS DIGESTIVAS SAPROPTERINA, DICLORIDRATO 100 MG"
"9670","ESPECIALIDADES FARMACEUTICAS BENZOATO DE BENZILA - LOCAO - 25% FRASCO 100 A 120"
"9671",""
"9672","ML"
"9673","ESPECIALIDADES FARMACEUTICAS BETAMETASONA, VALERATO 0,1%, 1MG/G, CREME, BISNAGA"
"9674",""
"9675","30G"
"9676","ESPECIALIDADES FARMACEUTICAS COLAGENASE 0,6 A 1,2 UI POMADA (BISNAGA 10 A 30G)"
"9677","ESPECIALIDADES FARMACEUTICAS DELTAMETRINA 0,2 MG/ML, LOCAO, FRASCO 100 A 150ML"
"9678","ESPECIALIDADES FARMACEUTICAS DELTAMETRINA 0,2 MG/ML, SHAMPOO, FRASCO 100 A"
"9679",""
"9680","150ML"
"9681","ESPECIALIDADES FARMACEUTICAS DEXAMETASONA, ACETATO 0,1%, 1MG/G, CREME, BISNAGA"
"9682",""
"9683","10 A 15G"
"9684","ESPECIALIDADES FARMACEUTICAS FIBRINOLISINA + DESOXIRIBONUCLEASE + CLORANFENICOL -"
"9685",""
"9686","POMADA"
"9687","ESPECIALIDADES FARMACEUTICAS HIDROCORTISONA - 10MG/G - CREME BISNAGA 15 A 30G"
"9688",""
"9689","ESPECIALIDADES FARMACEUTICAS ISOTRETINOINA 10MG"
"9690",""
"9691",""
"9692","ESPECIALIDADES FARMACEUTICAS ISOTRETINOINA 20MG"
"9693",""
"9694","ESPECIALIDADES FARMACEUTICAS MUPIROCINA 2%, 20MG/G, CREME, BISNAGA 15G"
"9695","ESPECIALIDADES FARMACEUTICAS RETINOL,COLECALCIFEROL E OXIDO"
"9696",""
"9697","ZINCO,POM.DERM.C/ATE 45G"
"9698","ESTIMULANTES CITRATO DE CAFEINA 20MG/ML (10MG DE CAFEINA NA BASE) AMP.1ML"
"9699","ESTIMULANTES FILGRASTIMA 300 MCG SOLUCAO INJETAVEL FRASCO AMPOLA 1ML"
"9700","ESTRATEGICO MINISTERIO DA SAUDE TALIDOMIDA 100MG (C3)"
"9701","FARMACOS NAO ASSOCIADOS OXIBUTININA,CLORIDRATO 1MG/ML - SOL. ORAL FR. 120 ML"
"9702","FARMACOS QUE ATUAM SOBRE O SISTEMA DIGESTIVO - OUTROS PENICILAMINA"
"9703",""
"9704","250MG,CAPSULA"
"9705","FARMACOS USADOS NAS AFECCOES GOTOSAS ALOPURINOL - 300MG"
"9706","FARMACOS USADOS NAS AFECCOES GOTOSAS ALOPURINOL 100 MG"
"9707","FARMACOS USADOS NAS AFECCOES GOTOSAS COLCHICINA 0,5MG"
"9708","FARMACOS USADOS NAS DOENCAS NEUROMUSCULARES BETAINTERFERONA 1A 6.000.000 UI"
"9709",""
"9710","(30 MCG) INJETAVEL"
"9711","FARMACOS USADOS NAS DOENCAS NEUROMUSCULARES FINGOLIMODE 0,5 MG"
"9712","FARMACOS USADOS NAS DOENCAS NEUROMUSCULARES FUMARATO DE DIMETILA 240MG"
"9713","FARMACOS USADOS NAS DOENCAS NEUROMUSCULARES NATALIZUMABE 300MG SIA/SUS"
"9714",""
"9715","06.04.32.011-6"
"9716","FARMACOS USADOS NAS DOENCAS NEUROMUSCULARES NEOSTIGMINA - 0,5MG/MLAMPOLA"
"9717",""
"9718","1ML"
"9719","FARMACOS USADOS NAS DOENCAS NEUROMUSCULARES SUGAMADEX SODICO 100MG/ML, SOL"
"9720",""
"9721","INJ, FR-AMPOLA 2 ML"
"9722","HIDRATANTE EMULSAO  ANTI-SEPTICA CREME HIDRATANTE COM URÓIA 10% + AC SALICILICO"
"9723",""
"9724","2% POTE 50G"
"9725","HIPNO-SEDATIVOS DEXMEDETOMIDINA, CLORIDRATO 100MCG/ML,SOL INJ FR/AMP 2 ML"
"9726","HIPNO-SEDATIVOS FLURAZEPAN - 30MG (CONTR)"
"9727","HIPNO-SEDATIVOS MIDAZOLAM 15 MG"
"9728","HIPNO-SEDATIVOS MIDAZOLAN 2 MG/ML, SOLUCAO ORAL, 10 ML"
"9729","HORMONIO HIPOCALCEMICO CALCITONINA SINT. DE SALMAO - SPRAY - 200UI/14 A 20 DOSES"
"9730","HORMONIO HIPOTALAMICO E ANALOGOS LANREOTIDA 120MG, INJETAVEL"
"9731","HORMONIO HIPOTALAMICO E ANALOGOS OCTREOTIDA 0,1MG/ML, SOLUCAO INJETAVEL,"
"9732",""
"9733","AMPOLA 1ML"
"9734","HORMONIO HIPOTALAMICO E ANALOGOS OCTREOTIDA 10 MG"
"9735","HORMONIO HIPOTALAMICO E ANALOGOS OCTREOTIDA LAR 20MG"
"9736","HORMONIO HIPOTALAMICO E ANALOGOS OCTREOTIDA LAR 30MG"
"9737","HORMONIO HIPOTALAMICO E ANALOGOS TERLIPRESSINA,ACETATO 1 MG"
"9738","HORMONIOS DA TIREOIDE E FARMACOS ANTITIREOIDEOS LEVOTIROXINA 150MCG"
"9739","HORMONIOS DA TIREOIDE E FARMACOS ANTITIREOIDEOS LEVOTIROXINA SODICA 100 MCG"
"9740","HORMONIOS DA TIREOIDE E FARMACOS ANTITIREOIDEOS LEVOTIROXINA SODICA 25MCG,"
"9741",""
"9742","COMPRIMIDO"
"9743","HORMONIOS DA TIREOIDE E FARMACOS ANTITIREOIDEOS LEVOTIROXINA SODICA 50MCG,"
"9744",""
"9745","COMPRIMIDO"
"9746","HORMONIOS DA TIREOIDE E FARMACOS ANTITIREOIDEOS PROPILTIOURACILA - 100MG"
"9747","HORMONIOS HIPOFISARIOS E COMPOSTOS RELACIONADOS ANALOGO RNGH P/APLICAÇÃO"
"9748",""
"9749","TRIMESTRAL (DETALHADA) FR/AMP"
"9750","HORMONIOS HIPOFISARIOS E COMPOSTOS RELACIONADOS CABERGOLINA 0,5MG, COMPRIMIDO"
"9751","HORMONIOS HIPOFISARIOS E COMPOSTOS RELACIONADOS DANAZOL - 100 MG"
"9752","HORMONIOS HIPOFISARIOS E COMPOSTOS RELACIONADOS DESMOPRESSINA 4MCG/ML,"
"9753",""
"9754","SOLUCAO INJETAVEL, AMPOLA 1ML"
"9755","HORMONIOS HIPOFISARIOS E COMPOSTOS RELACIONADOS DESMOPRESSINA,ACETATO"
"9756",""
"9757","0,1MG/ML SPRAY NASAL, FR. 2,5 ML"
"9758","HORMONIOS HIPOFISARIOS E COMPOSTOS RELACIONADOS DESMOPRESSINA,ACETATO"
"9759",""
"9760","0,1MG/ML,SOL. NASAL,FR. C/CÅNULA 2,5ML"
"9761","HORMONIOS HIPOFISARIOS E COMPOSTOS RELACIONADOS GLUCAGON 1MG, PÎ LIÎFILO"
"9762",""
"9763","INJETAVEL, FRASCO-AMPOLA 1ML"
"9764","HORMONIOS HIPOFISARIOS E COMPOSTOS RELACIONADOS LEUPRORRELINA, ACETATO 11,25"
"9765",""
"9766","MG INJETAVEL"
"9767","HORMONIOS HIPOFISARIOS E COMPOSTOS RELACIONADOS LEUPRORRELINA,ACETATO 3,75 MG"
"9768",""
"9769","INJETAVEL AMPOLA 1,5ML A 2ML"
"9770","HORMONIOS HIPOFISARIOS E COMPOSTOS RELACIONADOS SOMATOTROFINA HUMANA"
"9771",""
"9772","RECOMBINANTE 12UI."
"9773","HORMONIOS HIPOFISARIOS E COMPOSTOS RELACIONADOS SOMATOTROFINA HUMANA"
"9774",""
"9775","RECOMBINANTE 4UI,SOL.INJET.,FR/AMP 1ML"
"9776","HORMONIOS HIPOFISARIOS E COMPOSTOS RELACIONADOS VASOPRESSINA 20 UI/ML, SOLUCAO"
"9777",""
"9778","INJETAVEL, AMPOLA 1 ML"
"9779","HORMONIOS SEXUAIS E ANTAGONISTAS ANASTROZOL, CLORIDRATO 1MG, COMPRIMIDO"
"9780","HORMONIOS SEXUAIS E ANTAGONISTAS CIPROTERONA 50 MG"
"9781","HORMONIOS SEXUAIS E ANTAGONISTAS ESTRIOL,1 MG/G, CREME VAGINAL"
"9782","HORMONIOS SEXUAIS E ANTAGONISTAS FINASTERIDA 5 MG"
"9783","HORMONIOS SEXUAIS E ANTAGONISTAS FLUTAMIDA 250MG, COMPRIMIDO"
"9784","HORMONIOS SEXUAIS E ANTAGONISTAS PROGESTERONA MICRONIZADA 150MG ÎVULO"
"9785","HORMONIOS SEXUAIS E ANTAGONISTAS TESTOSTERONA (PROPIONATO + ENANTATO) -"
"9786",""
"9787","250MG/ML (AMP. 1ML)"
"9788","HORMONIOS SEXUAIS E ANTAGONISTAS TESTOSTERONA,"
"9789",""
"9790","PROPIONATO+ISOCAPROATO+DECANOATO+FEMPROPIONATO"
"9791","HORMONIOS SEXUAIS E ANTAGONISTAS TRIPTORELINA  3,75MG - INJETAVEL"
"9792","HORMONIOS SEXUAIS E ANTAGONISTAS TRIPTORRELINA 11,25MG INJETAVEL (06.04.11.006-5)"
"9793","IMPORTADOS HIDROCORTISONE 10MG COMPRIMIDO"
"9794","IMPORTADOS MIGLUSTATE 100MG06.04.63.001-8"
"9795","IMPORTADOS OXIBUTININA, CLORIDRATO 5MG"
"9796","IMPORTADOS PROSTAGLANDINA - 500MCG SOLUCAO INJETAVEL (AMPOLA 1ML)"
"9797","IMUNOSSUPRESSORES CICLOSPORINA  25MG CAPSULA"
"9798","IMUNOSSUPRESSORES CICLOSPORINA 100MG CAPSULA"
"9799","IMUNOSSUPRESSORES CICLOSPORINA 100MG/ML, SOLUCAO ORAL, FR.50ML"
"9800","IMUNOSSUPRESSORES CICLOSPORINA 50MG CAPSULA"
"9801","IMUNOSSUPRESSORES INFLIXIMAB 10 MG/ML, AMPOLA 10 ML"
"9802","IMUNOSSUPRESSORES LEFLUNOMIDE 20MG"
"9803","IMUNOSSUPRESSORES MICOFENOLATO SODICO 180MG"
"9804","IMUNOSSUPRESSORES MICOFENOLATO SODICO 360MG"
"9805","IMUNOSSUPRESSORES MICOFENOLATO, MOFETIL - 500MG CAPSULA"
"9806","IMUNOSSUPRESSORES SIROLIMO 1 MG (POR DRAGEA)(DET)"
"9807","IMUNOSSUPRESSORES SIROLIMO 2 MG"
"9808","IMUNOSSUPRESSORES TOCILIZUMABE 20MG/ML, INJETAVEL, FRASCO-AMPOLA 4ML"
"9809","IMUNOTERAPICOS - IMUNIZACAO ATIVA EVEROLIMO 0,5 MG"
"9810","IMUNOTERAPICOS - IMUNIZACAO ATIVA TACROLIMUS 1 MG"
"9811","IMUNOTERAPICOS - IMUNIZACAO PASSIVA IMUNOGLOBULINA ANTI RHO DE 250 A"
"9812",""
"9813","300MCG,FRASCO/AMP.OU S.P."
"9814","IMUNOTERAPICOS - IMUNIZACAO PASSIVA IMUNOGLOBULINA ANTITETÅNICA"
"9815",""
"9816","250UI,SOL.INJET.FR/AMP/SERIN.1ML"
"9817","IMUNOTERAPICOS - IMUNIZACAO PASSIVA IMUNOGLOBULINA DE COELHO ANTITIMÎCITOS"
"9818",""
"9819","HUMANOS 25MG(DET)"
"9820","IMUNOTERAPICOS - IMUNIZACAO PASSIVA IMUNOGLOBULINA HUMANA IV5,0G SOL.INJ"
"9821","IMUNOTERAPICOS - IMUNIZACAO PASSIVA MYCOBACTERIUM BOVIS 40MG PO LIOFILO P/ SOL."
"9822",""
"9823","INJETAVEL"
"9824","IMUNOTERAPICOS - IMUNIZACAO PASSIVA PALIVIZUMABE 100 MG, FRASCO/AMPOLA"
"9825","INIBIDOR DE INFLUXO DE IONS CA++ NIMODIPINA 30 MG COMPRIMIDO"
"9826","LAXANTES BISACODIL 5 MG"
"9827","LAXANTES GLICERINA - SUPOSITORIO/ADULTO"
"9828","LAXANTES GLICERINA LIQUIDA, FRASCO 100 ML"
"9829","LAXANTES GLICERINA LIQUIDA, FRASCO 1000ML"
"9830","LAXANTES LACTULOSE 667MG/ML, SOLUCAO ORAL, FRASCO 100 A 200 ML"
"9831","LAXANTES OLEOMINERAL, FRASCO 100 A 200 ML"
"9832","LAXANTES PICOSSULFATO DE SODIO 7,5 MG/ML SOLUCAO ORAL, 20 ML"
"9833","LAXANTES PLANTAGO OVATA, PÎ, ENVELOPE COM 5  A 10 G"
"9834","LAXANTES POLIETILENOGLICOL 4000 (PEG) SACHE 10G"
"9835","LAXANTES SODIO MONOFOSFATO MONOBASICO + SODIO MONOFOSFATO DIBASICO"
"9836","MANIPULADOS ACIDO ACÔTICO 3%, SOLUCAO REAGENTE, FRASCO 50 ML"
"9837","MANIPULADOS ACIDO TRICLORO-ACÔTICO 70%, SOLUCAO, FRASCO 10 ML"
"9838","MANIPULADOS ACIDO TRICLORO-ACÔTICO 80%, SOLUCAO, FRASCO 5 ML"
"9839","MANIPULADOS CREME LANETTE + CETOCONAZOL 2%, CREME, TUBO 30 G"
"9840","MANIPULADOS CREME LANETTE, TUBO 100 G"
"9841","MANIPULADOS PODOFILINA 25%, 250MG/ML, SOLUCAO ALCOÎLICA, FRASCO 10 ML"
"9842","MANIPULADOS SUB-GALATO DE BISMUTO, SACHE 5 G"
"9843","MANIPULADOS VASELINA LIQUIDA EMBALAGEM C/ 1 LITRO (DETALHADA)"
"9844","MANIPULADOS VASELINA LIQUIDA P/USO HOSPITALAR,SOLUCAO OLEOSA,FRA. 100ML"
"9845","MEDICAMENTOS AÇÃO JUDICIAL(EXCLUSIVO DIAF.ALMOX.450)  BUPRENORFINA, CLORIDRATO"
"9846",""
"9847","5MG ADESIVO"
"9848","MEDICAMENTOS AÇÃO JUDICIAL(EXCLUSIVO DIAF.ALMOX.450)  CABOZANTINIBE, 20MG"
"9849","MEDICAMENTOS AÇÃO JUDICIAL(EXCLUSIVO DIAF.ALMOX.450)  CANETA DE EPINEFRINA AUTO"
"9850",""
"9851","INJETORA 0,3 MG"
"9852","MEDICAMENTOS AÇÃO JUDICIAL(EXCLUSIVO DIAF.ALMOX.450)  COENZIMA Q10 10MG/ML,"
"9853",""
"9854","SOLUCAO ORAL, 50ML-MANIPULADO"
"9855","MEDICAMENTOS AÇÃO JUDICIAL(EXCLUSIVO DIAF.ALMOX.450)  FERRO III, POLIMALTOSADO"
"9856",""
"9857","10MG/ML, XAROPE, 120ML"
"9858","MEDICAMENTOS AÇÃO JUDICIAL(EXCLUSIVO DIAF.ALMOX.450)  FLUOXETINA 20MG PROZAC"
"9859","MEDICAMENTOS AÇÃO JUDICIAL(EXCLUSIVO DIAF.ALMOX.450)  FLUTICASONA"
"9860",""
"9861","100+UMECLIDINIO 62,5+VILANTEROL 25, 30DOSES"
"9862","MEDICAMENTOS AÇÃO JUDICIAL(EXCLUSIVO DIAF.ALMOX.450)  FOSFATO ACIDO DE POTASSIO E"
"9863",""
"9864","FOSFORO 2MEQ/ML-MANIPULADO"
"9865","MEDICAMENTOS AÇÃO JUDICIAL(EXCLUSIVO DIAF.ALMOX.450)"
"9866",""
"9867","GLICOSAM.1,5G+CONDROIT.1,2G+MELOX.4MG - MANIPULADO"
"9868","MEDICAMENTOS AÇÃO JUDICIAL(EXCLUSIVO DIAF.ALMOX.450)  INSULINA HUMANA NPH"
"9869",""
"9870","100UI/ML, SUSP. INJ., SIST. APLIC. 3ML"
"9871","MEDICAMENTOS AÇÃO JUDICIAL(EXCLUSIVO DIAF.ALMOX.450)  IXAZOMIBE, CITRATO 4MG"
"9872","MEDICAMENTOS AÇÃO JUDICIAL(EXCLUSIVO DIAF.ALMOX.450)  OXALATO DE ESCITALOPRAN"
"9873",""
"9874","20MG - ESCILEX"
"9875","MEDICAMENTOS AÇÃO JUDICIAL(EXCLUSIVO DIAF.ALMOX.450)  PAROXETINA, CLORIDRATO"
"9876",""
"9877","20MG - PAXTRAT"
"9878","MEDICAMENTOS AÇÃO JUDICIAL(EXCLUSIVO DIAF.ALMOX.450)  RAMIPRIL 2,5MG - NAPRIX"
"9879","MEDICAMENTOS AÇÃO JUDICIAL(EXCLUSIVO DIAF.ALMOX.450)  RIVAROXABAN, 2,5MG"
"9880","MEDICAMENTOS AÇÃO JUDICIAL(EXCLUSIVO DIAF.ALMOX.450)  SUPLEM.CALCIO 500MG+VIT.D"
"9881",""
"9882","200UI,S/ACUCAR,TABLETE MASTIGAVEL"
"9883","MEDICAMENTOS AÇÃO JUDICIAL(EXCLUSIVO DIAF.ALMOX.450)  TOPIRAMATO 100MG - VIDMAX"
"9884","MEDICAMENTOS AÇÃO JUDICIAL(EXCLUSIVO DIAF.ALMOX.450)  VIT. D3 10.000UI+VIT. A"
"9885",""
"9886","10.00UI+MK7 100MCG, 10ML-MANIPULADO"
"9887","MEDICAMENTOS AÇÃO JUDICIAL(EXCLUSIVO DIAF.ALMOX.450)"
"9888",""
"9889","5HTP+COBAMANIDA+FOLINICO+B6+LACTIUM+THEANINA+TAUR-MANIPULADO"
"9890","MEDICAMENTOS AÇÃO JUDICIAL(EXCLUSIVO DIAF.ALMOX.450) 8-METOXIPSORALENO 0,01%"
"9891",""
"9892","(MOP), POMADA QSP, 120G-MANIPULADO"
"9893","MEDICAMENTOS AÇÃO JUDICIAL(EXCLUSIVO DIAF.ALMOX.450) ABEMACICLIBE 150 MG"
"9894","MEDICAMENTOS AÇÃO JUDICIAL(EXCLUSIVO DIAF.ALMOX.450) ABIRATERONA, ACETADO 250"
"9895",""
"9896","MG - ZYTIGA"
"9897","MEDICAMENTOS AÇÃO JUDICIAL(EXCLUSIVO DIAF.ALMOX.450) ACALABRUTINIBE 100MG"
"9898","MEDICAMENTOS AÇÃO JUDICIAL(EXCLUSIVO DIAF.ALMOX.450) ACETILCISTEINA 20MG/ML,"
"9899",""
"9900","XAROPE, 120ML"
"9901","MEDICAMENTOS AÇÃO JUDICIAL(EXCLUSIVO DIAF.ALMOX.450) ACIDO ACETILSALICILICO 81MG,"
"9902",""
"9903","CPR. REVEST. GASTRORRESISTENTE"
"9904","MEDICAMENTOS AÇÃO JUDICIAL(EXCLUSIVO DIAF.ALMOX.450) ACIDO ACETILSALICILICO"
"9905",""
"9906","CARDIO 81MG,CP.REVEST-SOMALGIN CARDIO"
"9907","MEDICAMENTOS AÇÃO JUDICIAL(EXCLUSIVO DIAF.ALMOX.450) ACIDO"
"9908",""
"9909","ACETILSALICILICO+ALANTOINA+LCD,SHAMPO,150ML-MANIPULADO"
"9910","MEDICAMENTOS AÇÃO JUDICIAL(EXCLUSIVO DIAF.ALMOX.450) ALECTINIB 150 MG"
"9911","MEDICAMENTOS AÇÃO JUDICIAL(EXCLUSIVO DIAF.ALMOX.450) ALFAESTRADIOL 0,25 MG,"
"9912",""
"9913","SOLUCAO CAPILAR, FRASCO 100 ML"
"9914","MEDICAMENTOS AÇÃO JUDICIAL(EXCLUSIVO DIAF.ALMOX.450) ALFAGALSIDASE 1MG/ML,"
"9915",""
"9916","SOLUCAO PARA INFUSAO, 3,5ML"
"9917","MEDICAMENTOS AÇÃO JUDICIAL(EXCLUSIVO DIAF.ALMOX.450) ALFASSEBELIPASE 2MG/ML,"
"9918",""
"9919","10ML"
"9920","MEDICAMENTOS AÇÃO JUDICIAL(EXCLUSIVO DIAF.ALMOX.450) ALIROCUMABE 150MG/ML, SOL."
"9921",""
"9922","INJ., CANETA PREENC.1ML"
"9923","MEDICAMENTOS AÇÃO JUDICIAL(EXCLUSIVO DIAF.ALMOX.450) ALIROCUMABE 75MG/ML, SOL."
"9924",""
"9925","INJ., CANETA PREENC.1ML"
"9926","MEDICAMENTOS AÇÃO JUDICIAL(EXCLUSIVO DIAF.ALMOX.450) ALOGLIPTINA 25MG +"
"9927",""
"9928","PIOGLITAZONA 30MG - NESINA PIO"
"9929","MEDICAMENTOS AÇÃO JUDICIAL(EXCLUSIVO DIAF.ALMOX.450) ALOGLIPTINA, BENZOATO 12,5"
"9930",""
"9931","MG, CP REV"
"9932","MEDICAMENTOS AÇÃO JUDICIAL(EXCLUSIVO DIAF.ALMOX.450) ALOGLIPTINA, BENZOATO 25 MG,"
"9933",""
"9934","COMPRIMIDO REVESTIDO"
"9935","MEDICAMENTOS AÇÃO JUDICIAL(EXCLUSIVO DIAF.ALMOX.450) ALPELISIBE  150 MG"
"9936","MEDICAMENTOS AÇÃO JUDICIAL(EXCLUSIVO DIAF.ALMOX.450) AMBROXOL,CLORIDRATO"
"9937",""
"9938","7,5MG/ML,SOL.P/NEBULIZAÇÃO,FLACONETE 2ML"
"9939","MEDICAMENTOS AÇÃO JUDICIAL(EXCLUSIVO DIAF.ALMOX.450) ANAKINRA 100MG/0,67ML, SOL."
"9940",""
"9941","INJ., SERINGA PREENCHIDA"
"9942","MEDICAMENTOS AÇÃO JUDICIAL(EXCLUSIVO DIAF.ALMOX.450) ANLODIPINO,BESILATO"
"9943",""
"9944","2,5MG/ML,SOLUCAO ORAL,20ML - MANIPULADOÄ"
"9945","MEDICAMENTOS AÇÃO JUDICIAL(EXCLUSIVO DIAF.ALMOX.450) APALUTAMIDA 60 MG"
"9946","MEDICAMENTOS AÇÃO JUDICIAL(EXCLUSIVO DIAF.ALMOX.450) APOMORF+TADAL+L-ARGI+OCIT,"
"9947",""
"9948","SPRAY ORAL, 20 ML - MANIPULADO"
"9949","MEDICAMENTOS AÇÃO JUDICIAL(EXCLUSIVO DIAF.ALMOX.450) ARGININA 100 MG-MANIPULADO"
"9950","MEDICAMENTOS AÇÃO JUDICIAL(EXCLUSIVO DIAF.ALMOX.450) ARIPIPRAZOL 10MG - KAVIUM"
"9951","MEDICAMENTOS AÇÃO JUDICIAL(EXCLUSIVO DIAF.ALMOX.450) ARIPIPRAZOL 15 MG,"
"9952",""
"9953","COMPRIMIDO - ARISTAB"
"9954","MEDICAMENTOS AÇÃO JUDICIAL(EXCLUSIVO DIAF.ALMOX.450) ARIPIPRAZOL 20MG - ARISTAB"
"9955","MEDICAMENTOS AÇÃO JUDICIAL(EXCLUSIVO DIAF.ALMOX.450) ARIPIPRAZOL 20MG/ML,"
"9956",""
"9957","SUSPENSAO GOTAS, 30ML"
"9958","MEDICAMENTOS AÇÃO JUDICIAL(EXCLUSIVO DIAF.ALMOX.450) ARIPIPRAZOL 30MG  - ARISTAB"
"9959","MEDICAMENTOS AÇÃO JUDICIAL(EXCLUSIVO DIAF.ALMOX.450) ASCÎRBICO, AC. 1500MG-"
"9960",""
"9961","MANIPULADO"
"9962","MEDICAMENTOS AÇÃO JUDICIAL(EXCLUSIVO DIAF.ALMOX.450) ASCORBATO DE MG 1 G-"
"9963",""
"9964","MANIPULADO"
"9965","MEDICAMENTOS AÇÃO JUDICIAL(EXCLUSIVO DIAF.ALMOX.450) ATALURENO 1000MG,"
"9966",""
"9967","GRANULADO P/ SUSP. ORAL,- TRANSLARNA"
"9968","MEDICAMENTOS AÇÃO JUDICIAL(EXCLUSIVO DIAF.ALMOX.450) ATALURENO 125MG,"
"9969",""
"9970","GRANULADO P/ SUSP. ORAL - TRANSLARNA"
"9971","MEDICAMENTOS AÇÃO JUDICIAL(EXCLUSIVO DIAF.ALMOX.450) ATALURENO 250MG,"
"9972",""
"9973","GRANULADO P/ SUSP. ORAL - TRANSLARNA"
"9974","MEDICAMENTOS AÇÃO JUDICIAL(EXCLUSIVO DIAF.ALMOX.450) ATENOLOL 50 MG +"
"9975",""
"9976","CLORTALIDONA 12,5 MG - ABLOK PLUS"
"9977","MEDICAMENTOS AÇÃO JUDICIAL(EXCLUSIVO DIAF.ALMOX.450) ATEZOLIZUMABE 1200MG"
"9978",""
"9979","(60MG/ML), 20ML"
"9980","MEDICAMENTOS AÇÃO JUDICIAL(EXCLUSIVO DIAF.ALMOX.450) ATEZOLIZUMABE 840 MG (60"
"9981",""
"9982","MG/ML), 14 ML"
"9983","MEDICAMENTOS AÇÃO JUDICIAL(EXCLUSIVO DIAF.ALMOX.450) ATOMOXETINA, CLORIDRATO"
"9984",""
"9985","40MG"
"9986","MEDICAMENTOS AÇÃO JUDICIAL(EXCLUSIVO DIAF.ALMOX.450) AVELUMABE 20MG/ML"
"9987","MEDICAMENTOS AÇÃO JUDICIAL(EXCLUSIVO DIAF.ALMOX.450) AXITINIB 5 MG, COMPRIMIDO"
"9988",""
"9989","REVESTIDO"
"9990","MEDICAMENTOS AÇÃO JUDICIAL(EXCLUSIVO DIAF.ALMOX.450) AZELAICO, ACIDO 150MG/G, GEL,"
"9991",""
"9992","BISNAGA 15G"
"9993","MEDICAMENTOS AÇÃO JUDICIAL(EXCLUSIVO DIAF.ALMOX.450) BACOPA MONNIERI 225 MG -"
"9994",""
"9995","COGNITUS"
"9996","MEDICAMENTOS AÇÃO JUDICIAL(EXCLUSIVO DIAF.ALMOX.450) BAMBUTEROL, CLORIDRATO"
"9997",""
"9998","1MG/ML, SOL. ORAL, FRASCO 120ML"
"9999","MEDICAMENTOS AÇÃO JUDICIAL(EXCLUSIVO DIAF.ALMOX.450) BECLOMETASONA 100 MCG +"
"10000",""
"10001","FORMOTEROL 6 MCG, PÎ PARA INALAÇÃO"
"10002","MEDICAMENTOS AÇÃO JUDICIAL(EXCLUSIVO DIAF.ALMOX.450) BENDAMUSTINA, CLORIDRATO"
"10003",""
"10004","100MG, PÎ LIOFILIZADO"
"10005","MEDICAMENTOS AÇÃO JUDICIAL(EXCLUSIVO DIAF.ALMOX.450) BENDAMUSTINA, CLORIDRATO"
"10006",""
"10007","25MG, PÎ LIOFILIZADO"
"10008","MEDICAMENTOS AÇÃO JUDICIAL(EXCLUSIVO DIAF.ALMOX.450) BENRALIZUMABE 30 MG/ML,"
"10009",""
"10010","SOLUCAO INJETAVEL"
"10011","MEDICAMENTOS AÇÃO JUDICIAL(EXCLUSIVO DIAF.ALMOX.450) BENZOATO DE SODIO"
"10012",""
"10013","250MG/ML, SOLUCAO ORAL, 100ML-MANIPULADO"
"10014","MEDICAMENTOS AÇÃO JUDICIAL(EXCLUSIVO DIAF.ALMOX.450) BETA-"
"10015",""
"10016","ALANINA+TCM+ASSOCIACÏES CONF. RECEITA (AF) - MANIPULADO"
"10017","MEDICAMENTOS AÇÃO JUDICIAL(EXCLUSIVO DIAF.ALMOX.450) BETAINA ANIDRA EM PO 3,5 G  -"
"10018",""
"10019","MANIPULADO"
"10020","MEDICAMENTOS AÇÃO JUDICIAL(EXCLUSIVO DIAF.ALMOX.450)"
"10021",""
"10022","BETAINA+ZINCO+MANGANÕS+COMPL. B+SUC.MG+SUC.CALCIO-MANIPULADO"
"10023","MEDICAMENTOS AÇÃO JUDICIAL(EXCLUSIVO DIAF.ALMOX.450) BETANECOL 5MG-MANIPULADO"
"10024","MEDICAMENTOS AÇÃO JUDICIAL(EXCLUSIVO DIAF.ALMOX.450) BIMATOPROSTA 0,3"
"10025",""
"10026","MG/ML,SOLUCAO OFTALMICA,FRASCO 3ML-LUMIGAN"
"10027","MEDICAMENTOS AÇÃO JUDICIAL(EXCLUSIVO DIAF.ALMOX.450) BIOTINA 20 MG, SACHE -"
"10028",""
"10029","MANIPULADO"
"10030","MEDICAMENTOS AÇÃO JUDICIAL(EXCLUSIVO DIAF.ALMOX.450) BIOTINA 20 MG/ML -"
"10031",""
"10032","MANIPULADO"
"10033","MEDICAMENTOS AÇÃO JUDICIAL(EXCLUSIVO DIAF.ALMOX.450) BISOPROLOL, FUMARATO 10 MG,"
"10034",""
"10035","COMPRIMIDO - CONCOR"
"10036","MEDICAMENTOS AÇÃO JUDICIAL(EXCLUSIVO DIAF.ALMOX.450) BISOPROLOL, FUMARATO 2,5 MG,"
"10037",""
"10038","COMPRIMIDO - CONCOR"
"10039","MEDICAMENTOS AÇÃO JUDICIAL(EXCLUSIVO DIAF.ALMOX.450) BLINATUMOMAB 38,5 MCG,PÎ"
"10040",""
"10041","LIOFILIZADO"
"10042","MEDICAMENTOS AÇÃO JUDICIAL(EXCLUSIVO DIAF.ALMOX.450) BORO+VIT. B2+SELENIO+NA"
"10043",""
"10044","CISTEINA+GLICOSAMINA-MANIPULADO"
"10045","MEDICAMENTOS AÇÃO JUDICIAL(EXCLUSIVO DIAF.ALMOX.450) BRIMONIDINA, TART. 0,2%, SOL."
"10046",""
"10047","OFTALMICA, 5ML - ALPHAGAN"
"10048","MEDICAMENTOS AÇÃO JUDICIAL(EXCLUSIVO DIAF.ALMOX.450) BRINZOLAMIDA 10MG +"
"10049",""
"10050","BRIMONIDINA 2MG, SUSP. OFTALMICA, 5ML"
"10051","MEDICAMENTOS AÇÃO JUDICIAL(EXCLUSIVO DIAF.ALMOX.450) BROMAZEPAM 6MG,"
"10052",""
"10053","COMPRIMIDO - SOMALIUM"
"10054","MEDICAMENTOS AÇÃO JUDICIAL(EXCLUSIVO DIAF.ALMOX.450) BUPRENORFINA, CLORIDRATO"
"10055",""
"10056","10 MG, UNIDADE: ADESIVO"
"10057","MEDICAMENTOS AÇÃO JUDICIAL(EXCLUSIVO DIAF.ALMOX.450) BUPRENORFINA, CLORIDRATO"
"10058",""
"10059","20 MG, UNIDADE: ADESIVO"
"10060","MEDICAMENTOS AÇÃO JUDICIAL(EXCLUSIVO DIAF.ALMOX.450) BUPROPIONA 100MG, CAPSULA-"
"10061",""
"10062","MANIPULADO"
"10063","MEDICAMENTOS AÇÃO JUDICIAL(EXCLUSIVO DIAF.ALMOX.450) BUROSUMABE 20MG, SOLUCAO"
"10064",""
"10065","INJETAVEL"
"10066","MEDICAMENTOS AÇÃO JUDICIAL(EXCLUSIVO DIAF.ALMOX.450) BUTENAFINA, CLORIDRATO"
"10067",""
"10068","10MG/G CREME 20G"
"10069","MEDICAMENTOS AÇÃO JUDICIAL(EXCLUSIVO DIAF.ALMOX.450) CA 300MG + MG 300MG +"
"10070",""
"10071","MG(OH)2. 1500MG, SOL. ORAL-MANIPULADO"
"10072","MEDICAMENTOS AÇÃO JUDICIAL(EXCLUSIVO DIAF.ALMOX.450) CABOZANTINIBE, LEVOMALATO"
"10073",""
"10074","DE, 60MG"
"10075","MEDICAMENTOS AÇÃO JUDICIAL(EXCLUSIVO DIAF.ALMOX.450) CALCIO 625MG+VIT. D"
"10076",""
"10077","750UI+VIT. E 100UI, CAPSULA-MANIPULADO"
"10078","MEDICAMENTOS AÇÃO JUDICIAL(EXCLUSIVO DIAF.ALMOX.450) CALCIO CITRATO MALATO, VIT."
"10079",""
"10080","D3, VIT K2 , MAGNESIO - FIXARE"
"10081","MEDICAMENTOS AÇÃO JUDICIAL(EXCLUSIVO DIAF.ALMOX.450) CALCIO, CARBONATO 625"
"10082",""
"10083","MG+VITAMINA D3 750 UI-MANIPULADO"
"10084","MEDICAMENTOS AÇÃO JUDICIAL(EXCLUSIVO DIAF.ALMOX.450) CALCIO, CARBONATO 625 MGÄ+"
"10085",""
"10086","VITAMINA D3 1.000 UIÄ- MANIPULADO"
"10087","MEDICAMENTOS AÇÃO JUDICIAL(EXCLUSIVO DIAF.ALMOX.450) CANABIDIOL (CBD) 1000MG,"
"10088",""
"10089","BLUE LABEL, FRASCO LIQUIDO - RSHO"
"10090","MEDICAMENTOS AÇÃO JUDICIAL(EXCLUSIVO DIAF.ALMOX.450) CANABIDIOL (CBD) 1000MG,"
"10091",""
"10092","GOLD LABEL, FRASCO 120ML - RSHO"
"10093","MEDICAMENTOS AÇÃO JUDICIAL(EXCLUSIVO DIAF.ALMOX.450) CANABIDIOL (CBD)"
"10094",""
"10095","1000MG,30ML - REVIVID"
"10096","MEDICAMENTOS AÇÃO JUDICIAL(EXCLUSIVO DIAF.ALMOX.450) CANABIDIOL (CBD) 100MG/ML -"
"10097",""
"10098","EPIDIOLEX"
"10099","MEDICAMENTOS AÇÃO JUDICIAL(EXCLUSIVO DIAF.ALMOX.450) CANABIDIOL (CBD) 20 - 25%"
"10100",""
"10101","GOLD, TUBO 10 G - RSHO"
"10102","MEDICAMENTOS AÇÃO JUDICIAL(EXCLUSIVO DIAF.ALMOX.450) CANABIDIOL (CBD) 20 - 25%,"
"10103",""
"10104","TUBO 10 G - RSHO."
"10105","MEDICAMENTOS AÇÃO JUDICIAL(EXCLUSIVO DIAF.ALMOX.450) CANABIDIOL (CBD) 2400MG"
"10106",""
"10107","SHOT, 10ML - USAHEMP"
"10108","MEDICAMENTOS AÇÃO JUDICIAL(EXCLUSIVO DIAF.ALMOX.450) CANABIDIOL (CBD) 5000MG, THC"
"10109",""
"10110","FREE, FR 236ML - RSHO-X"
"10111","MEDICAMENTOS AÇÃO JUDICIAL(EXCLUSIVO DIAF.ALMOX.450) CANABIDIOL (CBD) 6000MG,"
"10112",""
"10113","120ML - ISODIOLEX"
"10114","MEDICAMENTOS AÇÃO JUDICIAL(EXCLUSIVO DIAF.ALMOX.450) CANABIDIOL (CBD) 6000MG,"
"10115",""
"10116","30ML - PURODIOL ENHANCED OILS"
"10117","MEDICAMENTOS AÇÃO JUDICIAL(EXCLUSIVO DIAF.ALMOX.450) CANABIDIOL (CBD)"
"10118",""
"10119","EXTRASTRENGTH, 900MG, FR 30ML - AUNT ZELDAS"
"10120","MEDICAMENTOS AÇÃO JUDICIAL(EXCLUSIVO DIAF.ALMOX.450) CANABIDIOL 200MG/ML, 30 ML"
"10121","MEDICAMENTOS AÇÃO JUDICIAL(EXCLUSIVO DIAF.ALMOX.450) CANABIDIOL/THC 500MG (22:1)"
"10122",""
"10123","30ML - REVIVID"
"10124","MEDICAMENTOS AÇÃO JUDICIAL(EXCLUSIVO DIAF.ALMOX.450) CANETA DE EPINEFRINA AUTO"
"10125",""
"10126","INJETORA 0,15 MG"
"10127","MEDICAMENTOS AÇÃO JUDICIAL(EXCLUSIVO DIAF.ALMOX.450) CARBOXIMALTOSE FÔRRICA"
"10128",""
"10129","50MG/ML,SOLUCAO INJETAVEL,AMPOLA 10ML"
"10130","MEDICAMENTOS AÇÃO JUDICIAL(EXCLUSIVO DIAF.ALMOX.450) CARFILZOMIBE 60MG, PÎ"
"10131",""
"10132","LIOFILIZADO P/ SOLUCAO INJETAVEL"
"10133","MEDICAMENTOS AÇÃO JUDICIAL(EXCLUSIVO DIAF.ALMOX.450) CÇLCIO, CARBONATO 625MG+"
"10134",""
"10135","VITAMINA D 500UI+ VITAMINA E 100UI"
"10136","MEDICAMENTOS AÇÃO JUDICIAL(EXCLUSIVO DIAF.ALMOX.450) CEFUROXIMA, AXETIL 250 MG,"
"10137",""
"10138","COMPRIMIDO REVESTIDO"
"10139","MEDICAMENTOS AÇÃO JUDICIAL(EXCLUSIVO DIAF.ALMOX.450) CEMIPLIMABE 350MG SOL DIL"
"10140",""
"10141","7ML"
"10142","MEDICAMENTOS AÇÃO JUDICIAL(EXCLUSIVO DIAF.ALMOX.450) CHENODIOL 250 MG"
"10143","MEDICAMENTOS AÇÃO JUDICIAL(EXCLUSIVO DIAF.ALMOX.450)"
"10144",""
"10145","CIAN.+LIS.+LEVOCAR.+PIRID.+NICOT.+TIAM.+RIBOV.-CARNABOL KIDS"
"10146","MEDICAMENTOS AÇÃO JUDICIAL(EXCLUSIVO DIAF.ALMOX.450) CICLOBENZAPRINA,"
"10147",""
"10148","CLORIDRATO 15 MG, LIBERAÇÃO PROLONGADA"
"10149","MEDICAMENTOS AÇÃO JUDICIAL(EXCLUSIVO DIAF.ALMOX.450) CICLOSPORINA 1%, SOL."
"10150",""
"10151","OFTALM. ESTÔRIL, FR 10ML - MANIPULADO"
"10152","MEDICAMENTOS AÇÃO JUDICIAL(EXCLUSIVO DIAF.ALMOX.450) CICLOSPORINA 100 -"
"10153",""
"10154","SANDIMMUN NEORAL"
"10155","MEDICAMENTOS AÇÃO JUDICIAL(EXCLUSIVO DIAF.ALMOX.450) CICLOSPORINA 50  -"
"10156",""
"10157","SANDIMMUN NEORAL"
"10158","MEDICAMENTOS AÇÃO JUDICIAL(EXCLUSIVO DIAF.ALMOX.450) CITALOPRAM 20 MG,"
"10159",""
"10160","COMPRIMIDO REVESTIDO - PROCIMAX"
"10161","MEDICAMENTOS AÇÃO JUDICIAL(EXCLUSIVO DIAF.ALMOX.450) CITALOPRAM 40 MG,"
"10162",""
"10163","COMPRIMIDO REVESTIDO -ÄPROCIMAX"
"10164","MEDICAMENTOS AÇÃO JUDICIAL(EXCLUSIVO DIAF.ALMOX.450) CITALOPRAN 20 MG - ALCYTAM"
"10165","MEDICAMENTOS AÇÃO JUDICIAL(EXCLUSIVO DIAF.ALMOX.450) CLEMASTINA, FUMARATO 1 MG +"
"10166",""
"10167","DEXAMETASONA 0,5 MG"
"10168","MEDICAMENTOS AÇÃO JUDICIAL(EXCLUSIVO DIAF.ALMOX.450) CLOBAZAM 20MG - FRISIUM"
"10169",""
"10170","20MG (PORT. 344-B1)"
"10171","MEDICAMENTOS AÇÃO JUDICIAL(EXCLUSIVO DIAF.ALMOX.450) CLOPERASTINA, FENDIZOATO"
"10172",""
"10173","3,54 MG/ML, XAROPE, 60 ML"
"10174","MEDICAMENTOS AÇÃO JUDICIAL(EXCLUSIVO DIAF.ALMOX.450) CLOXAZOLAM 2MG -"
"10175",""
"10176","MANIPULADO"
"10177","MEDICAMENTOS AÇÃO JUDICIAL(EXCLUSIVO DIAF.ALMOX.450) COBIMETINIBE, HEMIFUMARATO"
"10178",""
"10179","20MG"
"10180","MEDICAMENTOS AÇÃO JUDICIAL(EXCLUSIVO DIAF.ALMOX.450) COD. 30MG+ MELOX. 15MG+"
"10181",""
"10182","CICLOB. 5MG+ DEFLAZ. 3MG-MANIPULADO"
"10183","MEDICAMENTOS AÇÃO JUDICIAL(EXCLUSIVO DIAF.ALMOX.450)"
"10184",""
"10185","CODEIN.40MG+TENOXIC.10MG+TRAMAD.15MG+FAMOTID.60MG-MANIPULADO"
"10186","MEDICAMENTOS AÇÃO JUDICIAL(EXCLUSIVO DIAF.ALMOX.450)"
"10187",""
"10188","CODEINA55MG+PIROXICAN20MG+TRIANCIN.3MG+CICLO.10MG-MANIPULADO"
"10189","MEDICAMENTOS AÇÃO JUDICIAL(EXCLUSIVO DIAF.ALMOX.450) COENZIMA Q10 100MG,"
"10190",""
"10191","INJETAVEL - MANIPULADO"
"10192","MEDICAMENTOS AÇÃO JUDICIAL(EXCLUSIVO DIAF.ALMOX.450) COENZIMA Q10 2.000 MG-"
"10193",""
"10194","MANIPULADO"
"10195","MEDICAMENTOS AÇÃO JUDICIAL(EXCLUSIVO DIAF.ALMOX.450) COENZIMA Q10 300 MG-"
"10196",""
"10197","MANIPULADO"
"10198","MEDICAMENTOS AÇÃO JUDICIAL(EXCLUSIVO DIAF.ALMOX.450) COENZIMA Q10 70 MG -"
"10199",""
"10200","ÄMANIPULADO"
"10201","MEDICAMENTOS AÇÃO JUDICIAL(EXCLUSIVO DIAF.ALMOX.450) COLAGENASE 0,6UI +"
"10202",""
"10203","CLORANFENICOL 0,01G, POMADA, 50G"
"10204","MEDICAMENTOS AÇÃO JUDICIAL(EXCLUSIVO DIAF.ALMOX.450) COLAGENO HIDROLIZADO TIPO 2"
"10205",""
"10206","10MG, MANIPULADO"
"10207","MEDICAMENTOS AÇÃO JUDICIAL(EXCLUSIVO DIAF.ALMOX.450) COLAGENO NAO HIDROL. TIPO"
"10208",""
"10209","II+COLAGENO HIDROL.+MSM+VIT.+MG"
"10210","MEDICAMENTOS AÇÃO JUDICIAL(EXCLUSIVO DIAF.ALMOX.450) COLAGENO NAO HIDROLISADO"
"10211",""
"10212","TIPO II (UC-II) 40MG - CONDRES"
"10213","MEDICAMENTOS AÇÃO JUDICIAL(EXCLUSIVO DIAF.ALMOX.450) COLAGENO NAO HIDROLISADO"
"10214",""
"10215","TIPO II 40 MG+OMEGA 3+VIT. D 200 UI"
"10216","MEDICAMENTOS AÇÃO JUDICIAL(EXCLUSIVO DIAF.ALMOX.450) COLÇGENO + VITAMINAS A, C, E +"
"10217",""
"10218","ZINCO + MANGANÔS, SACHÔ 12G"
"10219","MEDICAMENTOS AÇÃO JUDICIAL(EXCLUSIVO DIAF.ALMOX.450) COLCHICINA 0,5MG - COLCHIS"
"10220","MEDICAMENTOS AÇÃO JUDICIAL(EXCLUSIVO DIAF.ALMOX.450) COLECALCIFEROL 10.000+"
"10221",""
"10222","RETINOL 50.000, 10 ML"
"10223","MEDICAMENTOS AÇÃO JUDICIAL(EXCLUSIVO DIAF.ALMOX.450) COLECALCIFEROL 1000 UI -"
"10224",""
"10225","ADDERA D3"
"10226","MEDICAMENTOS AÇÃO JUDICIAL(EXCLUSIVO DIAF.ALMOX.450) COLECALCIFEROL 14.000 UI/ML,"
"10227",""
"10228","SOLUCAO ORAL, 10 ML"
"10229","MEDICAMENTOS AÇÃO JUDICIAL(EXCLUSIVO DIAF.ALMOX.450) COLECALCIFEROL 3.300 UI/ML,"
"10230",""
"10231","FRASCO 10ML - ADDERA D3"
"10232","MEDICAMENTOS AÇÃO JUDICIAL(EXCLUSIVO DIAF.ALMOX.450) COLECALCIFEROL 50.000UI"
"10233","MEDICAMENTOS AÇÃO JUDICIAL(EXCLUSIVO DIAF.ALMOX.450) CONDROITINA, SULFATO 1,2 G-"
"10234",""
"10235","MANIPULADO"
"10236","MEDICAMENTOS AÇÃO JUDICIAL(EXCLUSIVO DIAF.ALMOX.450)COQ10+ASHWAGANDHA+ASSOCIACÏES  MANIPULADO"
"10237","MEDICAMENTOS AÇÃO JUDICIAL(EXCLUSIVO DIAF.ALMOX.450) DABRAFENIBE 75MG"
"10238","MEDICAMENTOS AÇÃO JUDICIAL(EXCLUSIVO DIAF.ALMOX.450) DABRAFENIBE, MESILATO 50 MG"
"10239","MEDICAMENTOS AÇÃO JUDICIAL(EXCLUSIVO DIAF.ALMOX.450) DAPAGLIFLOZINA 5 MG,COMPRIMIDO REVESTIDO"
"10240","MEDICAMENTOS AÇÃO JUDICIAL(EXCLUSIVO DIAF.ALMOX.450) DAPAGLIFLOZINA10MG +METFORMINA 1000MG, LIB. PROLONGADA"
"10241","MEDICAMENTOS AÇÃO JUDICIAL(EXCLUSIVO DIAF.ALMOX.450)DAPAGLIFLOZINA5MG+METFORMINA1000MG,LIB.PROLONG."
"10242","MEDICAMENTOS AÇÃO JUDICIAL(EXCLUSIVO DIAF.ALMOX.450) DARATUMUMABE 100MG,SOLUCAO INJETAVEL"
"10243","MEDICAMENTOS AÇÃO JUDICIAL(EXCLUSIVO DIAF.ALMOX.450) DARATUMUMABE 400 MG -DALINVI"
"10244","MEDICAMENTOS AÇÃO JUDICIAL(EXCLUSIVO DIAF.ALMOX.450) DEFLAZACORTE 22MG"
"10245","MEDICAMENTOS AÇÃO JUDICIAL(EXCLUSIVO DIAF.ALMOX.450) DENOSUMABE 120MG, SOLUCAOINJETAVEL, 1,7 ML"
"10246","MEDICAMENTOS AÇÃO JUDICIAL(EXCLUSIVO DIAF.ALMOX.450) DESVENLAFAXINA, SUCCINATOMONOIDRATADO 100 MG - ELIFORE"
"10247","MEDICAMENTOS AÇÃO JUDICIAL(EXCLUSIVO DIAF.ALMOX.450) DESVENLAFAXINA, SUCCINATOMONOIDRATADO 100MG - DESVE"
"10248","MEDICAMENTOS AÇÃO JUDICIAL(EXCLUSIVO DIAF.ALMOX.450) DEXLANSOPRASOL 60MG,CAPSULA LIB. RETARDADA"
"10249","MEDICAMENTOS AÇÃO JUDICIAL(EXCLUSIVO DIAF.ALMOX.450) DEXLANSOPRAZOL 30 MG"
"10250","MEDICAMENTOS AÇÃO JUDICIAL(EXCLUSIVO DIAF.ALMOX.450) DIACEREINA 100 MG, CAPSULA"
"10251","MEDICAMENTOS AÇÃO JUDICIAL(EXCLUSIVO DIAF.ALMOX.450) DICLOFENACO 35MG, CAPSULA"
"10252","MEDICAMENTOS AÇÃO JUDICIAL(EXCLUSIVO DIAF.ALMOX.450) DICLOFENACO DIETILAMONIO11,6 MG/G, AEROSOL, 85 ML"
"10253","MEDICAMENTOS AÇÃO JUDICIAL(EXCLUSIVO DIAF.ALMOX.450) DICLOFENACO DIETILAMONIOCREME"
"10254","MEDICAMENTOS AÇÃO JUDICIAL(EXCLUSIVO DIAF.ALMOX.450) DICLOFENACO POTASSICO50MG,CP DISPERSIVEL"
"10255","MEDICAMENTOS AÇÃO JUDICIAL(EXCLUSIVO DIAF.ALMOX.450) DILTIAZEM, CLORIDRATO 60MG -CARDIZEM"
"10256","MEDICAMENTOS AÇÃO JUDICIAL(EXCLUSIVO DIAF.ALMOX.450) DIMENIDRINATO 2,5MG/ML,SOLUCAO ORAL, 120ML"
"10257","MEDICAMENTOS AÇÃO JUDICIAL(EXCLUSIVO DIAF.ALMOX.450) DIMETILA, FUMARATO 120 MG,CAPSULA DE LIBERAÇÃO RETARDADA"
"10258","MEDICAMENTOS AÇÃO JUDICIAL(EXCLUSIVO DIAF.ALMOX.450) DIOSMINA 450 MG +HESPERIDINA 50 MG, COMPRIMIDO - PERIVASC"
"10259","MEDICAMENTOS AÇÃO JUDICIAL(EXCLUSIVO DIAF.ALMOX.450) DIOSMINA 900MG +HESPERIDINA 100MG COMPRIMIDO"
"10260","MEDICAMENTOS AÇÃO JUDICIAL(EXCLUSIVO DIAF.ALMOX.450) DIPROPIONATO,BETAMETASONA 0,5MG,CREME,BISNAGA 30G"
"10261","MEDICAMENTOS AÇÃO JUDICIAL(EXCLUSIVO DIAF.ALMOX.450) DONEPEZIL,CLORID.10MG+MEMANTINA,CLORID. 20MG,COMP.REVESTIDO"
"10262","MEDICAMENTOS AÇÃO JUDICIAL(EXCLUSIVO DIAF.ALMOX.450) DOXAZOSINA, MESILATO 2 MG,COMPRIMIDO - UNOPROST"
"10263","MEDICAMENTOS AÇÃO JUDICIAL(EXCLUSIVO DIAF.ALMOX.450) DOXEPINA 100 MG-MANIPULADO"
"10264","MEDICAMENTOS AÇÃO JUDICIAL(EXCLUSIVO DIAF.ALMOX.450) DULAGLUTIDA 1,5MG/0,5ML,SOL. INJETAVEL, CANETA 0,5ML"
"10265","MEDICAMENTOS AÇÃO JUDICIAL(EXCLUSIVO DIAF.ALMOX.450) DUPILUMABE 200 MG (175MG/ML), SOLUCAO INJETAVEL, 1,14 ML"
"10266","MEDICAMENTOS AÇÃO JUDICIAL(EXCLUSIVO DIAF.ALMOX.450) DUPILUMABE 300 MG  (150MG/ML), SOLUCAO INJETAVEL, 2 ML"
"10267","MEDICAMENTOS AÇÃO JUDICIAL(EXCLUSIVO DIAF.ALMOX.450) DURVALUMABE 120MG/2,4ML"
"10268",""
"10269","(50MG/ML), SOL. INJ. 2,4ML"
"10270","MEDICAMENTOS AÇÃO JUDICIAL(EXCLUSIVO DIAF.ALMOX.450) DURVALUMABE 500MG/10ML"
"10271",""
"10272","(50MG/ML), SOL. INJ.10ML"
"10273","MEDICAMENTOS AÇÃO JUDICIAL(EXCLUSIVO DIAF.ALMOX.450) DUTASTERIDA 0,5MG +"
"10274",""
"10275","TANSULOSINA 0,4MG - COMBODART"
"10276","MEDICAMENTOS AÇÃO JUDICIAL(EXCLUSIVO DIAF.ALMOX.450) EDOXABANA 30 MG"
"10277","MEDICAMENTOS AÇÃO JUDICIAL(EXCLUSIVO DIAF.ALMOX.450) EDOXABANA 60 MG"
"10278","MEDICAMENTOS AÇÃO JUDICIAL(EXCLUSIVO DIAF.ALMOX.450) ELEXA+TEZA+IVA."
"10279",""
"10280","(100,50,75MG) + IVACAFTOR(150MG) - TRIKAFTA"
"10281","MEDICAMENTOS AÇÃO JUDICIAL(EXCLUSIVO DIAF.ALMOX.450) EMICIZUMABE 30MG/ML,"
"10282",""
"10283","SOLUCAO INJETAVEL, 1ML"
"10284","MEDICAMENTOS AÇÃO JUDICIAL(EXCLUSIVO DIAF.ALMOX.450) EMPAGLIFLOZINA 10 MG +"
"10285",""
"10286","LINAGLIPTINA 5 MG"
"10287","MEDICAMENTOS AÇÃO JUDICIAL(EXCLUSIVO DIAF.ALMOX.450) EMPAGLIFLOZINA 10MG"
"10288","MEDICAMENTOS AÇÃO JUDICIAL(EXCLUSIVO DIAF.ALMOX.450) EMPAGLIFLOZINA 25 MG"
"10289","MEDICAMENTOS AÇÃO JUDICIAL(EXCLUSIVO DIAF.ALMOX.450) EMPAGLIFLOZINA 25MG +"
"10290",""
"10291","LINAGLIPTINA 5MG"
"10292","MEDICAMENTOS AÇÃO JUDICIAL(EXCLUSIVO DIAF.ALMOX.450) ENOXAPARINA"
"10293",""
"10294","20MG,SOL.INJET.SERI.PREENCH.C/DISPOSIT.SEGURANÇA"
"10295","MEDICAMENTOS AÇÃO JUDICIAL(EXCLUSIVO DIAF.ALMOX.450) ENOXAPARINA"
"10296",""
"10297","40MG,SOL.INJET.SERI.PREENCH.C/DISPOSIT.SEGURANÇA"
"10298","MEDICAMENTOS AÇÃO JUDICIAL(EXCLUSIVO DIAF.ALMOX.450) ENOXAPARINA"
"10299",""
"10300","60MG,SOL.INJET.SERI.PREENCH.C/DISPOSIT.SEGURANÇA"
"10301","MEDICAMENTOS AÇÃO JUDICIAL(EXCLUSIVO DIAF.ALMOX.450) ENOXAPARINA"
"10302",""
"10303","80MG,SOL.INJET.SERI.PREENCH.C/DISPOSIT.SEGURANÇA"
"10304","MEDICAMENTOS AÇÃO JUDICIAL(EXCLUSIVO DIAF.ALMOX.450) ENZALUTAMIDA 40 MG,"
"10305",""
"10306","CAPSULA"
"10307","MEDICAMENTOS AÇÃO JUDICIAL(EXCLUSIVO DIAF.ALMOX.450) EPICATEQUINA 500 MG-"
"10308",""
"10309","MANIPULADO"
"10310","MEDICAMENTOS AÇÃO JUDICIAL(EXCLUSIVO DIAF.ALMOX.450) ERENUMABE 70 MG/ML 1ML"
"10311","MEDICAMENTOS AÇÃO JUDICIAL(EXCLUSIVO DIAF.ALMOX.450) ESCITALOPRAM, OXALATO 10 MG"
"10312",""
"10313","- ESPRAN"
"10314","MEDICAMENTOS AÇÃO JUDICIAL(EXCLUSIVO DIAF.ALMOX.450) ESCITALOPRAM, OXALATO 15MG -"
"10315",""
"10316","RECONTER"
"10317","MEDICAMENTOS AÇÃO JUDICIAL(EXCLUSIVO DIAF.ALMOX.450) ESCOPOLAMINA,"
"10318",""
"10319","BUTILBROMETO 10MG/ML, SOLUCAO ORAL, 20 ML"
"10320","MEDICAMENTOS AÇÃO JUDICIAL(EXCLUSIVO DIAF.ALMOX.450) ESOMEPRAZOL MAGNESIO 20MG,"
"10321",""
"10322","COMPR. LIBERACAO RETARDADA - ESIO"
"10323","MEDICAMENTOS AÇÃO JUDICIAL(EXCLUSIVO DIAF.ALMOX.450) ESOMEPRAZOL MAGNESIO 40 MG"
"10324",""
"10325","- NEXIUM"
"10326","MEDICAMENTOS AÇÃO JUDICIAL(EXCLUSIVO DIAF.ALMOX.450) ESPIRONOLACTONA 1 MG/ML,"
"10327",""
"10328","SOL. ORAL, 100 ML - MANIPULADO"
"10329","MEDICAMENTOS AÇÃO JUDICIAL(EXCLUSIVO DIAF.ALMOX.450) ESPIRONOLACTONA 5 MG/ML,"
"10330",""
"10331","SOLUCAO ORAL, 100 ML-MANIPULADO"
"10332","MEDICAMENTOS AÇÃO JUDICIAL(EXCLUSIVO DIAF.ALMOX.450) ESZOPICLONA 3MG"
"10333","MEDICAMENTOS AÇÃO JUDICIAL(EXCLUSIVO DIAF.ALMOX.450) EVOLOCUMABE 140 MG/ML,"
"10334",""
"10335","SOLUCAO INJETAVEL"
"10336","MEDICAMENTOS AÇÃO JUDICIAL(EXCLUSIVO DIAF.ALMOX.450) EXT. CANNABIS SATIVA L. 40G,"
"10337",""
"10338","10ML - EPIFRACTÇN 2%"
"10339","MEDICAMENTOS AÇÃO JUDICIAL(EXCLUSIVO DIAF.ALMOX.450) EZETIMIBA 10 MG - ZETIA"
"10340","MEDICAMENTOS AÇÃO JUDICIAL(EXCLUSIVO DIAF.ALMOX.450) EZETIMIBA 10 MG +"
"10341",""
"10342","SINVASTATINA 40 MG - VYTORIN"
"10343","MEDICAMENTOS AÇÃO JUDICIAL(EXCLUSIVO DIAF.ALMOX.450) FENOBARBITAL SODICO"
"10344",""
"10345","40MG/ML, SOL. ORAL, FRASCO  20ML-GARDENA"
"10346","MEDICAMENTOS AÇÃO JUDICIAL(EXCLUSIVO DIAF.ALMOX.450) FERRO 14MG (PIROFOSFATO"
"10347",""
"10348","FÔRRICO LIPOSSOMICO)+VITAMINA C 45MG"
"10349","MEDICAMENTOS AÇÃO JUDICIAL(EXCLUSIVO DIAF.ALMOX.450) FERRO 3MG/ML+ZINCO"
"10350",""
"10351","2MG/ML+VIT. A+VIT. D,SUSPENSAO ORAL, 30ML"
"10352","MEDICAMENTOS AÇÃO JUDICIAL(EXCLUSIVO DIAF.ALMOX.450) FERRO POLIMALTOSADO"
"10353",""
"10354","400MG/ML (100MG DE FE), SOL. GOTAS, 30ML"
"10355","MEDICAMENTOS AÇÃO JUDICIAL(EXCLUSIVO DIAF.ALMOX.450) FERRO QUELATO GLICINATO"
"10356",""
"10357","300MG"
"10358","MEDICAMENTOS AÇÃO JUDICIAL(EXCLUSIVO DIAF.ALMOX.450) FLUOXETINA, CLORIDRATO 20"
"10359",""
"10360","MG, COMPRIMIDO REVESTIDO - DAFORIN"
"10361","MEDICAMENTOS AÇÃO JUDICIAL(EXCLUSIVO DIAF.ALMOX.450) FLUOXETINA, CLORIDRATO 20"
"10362",""
"10363","MG/ML, FRASCO 20 ML - DAFORIN"
"10364","MEDICAMENTOS AÇÃO JUDICIAL(EXCLUSIVO DIAF.ALMOX.450) FLUTICASONA 200MCG +"
"10365",""
"10366","VILANTEROL 25MCG, 30 DOSES"
"10367","MEDICAMENTOS AÇÃO JUDICIAL(EXCLUSIVO DIAF.ALMOX.450) FLUTICASONA 50MCG +"
"10368",""
"10369","AZELASTINA 137MCG, SPRAY NASAL,120 DOSES"
"10370","MEDICAMENTOS AÇÃO JUDICIAL(EXCLUSIVO DIAF.ALMOX.450) FORMOTEROL 12MCG +"
"10371",""
"10372","FLUTICASONA 250MCG + INALADOR"
"10373","MEDICAMENTOS AÇÃO JUDICIAL(EXCLUSIVO DIAF.ALMOX.450) FORMOTEROL"
"10374",""
"10375","6MCG+BUDESONIDA 200MCG,(SPRAY), TUBO120 DOSES"
"10376","MEDICAMENTOS AÇÃO JUDICIAL(EXCLUSIVO DIAF.ALMOX.450)"
"10377",""
"10378","GABAP.+MELOX.+CICLOBENZ.+DEFLAZ.+FAMOT.-MANIPULADO"
"10379","MEDICAMENTOS AÇÃO JUDICIAL(EXCLUSIVO DIAF.ALMOX.450) GABAPENTINA 300MG (CONTR."
"10380",""
"10381","C1) - NEURONTIN"
"10382","MEDICAMENTOS AÇÃO JUDICIAL(EXCLUSIVO DIAF.ALMOX.450) GALANTAMINA, BROMIDRATO"
"10383",""
"10384","8MG - COGLIVE"
"10385","MEDICAMENTOS AÇÃO JUDICIAL(EXCLUSIVO DIAF.ALMOX.450) GALCANEZUMABE 120MG/ML,"
"10386",""
"10387","SOLUCAO INJETAVEL, 1ML"
"10388","MEDICAMENTOS AÇÃO JUDICIAL(EXCLUSIVO DIAF.ALMOX.450) GALSULFASE 5MG (1MG/ML),"
"10389",""
"10390","SOLUCAO PARA PERFUSAO"
"10391","MEDICAMENTOS AÇÃO JUDICIAL(EXCLUSIVO DIAF.ALMOX.450)"
"10392",""
"10393","GLIC.+CAMO.+UREIA+PANT.+A.VERA+L.AMO.+LANETTE 1KG-MANIPULADO"
"10394","MEDICAMENTOS AÇÃO JUDICIAL(EXCLUSIVO DIAF.ALMOX.450) GLICOPIRRONIO"
"10395",""
"10396","100+BECLOMETASONA 6+FORMOTEROL 12,5 (60 DOSES)"
"10397","MEDICAMENTOS AÇÃO JUDICIAL(EXCLUSIVO DIAF.ALMOX.450) GLICOPIRRONIO, BROMETO"
"10398",""
"10399","50MCG 1 INALADOR + 30 CAPSULAS"
"10400","MEDICAMENTOS AÇÃO JUDICIAL(EXCLUSIVO DIAF.ALMOX.450)"
"10401",""
"10402","GLICOSAM.1,5G+CONDROIT.1,2G+MELOX.2,5MG - MANIPULADO"
"10403","MEDICAMENTOS AÇÃO JUDICIAL(EXCLUSIVO DIAF.ALMOX.450) GLICOSAMINA 1,5G +"
"10404",""
"10405","CONDROITINA 1,2G - MANIPULADO"
"10406","MEDICAMENTOS AÇÃO JUDICIAL(EXCLUSIVO DIAF.ALMOX.450) GLICOSAMINA,SULFATO"
"10407",""
"10408","1,4G+CONDROITINA,SULFATO 1,2G-MANIPULADO"
"10409","MEDICAMENTOS AÇÃO JUDICIAL(EXCLUSIVO DIAF.ALMOX.450) GLUTAMINA 5G + ARGINIA 2G +"
"10410",""
"10411","TAURINA 0,4G + CARNITINA 0,5G"
"10412","MEDICAMENTOS AÇÃO JUDICIAL(EXCLUSIVO DIAF.ALMOX.450) GUSELCUMABE 100MG, SOLUÇÃO"
"10413",""
"10414","INJETAVEL, SERINGA PREENCHIDA 1ML"
"10415","MEDICAMENTOS AÇÃO JUDICIAL(EXCLUSIVO DIAF.ALMOX.450) HALOPERIDOL, 2MG/ML, 30ML -"
"10416",""
"10417","HALDOL"
"10418","MEDICAMENTOS AÇÃO JUDICIAL(EXCLUSIVO DIAF.ALMOX.450) HIALURONATO DE SODIO 0,15%,"
"10419",""
"10420","SOLUCAO OFTALMICA, 10ML - HYABAK"
"10421","MEDICAMENTOS AÇÃO JUDICIAL(EXCLUSIVO DIAF.ALMOX.450) HIDROSMINA 200MG"
"10422","MEDICAMENTOS AÇÃO JUDICIAL(EXCLUSIVO DIAF.ALMOX.450) HIDROXICOBALAMINA"
"10423",""
"10424","20MG/ML, SOLUCAO INJETAVEL-MANIPULADO"
"10425","MEDICAMENTOS AÇÃO JUDICIAL(EXCLUSIVO DIAF.ALMOX.450) HMB 50MG+METILCOBALAMINA"
"10426",""
"10427","25MG, INJETAVEL - MANIPULADO"
"10428","MEDICAMENTOS AÇÃO JUDICIAL(EXCLUSIVO DIAF.ALMOX.450)"
"10429",""
"10430","HYPER.+VALER.+SEM.UVA+BOSW.+URTIC.+CURCU.+KAEMPF.-MANIPULADO"
"10431","MEDICAMENTOS AÇÃO JUDICIAL(EXCLUSIVO DIAF.ALMOX.450) IBUPROFENO 50 MG/ML,"
"10432",""
"10433","SUSPENSAO ORAL (GOTAS), FRASCO 30 ML"
"10434","MEDICAMENTOS AÇÃO JUDICIAL(EXCLUSIVO DIAF.ALMOX.450) IMUNOGLOBULINA HUMANA -"
"10435",""
"10436","SANDOGLOBULINA C/ 100ML"
"10437","MEDICAMENTOS AÇÃO JUDICIAL(EXCLUSIVO DIAF.ALMOX.450) IMUNOGLOBULINA HUMANA SC,"
"10438",""
"10439","4,0 G, SOLUCAO INJETAVEL, 20 ML"
"10440","MEDICAMENTOS AÇÃO JUDICIAL(EXCLUSIVO DIAF.ALMOX.450) INDACATEROL 110MCG +"
"10441",""
"10442","GLICOPIRRONIO 50MCG 30 CAPSULAS"
"10443","MEDICAMENTOS AÇÃO JUDICIAL(EXCLUSIVO DIAF.ALMOX.450) INDOMETACINA 10 MG/ML, 60"
"10444",""
"10445","ML-MANIPULADO"
"10446","MEDICAMENTOS AÇÃO JUDICIAL(EXCLUSIVO DIAF.ALMOX.450) INDOMETACINA 5 MG/ML,"
"10447",""
"10448","SOLUCAO ORAL, 120 ML-MANIPULADO"
"10449","MEDICAMENTOS AÇÃO JUDICIAL(EXCLUSIVO DIAF.ALMOX.450) INFLIXIMAB 10 MG/ML, AMPOLA"
"10450",""
"10451","10 ML - REMICADE"
"10452","MEDICAMENTOS AÇÃO JUDICIAL(EXCLUSIVO DIAF.ALMOX.450) INSULINA ASPARTE 100 UI/ML,"
"10453",""
"10454","10 ML - FIASP"
"10455","MEDICAMENTOS AÇÃO JUDICIAL(EXCLUSIVO DIAF.ALMOX.450) INSULINA ASPARTE 100UI/ML,"
"10456",""
"10457","SIST. APLIC.3ML - FIASP FLEXTOUCH"
"10458","MEDICAMENTOS AÇÃO JUDICIAL(EXCLUSIVO DIAF.ALMOX.450) INSULINA DEGLUDECA 100"
"10459",""
"10460","UI/ML, SOL. INJ., REFIL 3ML (PENFILL)"
"10461","MEDICAMENTOS AÇÃO JUDICIAL(EXCLUSIVO DIAF.ALMOX.450) INSULINA DEGLUDECA"
"10462",""
"10463","100U/ML+LIRAGLUTIDA 3,6MG/ML, SOL.INJ.3ML"
"10464","MEDICAMENTOS AÇÃO JUDICIAL(EXCLUSIVO DIAF.ALMOX.450) INSULINA GLARGINA 100U"
"10465",""
"10466","+LIXISENATIDA 50MCG, CANETA DESC. 3ML"
"10467","MEDICAMENTOS AÇÃO JUDICIAL(EXCLUSIVO DIAF.ALMOX.450) INSULINA GLARGINA 100U/ML,"
"10468",""
"10469","REFIL 3 ML - LANTUS"
"10470","MEDICAMENTOS AÇÃO JUDICIAL(EXCLUSIVO DIAF.ALMOX.450) INSULINA GLARGINA 100UI/ML,"
"10471",""
"10472","SIST.APLIC.(KWIKPEN)3ML-BASAGLAR"
"10473","MEDICAMENTOS AÇÃO JUDICIAL(EXCLUSIVO DIAF.ALMOX.450) INSULINA GLARGINA 300U/ML"
"10474",""
"10475","1,5 ML CANETA DESCARTÇVEL"
"10476","MEDICAMENTOS AÇÃO JUDICIAL(EXCLUSIVO DIAF.ALMOX.450) INSULINA LISPRO 25UI+LISPRO"
"10477",""
"10478","PROTAMINA 75UI,CANETA DESC. 3 ML"
"10479","MEDICAMENTOS AÇÃO JUDICIAL(EXCLUSIVO DIAF.ALMOX.450) INSULINA LISPRO 50UI+LISPRO"
"10480",""
"10481","PROTAMINA 50UI,CANETA DESC. 3 ML"
"10482","MEDICAMENTOS AÇÃO JUDICIAL(EXCLUSIVO DIAF.ALMOX.450) INSULINA NPH 70% + REGULAR"
"10483",""
"10484","30%, REFIL 10 ML"
"10485","MEDICAMENTOS AÇÃO JUDICIAL(EXCLUSIVO DIAF.ALMOX.450) IXEQUIZUMABE 80MG/ML, SOL"
"10486",""
"10487","INJ  1 SER PRE"
"10488","MEDICAMENTOS AÇÃO JUDICIAL(EXCLUSIVO DIAF.ALMOX.450) L-ARGININA 5 G - MANIPULADO"
"10489","MEDICAMENTOS AÇÃO JUDICIAL(EXCLUSIVO DIAF.ALMOX.450) L-ARGININA 500"
"10490",""
"10491","MG/ML,SOLUCAO ORAL, 120 ML-MANIPULADO"
"10492","MEDICAMENTOS AÇÃO JUDICIAL(EXCLUSIVO DIAF.ALMOX.450) L-CARNITINA 500 MG/ML,"
"10493",""
"10494","SOLUCAO ORAL, 135 ML-MANIPULADO"
"10495","MEDICAMENTOS AÇÃO JUDICIAL(EXCLUSIVO DIAF.ALMOX.450) L-GLUTAMINA+L-ARGININA+L-"
"10496",""
"10497","TAURINA+L-CARNITINA-MANIPULADO"
"10498","MEDICAMENTOS AÇÃO JUDICIAL(EXCLUSIVO DIAF.ALMOX.450) L-LISINA 1.000 MG-MANIPULADO"
"10499","MEDICAMENTOS AÇÃO JUDICIAL(EXCLUSIVO DIAF.ALMOX.450) LACOSAMIDA 10 MG/ML, FRASCO"
"10500",""
"10501","200 ML"
"10502","MEDICAMENTOS AÇÃO JUDICIAL(EXCLUSIVO DIAF.ALMOX.450) LACOSAMIDA 150 MG."
"10503","MEDICAMENTOS AÇÃO JUDICIAL(EXCLUSIVO DIAF.ALMOX.450) LACOSAMIDA 50 MG,"
"10504",""
"10505","COMPRIMIDO REVESTIDO"
"10506","MEDICAMENTOS AÇÃO JUDICIAL(EXCLUSIVO DIAF.ALMOX.450) LACTASE 9000 FCC"
"10507","MEDICAMENTOS AÇÃO JUDICIAL(EXCLUSIVO DIAF.ALMOX.450) LACTOBACILLUS REUTERI DSM"
"10508",""
"10509","17938, COMPRIMIDO - PROVANCE"
"10510","MEDICAMENTOS AÇÃO JUDICIAL(EXCLUSIVO DIAF.ALMOX.450) LACTOBACILUS:"
"10511",""
"10512","REUT.+GAS.+ACID.+BIFID.+RAMN.+GOS-MANIPULADO"
"10513","MEDICAMENTOS AÇÃO JUDICIAL(EXCLUSIVO DIAF.ALMOX.450) LAMOTRIGINA 025MG, CP PARA"
"10514",""
"10515","SUSP - LAMITOR CD"
"10516","MEDICAMENTOS AÇÃO JUDICIAL(EXCLUSIVO DIAF.ALMOX.450) LAMOTRIGINA 100MG,"
"10517",""
"10518","COMPRIMIDO PARA SUSPENSAO - LAMITOR CD"
"10519","MEDICAMENTOS AÇÃO JUDICIAL(EXCLUSIVO DIAF.ALMOX.450) LAMOTRIGINA 25MG - LEPTICO"
"10520",""
"10521","(CONTR. C1)"
"10522","MEDICAMENTOS AÇÃO JUDICIAL(EXCLUSIVO DIAF.ALMOX.450) LAMOTRIGINA 50MG,"
"10523",""
"10524","COMPRIMIDO - LAMICTAL"
"10525","MEDICAMENTOS AÇÃO JUDICIAL(EXCLUSIVO DIAF.ALMOX.450) LAMOTRIGINA 50MG,"
"10526",""
"10527","COMPRIMIDO DISPERSIVEL (CONTR. C1)"
"10528","MEDICAMENTOS AÇÃO JUDICIAL(EXCLUSIVO DIAF.ALMOX.450) LANOLINA 20 + TCM 10 +"
"10529",""
"10530","VASELINA SÎLIDA QSP 250G-MANIPULADO"
"10531","MEDICAMENTOS AÇÃO JUDICIAL(EXCLUSIVO DIAF.ALMOX.450) LANSOPRAZOL 30MG, CAPSULA"
"10532",""
"10533","LIBERACAO RETARDADA - LANZ"
"10534","MEDICAMENTOS AÇÃO JUDICIAL(EXCLUSIVO DIAF.ALMOX.450) LENVATINIBE, MESILATO 10 MG"
"10535","MEDICAMENTOS AÇÃO JUDICIAL(EXCLUSIVO DIAF.ALMOX.450) LENVATINIBE, MESILATO 4 MG"
"10536","MEDICAMENTOS AÇÃO JUDICIAL(EXCLUSIVO DIAF.ALMOX.450) LEVANLODIPINO, BESILATO 2,5"
"10537",""
"10538","MG -ÄNOVANLO"
"10539","MEDICAMENTOS AÇÃO JUDICIAL(EXCLUSIVO DIAF.ALMOX.450) LEVETIRACETAM 250MG"
"10540","MEDICAMENTOS AÇÃO JUDICIAL(EXCLUSIVO DIAF.ALMOX.450) LEVETIRACETAM, 250 MG -"
"10541",""
"10542","KEPPRA"
"10543","MEDICAMENTOS AÇÃO JUDICIAL(EXCLUSIVO DIAF.ALMOX.450) LEVODOPA"
"10544",""
"10545","200MG+BENSERAZIDA 50MG, LIB. MODIFICADA-PROLOPA DR"
"10546","MEDICAMENTOS AÇÃO JUDICIAL(EXCLUSIVO DIAF.ALMOX.450) LEVOFLOXACINO 750MG"
"10547","MEDICAMENTOS AÇÃO JUDICIAL(EXCLUSIVO DIAF.ALMOX.450) LEVOMEPROMAZINA,"
"10548",""
"10549","CLORIDRATO 40MG/ML, SOL. ORAL, 20ML-NEOZINE"
"10550","MEDICAMENTOS AÇÃO JUDICIAL(EXCLUSIVO DIAF.ALMOX.450) LEVOTIROXINA SODICA 25 MCG,"
"10551",""
"10552","PURAN T4"
"10553","MEDICAMENTOS AÇÃO JUDICIAL(EXCLUSIVO DIAF.ALMOX.450) LEVOTIROXINA SODICA 62,5 MCG"
"10554","MEDICAMENTOS AÇÃO JUDICIAL(EXCLUSIVO DIAF.ALMOX.450) LEVOTIROXINA SODICA 88 MCG,"
"10555",""
"10556","COMPRIMIDO - PURAN T4"
"10557","MEDICAMENTOS AÇÃO JUDICIAL(EXCLUSIVO DIAF.ALMOX.450) LEVOTIROXINA SODICA 88MCG -"
"10558",""
"10559","SYNTHROID"
"10560","MEDICAMENTOS AÇÃO JUDICIAL(EXCLUSIVO DIAF.ALMOX.450) LINAGLIPTINA"
"10561",""
"10562","2,5MG+METFORMINA,CLORID. 500MG,COMP. REVESTIDO"
"10563","MEDICAMENTOS AÇÃO JUDICIAL(EXCLUSIVO DIAF.ALMOX.450) LIRAGLUTIDA 6MG/ML, SOL. INJ. -"
"10564",""
"10565","SAXENDA"
"10566","MEDICAMENTOS AÇÃO JUDICIAL(EXCLUSIVO DIAF.ALMOX.450) LISADO BACTERIANO 3,5MG,"
"10567",""
"10568","GRANULADO, SACHE"
"10569","MEDICAMENTOS AÇÃO JUDICIAL(EXCLUSIVO DIAF.ALMOX.450)"
"10570",""
"10571","LISINA+ARGININA+5HTP+TAURINA+LACTIUM+LACTOBACILOS-MANIPULADO"
"10572","MEDICAMENTOS AÇÃO JUDICIAL(EXCLUSIVO DIAF.ALMOX.450) LUBIPROSTONA 24MCG"
"10573","MEDICAMENTOS AÇÃO JUDICIAL(EXCLUSIVO DIAF.ALMOX.450) LUGOL 5%, SOLUCAO ORAL, 20"
"10574",""
"10575","ML-MANIPULADO"
"10576","MEDICAMENTOS AÇÃO JUDICIAL(EXCLUSIVO DIAF.ALMOX.450) LUMACAFTOR 100MG +"
"10577",""
"10578","IVACAFTOR 125MG"
"10579","MEDICAMENTOS AÇÃO JUDICIAL(EXCLUSIVO DIAF.ALMOX.450) LUMACAFTOR 200 MG +"
"10580",""
"10581","IVACAFTOR 125 MG"
"10582","MEDICAMENTOS AÇÃO JUDICIAL(EXCLUSIVO DIAF.ALMOX.450) LURASIDONA, CLORIDRATO"
"10583",""
"10584","20MG, COMPRIMIDO REVESTIDO"
"10585","MEDICAMENTOS AÇÃO JUDICIAL(EXCLUSIVO DIAF.ALMOX.450) LURASIDONA, CLORIDRATO"
"10586",""
"10587","40MG, COMPRIMIDO REVESTIDO"
"10588","MEDICAMENTOS AÇÃO JUDICIAL(EXCLUSIVO DIAF.ALMOX.450) LURASIDONA, CLORIDRATO"
"10589",""
"10590","80MG, COMPRIMIDO REVESTIDO"
"10591","MEDICAMENTOS AÇÃO JUDICIAL(EXCLUSIVO DIAF.ALMOX.450) LUTE÷NA 6MG + ZEAXANTINA"
"10592",""
"10593","1MG + VITAMINAS + MINERAIS"
"10594","MEDICAMENTOS AÇÃO JUDICIAL(EXCLUSIVO DIAF.ALMOX.450) MAGNESIO, CARBONATO 250 MG-"
"10595",""
"10596","MANIPULADO"
"10597","MEDICAMENTOS AÇÃO JUDICIAL(EXCLUSIVO DIAF.ALMOX.450) MAGNESIO, CLORETO 500 MG-"
"10598",""
"10599","MANIPULADO"
"10600","MEDICAMENTOS AÇÃO JUDICIAL(EXCLUSIVO DIAF.ALMOX.450) MALEATO DE FLUVOXAMINA"
"10601",""
"10602","100MG - LUVOX 100MG"
"10603","MEDICAMENTOS AÇÃO JUDICIAL(EXCLUSIVO DIAF.ALMOX.450) MELATONINA 1 MG/ML,"
"10604",""
"10605","SOLUCAO ORAL, 100 ML-MANIPULADO"
"10606","MEDICAMENTOS AÇÃO JUDICIAL(EXCLUSIVO DIAF.ALMOX.450) MELATONINA 3MG-"
"10607",""
"10608","MANIPULADO"
"10609","MEDICAMENTOS AÇÃO JUDICIAL(EXCLUSIVO DIAF.ALMOX.450) MELATONINA 5 MG,"
"10610",""
"10611","MANIPULADO"
"10612","MEDICAMENTOS AÇÃO JUDICIAL(EXCLUSIVO DIAF.ALMOX.450) MEMANTINA 2MG, MANIPULADO"
"10613","MEDICAMENTOS AÇÃO JUDICIAL(EXCLUSIVO DIAF.ALMOX.450) MEMANTINA, CLORIDRATO 10"
"10614",""
"10615","MG/ML, SOLUCAO ORAL, 15 ML"
"10616","MEDICAMENTOS AÇÃO JUDICIAL(EXCLUSIVO DIAF.ALMOX.450) MEPOLIZUMABE 100MG, PÎ"
"10617",""
"10618","LIOFILIZADO"
"10619","MEDICAMENTOS AÇÃO JUDICIAL(EXCLUSIVO DIAF.ALMOX.450) METFORMINA 1000MG +"
"10620",""
"10621","ALOGLIPTINA 12,5MG"
"10622","MEDICAMENTOS AÇÃO JUDICIAL(EXCLUSIVO DIAF.ALMOX.450) METFORMINA 850 MG +"
"10623",""
"10624","ALOGLIPTINA 12,5 MG,COMPRIMIDO REVESTIDO"
"10625","MEDICAMENTOS AÇÃO JUDICIAL(EXCLUSIVO DIAF.ALMOX.450) METILCOBALAMINA 50MG/2ML,"
"10626",""
"10627","INJETAVEL-MANIPULADO"
"10628","MEDICAMENTOS AÇÃO JUDICIAL(EXCLUSIVO DIAF.ALMOX.450) METILFOL.+METILCOBAL.+PIRID.-"
"10629",""
"10630","5-FOSF.+RIBOFL.-MANIPULADO"
"10631","MEDICAMENTOS AÇÃO JUDICIAL(EXCLUSIVO DIAF.ALMOX.450) MIDOSTAURIN 25MG"
"10632","MEDICAMENTOS AÇÃO JUDICIAL(EXCLUSIVO DIAF.ALMOX.450) MINOXIDIL 50MG/ML, SOLUCAO"
"10633",""
"10634","CAPILAR, FRASCO 50ML"
"10635","MEDICAMENTOS AÇÃO JUDICIAL(EXCLUSIVO DIAF.ALMOX.450) MIRABEGRONA 50MG"
"10636","MEDICAMENTOS AÇÃO JUDICIAL(EXCLUSIVO DIAF.ALMOX.450) MIRTAZAPINA 30MG,"
"10637",""
"10638","COMPRIMIDO REVESTIDO - RAZAPINA"
"10639","MEDICAMENTOS AÇÃO JUDICIAL(EXCLUSIVO DIAF.ALMOX.450) MIRTAZAPINA"
"10640",""
"10641","30MG,ORODISPERSIVEL(CONT.C1)"
"10642","MEDICAMENTOS AÇÃO JUDICIAL(EXCLUSIVO DIAF.ALMOX.450) MIRTAZAPINA 45 MG,"
"10643",""
"10644","COMPRIMIDO ORODISPERSIVEL - RAZAPINA ODT"
"10645","MEDICAMENTOS AÇÃO JUDICIAL(EXCLUSIVO DIAF.ALMOX.450) MIRTAZAPINA 45MG,"
"10646",""
"10647","COMPRIMIDO ORODISPERSIVEL"
"10648","MEDICAMENTOS AÇÃO JUDICIAL(EXCLUSIVO DIAF.ALMOX.450) MOMETASONA, FUROATO 50MCG"
"10649","MEDICAMENTOS AÇÃO JUDICIAL(EXCLUSIVO DIAF.ALMOX.450)"
"10650",""
"10651","NAC10%+UREIA5%+NEUTREX1%+ESSÕNCIA+BASE QSP 1500G-MANIPULADO"
"10652","MEDICAMENTOS AÇÃO JUDICIAL(EXCLUSIVO DIAF.ALMOX.450) NEBIVOLOL, CLORIDRATO 5MG -"
"10653",""
"10654","NEBILET"
"10655","MEDICAMENTOS AÇÃO JUDICIAL(EXCLUSIVO DIAF.ALMOX.450) NEPAFENACO 0,3% 3ML -"
"10656",""
"10657","NEVANAC UNO"
"10658","MEDICAMENTOS AÇÃO JUDICIAL(EXCLUSIVO DIAF.ALMOX.450) NINTEDANIBE, ESILATO 100MG"
"10659","MEDICAMENTOS AÇÃO JUDICIAL(EXCLUSIVO DIAF.ALMOX.450) NINTEDANIBE, ESILATO 150 MG"
"10660","MEDICAMENTOS AÇÃO JUDICIAL(EXCLUSIVO DIAF.ALMOX.450) NISTATINA 400.000 UI -"
"10661",""
"10662","MANIPULADO"
"10663","MEDICAMENTOS AÇÃO JUDICIAL(EXCLUSIVO DIAF.ALMOX.450) NITISINONA 20MG, CAPSULAS."
"10664","MEDICAMENTOS AÇÃO JUDICIAL(EXCLUSIVO DIAF.ALMOX.450) NIVOLUMAB 10 MG/ML,"
"10665",""
"10666","SOLUCAO PARA INFUSAO, FRASCO 10 ML"
"10667","MEDICAMENTOS AÇÃO JUDICIAL(EXCLUSIVO DIAF.ALMOX.450) NIVOLUMABE 10MG/ML, SOL."
"10668",""
"10669","INFUSAO 4ML"
"10670","MEDICAMENTOS AÇÃO JUDICIAL(EXCLUSIVO DIAF.ALMOX.450) NORTRIPTILINA 50 MG, CAPSULA"
"10671",""
"10672","- PAMELOR"
"10673","MEDICAMENTOS AÇÃO JUDICIAL(EXCLUSIVO DIAF.ALMOX.450) NORTRIPTILINA, CLORIDRATO"
"10674",""
"10675","25 MG - PAMELOR"
"10676","MEDICAMENTOS AÇÃO JUDICIAL(EXCLUSIVO DIAF.ALMOX.450) NURINERSE 12MG/5ML -"
"10677",""
"10678","SPINRAZA"
"10679","MEDICAMENTOS AÇÃO JUDICIAL(EXCLUSIVO DIAF.ALMOX.450) OBINUTUZUMABE 25 MG/ML,"
"10680",""
"10681","FRASCO AMPOLA 40 ML"
"10682","MEDICAMENTOS AÇÃO JUDICIAL(EXCLUSIVO DIAF.ALMOX.450) OCOFEROL, ACETADO"
"10683",""
"10684","(VITAMINA E) 500 MG"
"10685","MEDICAMENTOS AÇÃO JUDICIAL(EXCLUSIVO DIAF.ALMOX.450) OCRELIZUMABE 300MG"
"10686","MEDICAMENTOS AÇÃO JUDICIAL(EXCLUSIVO DIAF.ALMOX.450) OLANZAPINA 5 MG -ÄAXONIUMÄ"
"10687","MEDICAMENTOS AÇÃO JUDICIAL(EXCLUSIVO DIAF.ALMOX.450) OLANZAPINA 5 MG,"
"10688",""
"10689","COMPRIMIDO REVESTIDO - ZOPIX"
"10690","MEDICAMENTOS AÇÃO JUDICIAL(EXCLUSIVO DIAF.ALMOX.450) OLAPARIBE 100MG COMP. REV."
"10691","MEDICAMENTOS AÇÃO JUDICIAL(EXCLUSIVO DIAF.ALMOX.450) OLAPARIBE 150MG COMP. REV."
"10692","MEDICAMENTOS AÇÃO JUDICIAL(EXCLUSIVO DIAF.ALMOX.450) OLEO DE BORRAGEM 1G -"
"10693",""
"10694","MANIPULADO"
"10695","MEDICAMENTOS AÇÃO JUDICIAL(EXCLUSIVO DIAF.ALMOX.450) OLEO DE PEIXE 1100MG (EPA"
"10696",""
"10697","362MG + DHA 241MG)"
"10698","MEDICAMENTOS AÇÃO JUDICIAL(EXCLUSIVO DIAF.ALMOX.450) OLEODE PEIXE 2400MG (EPA"
"10699",""
"10700","720MG + DHA 480MG)"
"10701","MEDICAMENTOS AÇÃO JUDICIAL(EXCLUSIVO DIAF.ALMOX.450) OLMESARTANA, MEDOXOMILA"
"10702",""
"10703","40 MG -ÄBENICAR"
"10704","MEDICAMENTOS AÇÃO JUDICIAL(EXCLUSIVO DIAF.ALMOX.450) OMEGA 3 EPA 77 MG DHA 82 MG,"
"10705",""
"10706","CAPSULA"
"10707","MEDICAMENTOS AÇÃO JUDICIAL(EXCLUSIVO DIAF.ALMOX.450) OMEGA 7 0,5 G -"
"10708",""
"10709","MANIPULADOIPULADO"
"10710","MEDICAMENTOS AÇÃO JUDICIAL(EXCLUSIVO DIAF.ALMOX.450) ONDANSETRONA 4MG"
"10711",""
"10712","DESINTEGRAÐAO ORAL"
"10713","MEDICAMENTOS AÇÃO JUDICIAL(EXCLUSIVO DIAF.ALMOX.450) OSIMERTINIBE, MESILATO 80MG"
"10714","MEDICAMENTOS AÇÃO JUDICIAL(EXCLUSIVO DIAF.ALMOX.450) OXCARBAZEPINA 600 MG,"
"10715",""
"10716","COMPRIMIDO REVESTIDO - OLEPTAL"
"10717","MEDICAMENTOS AÇÃO JUDICIAL(EXCLUSIVO DIAF.ALMOX.450) OXIBUTININA 1MG/ML,"
"10718",""
"10719","INTRAVESICAL, 300ML - MANIPULADO"
"10720","MEDICAMENTOS AÇÃO JUDICIAL(EXCLUSIVO DIAF.ALMOX.450) PALBOCICLIB 125 MG"
"10721","MEDICAMENTOS AÇÃO JUDICIAL(EXCLUSIVO DIAF.ALMOX.450) PALBOCICLIBE 100 MG"
"10722","MEDICAMENTOS AÇÃO JUDICIAL(EXCLUSIVO DIAF.ALMOX.450) PALIPERIDONA 175MG SERINGA"
"10723",""
"10724","PREENCHIDA SUS.INJ.0,875ML"
"10725","MEDICAMENTOS AÇÃO JUDICIAL(EXCLUSIVO DIAF.ALMOX.450) PANCREATINA + AMILASE +"
"10726",""
"10727","PAPAINA + EXT. ALCACHOFRA-MANIPULADO"
"10728","MEDICAMENTOS AÇÃO JUDICIAL(EXCLUSIVO DIAF.ALMOX.450) PANTOPRAZOL 40MG -"
"10729",""
"10730","PANTOCAL"
"10731","MEDICAMENTOS AÇÃO JUDICIAL(EXCLUSIVO DIAF.ALMOX.450) PANTROPAZOL MAGNÔSICO DI-"
"10732",""
"10733","HIDRATADO 40MG - TECTA"
"10734","MEDICAMENTOS AÇÃO JUDICIAL(EXCLUSIVO DIAF.ALMOX.450) PAROXETINA 25MG - PONDERA"
"10735",""
"10736","XR"
"10737","MEDICAMENTOS AÇÃO JUDICIAL(EXCLUSIVO DIAF.ALMOX.450) PEMBROLIZUMAB 50 MG, PÎ"
"10738",""
"10739","LIOFILIZADO, FRASCO/AMPOLA-KEYTRUDA"
"10740","MEDICAMENTOS AÇÃO JUDICIAL(EXCLUSIVO DIAF.ALMOX.450) PERINDOPRIL 4 MG - COVERSYL"
"10741","MEDICAMENTOS AÇÃO JUDICIAL(EXCLUSIVO DIAF.ALMOX.450) PERINDOPRIL ARGININA 10 MG,"
"10742",""
"10743","COMPRIMIDO"
"10744","MEDICAMENTOS AÇÃO JUDICIAL(EXCLUSIVO DIAF.ALMOX.450) PIOGLITAZONA, CLORIDRATO"
"10745",""
"10746","30MG - PIOTAZ"
"10747","MEDICAMENTOS AÇÃO JUDICIAL(EXCLUSIVO DIAF.ALMOX.450) PIRFENIDONA 267MG, CAPSULA"
"10748","MEDICAMENTOS AÇÃO JUDICIAL(EXCLUSIVO DIAF.ALMOX.450) PIRIMETAMINA 1MG/ML,"
"10749",""
"10750","SOLUCAO ORAL, 50ML-MANIPULADO"
"10751","MEDICAMENTOS AÇÃO JUDICIAL(EXCLUSIVO DIAF.ALMOX.450) PIRIMETAMINA 2MG/ML,"
"10752",""
"10753","SOLUCAO ORAL, 20ML - MANIPULADO"
"10754","MEDICAMENTOS AÇÃO JUDICIAL(EXCLUSIVO DIAF.ALMOX.450) PITAVASTATINA 4MG"
"10755","MEDICAMENTOS AÇÃO JUDICIAL(EXCLUSIVO DIAF.ALMOX.450) POLICRESULENO 50MG/G +"
"10756",""
"10757","CINCHOCAINA 10MG/G, POMADA RETAL 30G"
"10758","MEDICAMENTOS AÇÃO JUDICIAL(EXCLUSIVO DIAF.ALMOX.450) POLIETILENOGLICOL 4.000, 15 G -"
"10759",""
"10760","MANIPULADO"
"10761","MEDICAMENTOS AÇÃO JUDICIAL(EXCLUSIVO DIAF.ALMOX.450) POLIETILENOGLICOL 4000 (PEG),"
"10762",""
"10763","12 G - MANIPULADO"
"10764","MEDICAMENTOS AÇÃO JUDICIAL(EXCLUSIVO DIAF.ALMOX.450) POLIETILENOGLICOL 4000, 7G -"
"10765",""
"10766","MANIPULADO"
"10767","MEDICAMENTOS AÇÃO JUDICIAL(EXCLUSIVO DIAF.ALMOX.450) POLIETILENOGLICOL 5000MG-"
"10768",""
"10769","MANIPULADO"
"10770","MEDICAMENTOS AÇÃO JUDICIAL(EXCLUSIVO DIAF.ALMOX.450) POLIMIXINA B"
"10771",""
"10772","5000UI+NEOMICINA 5MG+BACITRACINA 500UI,PÎ"
"10773","MEDICAMENTOS AÇÃO JUDICIAL(EXCLUSIVO DIAF.ALMOX.450) POLIVITAMINICO +"
"10774",""
"10775","POLIMINERAL, COMPRIMIDO MASTIGAVEL-BARIVIT"
"10776","MEDICAMENTOS AÇÃO JUDICIAL(EXCLUSIVO DIAF.ALMOX.450) PONATINIB 15MG."
"10777","MEDICAMENTOS AÇÃO JUDICIAL(EXCLUSIVO DIAF.ALMOX.450) POOL LACTOBACILOS -"
"10778",""
"10779","MANIPULADO"
"10780","MEDICAMENTOS AÇÃO JUDICIAL(EXCLUSIVO DIAF.ALMOX.450) POOL LACTOBACILOS (G.L.S.)-"
"10781",""
"10782","MANIPULADO"
"10783","MEDICAMENTOS AÇÃO JUDICIAL(EXCLUSIVO DIAF.ALMOX.450) POOL LACTOBACILOS"
"10784",""
"10785","CONFORME RECEITA (T.P.)-MANIPULADO"
"10786","MEDICAMENTOS AÇÃO JUDICIAL(EXCLUSIVO DIAF.ALMOX.450) PQQ 5MG + NADH 50MG,"
"10787",""
"10788","INJETAVEL - MANIPULADO"
"10789","MEDICAMENTOS AÇÃO JUDICIAL(EXCLUSIVO DIAF.ALMOX.450) PRAMIPEXOL, DICLORIDRATO"
"10790",""
"10791","3MG, LIB. PROLONGADA (CONTR.C1)"
"10792","MEDICAMENTOS AÇÃO JUDICIAL(EXCLUSIVO DIAF.ALMOX.450) PREGABALINA 100 MG, CAPSULA"
"10793","MEDICAMENTOS AÇÃO JUDICIAL(EXCLUSIVO DIAF.ALMOX.450) PREGABALINA 150 MG - DORENE"
"10794","MEDICAMENTOS AÇÃO JUDICIAL(EXCLUSIVO DIAF.ALMOX.450) PREGABALINA 50MG"
"10795","MEDICAMENTOS AÇÃO JUDICIAL(EXCLUSIVO DIAF.ALMOX.450) PREGABALINA 75MG (CX C/"
"10796",""
"10797","28CP) LYRICA"
"10798","MEDICAMENTOS AÇÃO JUDICIAL(EXCLUSIVO DIAF.ALMOX.450) PREGABALINA 75MG PREBCTAL"
"10799","MEDICAMENTOS AÇÃO JUDICIAL(EXCLUSIVO DIAF.ALMOX.450) PROPAFENONA, CLORIDRATO"
"10800",""
"10801","150MG"
"10802","MEDICAMENTOS AÇÃO JUDICIAL(EXCLUSIVO DIAF.ALMOX.450) PROPAFENONA, CLORIDRATO"
"10803",""
"10804","300MG - RITMONORM"
"10805","MEDICAMENTOS AÇÃO JUDICIAL(EXCLUSIVO DIAF.ALMOX.450) QUETIAPINA, HEMIFUMARATO"
"10806",""
"10807","100MG - QUETIPIN"
"10808","MEDICAMENTOS AÇÃO JUDICIAL(EXCLUSIVO DIAF.ALMOX.450) QUETIAPINA, HEMIFUMARATO"
"10809",""
"10810","25MG - QUETIPIN"
"10811","MEDICAMENTOS AÇÃO JUDICIAL(EXCLUSIVO DIAF.ALMOX.450) QUETIAPINA, HEMIFUMARATO"
"10812",""
"10813","50MG - ATIP XR"
"10814","MEDICAMENTOS AÇÃO JUDICIAL(EXCLUSIVO DIAF.ALMOX.450) QUETIAPINA,HEMIFUMARATO"
"10815",""
"10816","50MG, LIBERA.PROLONGADA-SEROQUEL XRO"
"10817","MEDICAMENTOS AÇÃO JUDICIAL(EXCLUSIVO DIAF.ALMOX.450) RAMIPRIL 10 MG + ANLODIPINO"
"10818",""
"10819","10 MG - NAPRIX A"
"10820","MEDICAMENTOS AÇÃO JUDICIAL(EXCLUSIVO DIAF.ALMOX.450) RAMUCIRUMAB 10MG/ML,"
"10821",""
"10822","SOLUCAO PERFUSAO, FRASCO 10ML"
"10823","MEDICAMENTOS AÇÃO JUDICIAL(EXCLUSIVO DIAF.ALMOX.450) RAMUCIRUMAB 500MG"
"10824",""
"10825","(10MG/ML), SOLUCAO PERFUSAO, FRASCO 50ML"
"10826","MEDICAMENTOS AÇÃO JUDICIAL(EXCLUSIVO DIAF.ALMOX.450) RANOLAZINA 500 MG,"
"10827",""
"10828","COMPRIMIDO DE LIBERAÇÃO PROLONGADA"
"10829","MEDICAMENTOS AÇÃO JUDICIAL(EXCLUSIVO DIAF.ALMOX.450) RETINÎICO+ALOE"
"10830",""
"10831","VERA+BISABOLOL, CREME 30G-MANIPULADO"
"10832","MEDICAMENTOS AÇÃO JUDICIAL(EXCLUSIVO DIAF.ALMOX.450) RETINOL, PALMITATO"
"10833",""
"10834","(VITAMINA A) 15.000 UI-MANIPULADO"
"10835","MEDICAMENTOS AÇÃO JUDICIAL(EXCLUSIVO DIAF.ALMOX.450) RIBOCICLIB 200 MG"
"10836","MEDICAMENTOS AÇÃO JUDICIAL(EXCLUSIVO DIAF.ALMOX.450) RIOCIGUATE 0,5 MG,"
"10837",""
"10838","COMPRIMIDO REVESTIDO"
"10839","MEDICAMENTOS AÇÃO JUDICIAL(EXCLUSIVO DIAF.ALMOX.450) RIOCIGUATE 1 MG, COMPRIMIDO"
"10840",""
"10841","REVESTIDO"
"10842","MEDICAMENTOS AÇÃO JUDICIAL(EXCLUSIVO DIAF.ALMOX.450) RIOCIGUATE 1,5 MG,"
"10843",""
"10844","COMPRIMIDO REVESTIDO"
"10845","MEDICAMENTOS AÇÃO JUDICIAL(EXCLUSIVO DIAF.ALMOX.450) RIOCIGUATE 2 MG, COMPRIMIDO"
"10846",""
"10847","REVESTIDO"
"10848","MEDICAMENTOS AÇÃO JUDICIAL(EXCLUSIVO DIAF.ALMOX.450) RIOCIGUATE 2,5 MG,"
"10849",""
"10850","COMPRIMIDO REVESTIDO"
"10851","MEDICAMENTOS AÇÃO JUDICIAL(EXCLUSIVO DIAF.ALMOX.450) RISEDRONATO SODICO 35 MG,"
"10852",""
"10853","COMPRIMIDO REVESTIDO- RISEDROSS"
"10854","MEDICAMENTOS AÇÃO JUDICIAL(EXCLUSIVO DIAF.ALMOX.450) RISPERIDONA 1 MG - ZARGUS"
"10855","MEDICAMENTOS AÇÃO JUDICIAL(EXCLUSIVO DIAF.ALMOX.450) RISPERIDONA 3 MG,"
"10856",""
"10857","COMPRIMIDO REVESTIDO - RISPERDAL"
"10858","MEDICAMENTOS AÇÃO JUDICIAL(EXCLUSIVO DIAF.ALMOX.450) RISPERIDONA 3MG - ZARGUS"
"10859","MEDICAMENTOS AÇÃO JUDICIAL(EXCLUSIVO DIAF.ALMOX.450) RISPERIDONA, 1MG/ML, 30ML -"
"10860",""
"10861","RISPERIDON"
"10862","MEDICAMENTOS AÇÃO JUDICIAL(EXCLUSIVO DIAF.ALMOX.450) RITUXIMAB 100 MG, 10 MG/ML,"
"10863",""
"10864","10 ML - MABTHERA"
"10865","MEDICAMENTOS AÇÃO JUDICIAL(EXCLUSIVO DIAF.ALMOX.450) RITUXIMAB 500 MG, 10 MG/ML,"
"10866",""
"10867","50 ML -ÄMABTHERA"
"10868","MEDICAMENTOS AÇÃO JUDICIAL(EXCLUSIVO DIAF.ALMOX.450) ROMIPLOSTIM 250 MCG, PÎ PARA"
"10869",""
"10870","SOLUCAO INJETAVEL - NPLATE"
"10871","MEDICAMENTOS AÇÃO JUDICIAL(EXCLUSIVO DIAF.ALMOX.450) ROMOSOZUMABE 90MG/ML, SOL."
"10872",""
"10873","INJ., SER. PREENC. 1,17 ML"
"10874","MEDICAMENTOS AÇÃO JUDICIAL(EXCLUSIVO DIAF.ALMOX.450) ROSUVASTATINA 20MG +"
"10875",""
"10876","EZETIMIBA 10MG"
"10877","MEDICAMENTOS AÇÃO JUDICIAL(EXCLUSIVO DIAF.ALMOX.450) ROSUVASTATINA CALCICA"
"10878",""
"10879","10MG,COMPRIMIDO REVESTIDO - PLENANCE"
"10880","MEDICAMENTOS AÇÃO JUDICIAL(EXCLUSIVO DIAF.ALMOX.450) ROTIGOTINA 4 MG/24 H,"
"10881",""
"10882","ADESIVOS TRANSDÔRMICOS"
"10883","MEDICAMENTOS AÇÃO JUDICIAL(EXCLUSIVO DIAF.ALMOX.450) ROTIGOTINA 6 MG/24 H,"
"10884",""
"10885","ADESIVOS TRANSDÓRMICOS (13,5 MG)"
"10886","MEDICAMENTOS AÇÃO JUDICIAL(EXCLUSIVO DIAF.ALMOX.450) ROTIGOTINA 8 MG/24 H,"
"10887",""
"10888","ADESIVOS TRANSDÔRMICOS (18 MG)"
"10889","MEDICAMENTOS AÇÃO JUDICIAL(EXCLUSIVO DIAF.ALMOX.450) RUXOLITINIB 20 MG"
"10890","MEDICAMENTOS AÇÃO JUDICIAL(EXCLUSIVO DIAF.ALMOX.450) SACUBITRIL 24MG +"
"10891",""
"10892","VALSARTANA 26MG, COMPRIMIDO REVESTIDO"
"10893","MEDICAMENTOS AÇÃO JUDICIAL(EXCLUSIVO DIAF.ALMOX.450) SACUBITRIL 49MG +"
"10894",""
"10895","VALSARTANA 51MG, COMPRIMIDO REVESTIDO"
"10896","MEDICAMENTOS AÇÃO JUDICIAL(EXCLUSIVO DIAF.ALMOX.450) SACUBITRIL 97 MG +"
"10897",""
"10898","VALSARTANA 103 MG, COMPRIMIDO REVESTIDO"
"10899","MEDICAMENTOS AÇÃO JUDICIAL(EXCLUSIVO DIAF.ALMOX.450) SAXAGLIPTINA 5 MGÄ+"
"10900",""
"10901","DAPAGLIFLOZINA 10 MG"
"10902","MEDICAMENTOS AÇÃO JUDICIAL(EXCLUSIVO DIAF.ALMOX.450) SELEXIPAGUE 0,2 MG,"
"10903",""
"10904","COMPRIMIDO REVESTIDO"
"10905","MEDICAMENTOS AÇÃO JUDICIAL(EXCLUSIVO DIAF.ALMOX.450) SELEXIPAGUE 0,8 MG,"
"10906",""
"10907","COMPRIMIDO REVESTIDO"
"10908","MEDICAMENTOS AÇÃO JUDICIAL(EXCLUSIVO DIAF.ALMOX.450) SELEXIPAGUE 1,6 MG,"
"10909",""
"10910","COMPRIMIDO REVESTIDO"
"10911","MEDICAMENTOS AÇÃO JUDICIAL(EXCLUSIVO DIAF.ALMOX.450) SEMAGLUTIDA 1,34 MG/ML,"
"10912",""
"10913","SOLUCAO INJETAVEL 3 MLÄ(DOSEÄ1MG)"
"10914","MEDICAMENTOS AÇÃO JUDICIAL(EXCLUSIVO DIAF.ALMOX.450) SEMAGLUTIDA 1,34MG/ML,"
"10915",""
"10916","INJETAVEL 1,5ML(DOSES 0,25MG E 0,5MG)"
"10917","MEDICAMENTOS AÇÃO JUDICIAL(EXCLUSIVO DIAF.ALMOX.450) SERTRALINA, CLORIDRATO 100"
"10918",""
"10919","MG, COMPRIMIDO REVESTIDO - ZOLOFT"
"10920","MEDICAMENTOS AÇÃO JUDICIAL(EXCLUSIVO DIAF.ALMOX.450) SERTRALINA, CLORIDRATO 50"
"10921",""
"10922","MG - DIELOFT"
"10923","MEDICAMENTOS AÇÃO JUDICIAL(EXCLUSIVO DIAF.ALMOX.450) SILDENAFIL 80 MG -"
"10924",""
"10925","MANIPULADO"
"10926","MEDICAMENTOS AÇÃO JUDICIAL(EXCLUSIVO DIAF.ALMOX.450) SILDENAFILA 7 MG/ML,"
"10927",""
"10928","SOLUCAO ORAL, 100 ML-MANIPULADO"
"10929","MEDICAMENTOS AÇÃO JUDICIAL(EXCLUSIVO DIAF.ALMOX.450) SILDENAFILA, CLORIDRATO"
"10930",""
"10931","50MG, COMPRIMIDO REVESTIDO - VIAGRA"
"10932","MEDICAMENTOS AÇÃO JUDICIAL(EXCLUSIVO DIAF.ALMOX.450) SILICIUMAX 50 MG +"
"10933",""
"10934","NANOQUERCETINA 250 MG-MANIPULADO"
"10935","MEDICAMENTOS AÇÃO JUDICIAL(EXCLUSIVO DIAF.ALMOX.450) SITAGLIPTINA 100MG +"
"10936",""
"10937","METFORMINA 1000MG"
"10938","MEDICAMENTOS AÇÃO JUDICIAL(EXCLUSIVO DIAF.ALMOX.450) SITAGLIPTINA 50MG +"
"10939",""
"10940","METFORMINA 1000MG, LIB. PROLONGADA"
"10941","MEDICAMENTOS AÇÃO JUDICIAL(EXCLUSIVO DIAF.ALMOX.450) SITAGLIPTINA 50MG +"
"10942",""
"10943","METFORMINA 500MG, LIBERAÇÃO PROLONGADA"
"10944","MEDICAMENTOS AÇÃO JUDICIAL(EXCLUSIVO DIAF.ALMOX.450)"
"10945",""
"10946","SODIO,ALGINATO+SODIO,BICARBONATO+CALCIO,CARBONATO, 150ML"
"10947","MEDICAMENTOS AÇÃO JUDICIAL(EXCLUSIVO DIAF.ALMOX.450) SOLIFENACINA,SUCCINATO"
"10948",""
"10949","6MG+TANSULOSINA,CLORIDR.0,4MG-VESOMNI"
"10950","MEDICAMENTOS AÇÃO JUDICIAL(EXCLUSIVO DIAF.ALMOX.450) SOMATROPINA 8 MG/ML,"
"10951",""
"10952","SOLUCAO INJETAVEL, FRASCO 1,5ML"
"10953","MEDICAMENTOS AÇÃO JUDICIAL(EXCLUSIVO DIAF.ALMOX.450) SULFADIAZINA 100MG/ML,"
"10954",""
"10955","SOLUCAO ORAL, 50ML-MANIPULADO"
"10956","MEDICAMENTOS AÇÃO JUDICIAL(EXCLUSIVO DIAF.ALMOX.450) SUPLEMENTO ALIMENTAR CA,"
"10957",""
"10958","MG, VIT. D E K - CALDE MDK 2000UI"
"10959","MEDICAMENTOS AÇÃO JUDICIAL(EXCLUSIVO DIAF.ALMOX.450) SUPLEMENTO ALIMENTAR COM"
"10960",""
"10961","TEX-OETM 200MG, - MANIPULADO"
"10962","MEDICAMENTOS AÇÃO JUDICIAL(EXCLUSIVO DIAF.ALMOX.450) SUPLEMENTO DE CALCIO"
"10963",""
"10964","600MG+VIT. D 5MCG (200UI)+VIT. K 65MCG"
"10965","MEDICAMENTOS AÇÃO JUDICIAL(EXCLUSIVO DIAF.ALMOX.450) TACROLIMO 0,02%, SOLUCAO"
"10966",""
"10967","OFTALMICA, FRASCO 10ML-MANIPULADO"
"10968","MEDICAMENTOS AÇÃO JUDICIAL(EXCLUSIVO DIAF.ALMOX.450) TADALAFILA 15 MG +"
"10969",""
"10970","SILDENAFILA 85 MG-MANIPULADO"
"10971","MEDICAMENTOS AÇÃO JUDICIAL(EXCLUSIVO DIAF.ALMOX.450) TAFAMIDIS 20MG"
"10972","MEDICAMENTOS AÇÃO JUDICIAL(EXCLUSIVO DIAF.ALMOX.450) TAFLUPROSTA 15 MCG/ML,"
"10973",""
"10974","SOLUCAO OFTALMICA, FLACONETE 0,3 ML"
"10975","MEDICAMENTOS AÇÃO JUDICIAL(EXCLUSIVO DIAF.ALMOX.450) TARFIC"
"10976","MEDICAMENTOS AÇÃO JUDICIAL(EXCLUSIVO DIAF.ALMOX.450) TEANINA"
"10977",""
"10978","500MG+MEMANTINA7,5MG+ROSMARINHO 500MG,S.-MANIPULADO"
"10979","MEDICAMENTOS AÇÃO JUDICIAL(EXCLUSIVO DIAF.ALMOX.450) TESTOSTERONA 10 MG/G,GEL"
"10980",""
"10981","TÎPICO, ENVELOPE 5 G"
"10982","MEDICAMENTOS AÇÃO JUDICIAL(EXCLUSIVO DIAF.ALMOX.450) TESTOSTERONA 50MG,"
"10983",""
"10984","INJETAVEL - MANIPULADO"
"10985","MEDICAMENTOS AÇÃO JUDICIAL(EXCLUSIVO DIAF.ALMOX.450) THC 27 MG/ML + CANABIDIOL 25"
"10986",""
"10987","MG/ML, SPRAY ORAL, 10 ML"
"10988","MEDICAMENTOS AÇÃO JUDICIAL(EXCLUSIVO DIAF.ALMOX.450) TIOTRÎPIO"
"10989",""
"10990","2,5MCG+OLODATEROL 2,5MCG,SOL INAL, FR.4ML+INALADOR"
"10991","MEDICAMENTOS AÇÃO JUDICIAL(EXCLUSIVO DIAF.ALMOX.450) TOCILIZUMABE 162MG, SOL."
"10992",""
"10993","INJETAVEL SC, SERINGA 0,9ML"
"10994","MEDICAMENTOS AÇÃO JUDICIAL(EXCLUSIVO DIAF.ALMOX.450)"
"10995",""
"10996","TOCOFEMAX150MG+GLA60MG+VIT.K,VIT.E150UI,LINHAÐA2G-MANIPULADO"
"10997","MEDICAMENTOS AÇÃO JUDICIAL(EXCLUSIVO DIAF.ALMOX.450) TOFACITINIBE, CITRATO 5 MG,"
"10998",""
"10999","COMPRIMIDO REVESTIDO"
"11000","MEDICAMENTOS AÇÃO JUDICIAL(EXCLUSIVO DIAF.ALMOX.450) TOPIRAMATO 100MG - ÓGIDE"
"11001","MEDICAMENTOS AÇÃO JUDICIAL(EXCLUSIVO DIAF.ALMOX.450)"
"11002",""
"11003","TR.MG+TAURINA+THEANINA+LACTIUM+NIACINAMIDA+VIT.B2-MANIPULADO"
"11004","MEDICAMENTOS AÇÃO JUDICIAL(EXCLUSIVO DIAF.ALMOX.450) TRAMADOL, CLORIDRATO 37,5"
"11005",""
"11006","MG + PARACETAMOL 325 MG - REVANGE"
"11007","MEDICAMENTOS AÇÃO JUDICIAL(EXCLUSIVO DIAF.ALMOX.450) TRAMETINIBE 0,5MG,"
"11008",""
"11009","COMPRIMIDO REVESTIDO"
"11010","MEDICAMENTOS AÇÃO JUDICIAL(EXCLUSIVO DIAF.ALMOX.450) TRAMETINIBE 2MG"
"11011","MEDICAMENTOS AÇÃO JUDICIAL(EXCLUSIVO DIAF.ALMOX.450) TRAZODONA, CLORIDRATO"
"11012",""
"11013","150MG,LIB. CONTROLADA-DONAREN RETARD"
"11014","MEDICAMENTOS AÇÃO JUDICIAL(EXCLUSIVO DIAF.ALMOX.450) TRAZODONA, CLORIDRATO 50"
"11015",""
"11016","MG, COMPRIMIDO REVESTIDO - DONAREN"
"11017","MEDICAMENTOS AÇÃO JUDICIAL(EXCLUSIVO DIAF.ALMOX.450) TRETINOINA,10MG"
"11018","MEDICAMENTOS AÇÃO JUDICIAL(EXCLUSIVO DIAF.ALMOX.450) TRIFLURIDINA 15MG +"
"11019",""
"11020","TIPIRACILA, CLORIDRATO 6,14MG"
"11021","MEDICAMENTOS AÇÃO JUDICIAL(EXCLUSIVO DIAF.ALMOX.450) TRIFLURIDINA 20MG +"
"11022",""
"11023","TIPIRACILA, CLORIDRATO 8,19MG"
"11024","MEDICAMENTOS AÇÃO JUDICIAL(EXCLUSIVO DIAF.ALMOX.450) TRIIODOTIRONINA 15 MG,"
"11025",""
"11026","MANIPULADO"
"11027","MEDICAMENTOS AÇÃO JUDICIAL(EXCLUSIVO DIAF.ALMOX.450) UMECLIDINIO 62,5MCG +"
"11028",""
"11029","VILANTEROL 25MCG, 30 DOSES"
"11030","MEDICAMENTOS AÇÃO JUDICIAL(EXCLUSIVO DIAF.ALMOX.450) UMECLIDINIO, BROMETO"
"11031",""
"11032","62,5MCG/DOSE, COM 30 DOSES + INALADOR"
"11033","MEDICAMENTOS AÇÃO JUDICIAL(EXCLUSIVO DIAF.ALMOX.450) UREIA 5% + NAC 10% + BASE"
"11034",""
"11035","DMS, 500 ML-MANIPULADO"
"11036","MEDICAMENTOS AÇÃO JUDICIAL(EXCLUSIVO DIAF.ALMOX.450) UREIA+ALFA BISABOLOL+ALOE"
"11037",""
"11038","VERA+LANETTE,100 G-MANIPULADO"
"11039","MEDICAMENTOS AÇÃO JUDICIAL(EXCLUSIVO DIAF.ALMOX.450) UREIA+N-ACETILCISTEINA+ALFA-"
"11040",""
"11041","BISABOLOL+CREME,500G-MANIPULADO"
"11042","MEDICAMENTOS AÇÃO JUDICIAL(EXCLUSIVO DIAF.ALMOX.450) USTEQUINUMABE 130 MG, SOL."
"11043",""
"11044","INJ. INFUS. IV, FR. AMP. 26 ML."
"11045","MEDICAMENTOS AÇÃO JUDICIAL(EXCLUSIVO DIAF.ALMOX.450) USTEQUINUMABE 90 MG, SOL."
"11046",""
"11047","INJ., SERINGA PREENCHIDA 1 ML"
"11048","MEDICAMENTOS AÇÃO JUDICIAL(EXCLUSIVO DIAF.ALMOX.450) VACINA - IMUNOTERAPICO PARA"
"11049",""
"11050","HERPES ZOSTER"
"11051","MEDICAMENTOS AÇÃO JUDICIAL(EXCLUSIVO DIAF.ALMOX.450) VACINA MENINGOCÎCICA ACWY"
"11052",""
"11053","(CONJUGADA)"
"11054","MEDICAMENTOS AÇÃO JUDICIAL(EXCLUSIVO DIAF.ALMOX.450) VACINA MENINGOCÎCICA B"
"11055",""
"11056","(RECOMBINANTE), SUSP. INJETAVEL 0,5ML"
"11057","MEDICAMENTOS AÇÃO JUDICIAL(EXCLUSIVO DIAF.ALMOX.450) VACINA PNEUMOCÎCICA 13-"
"11058",""
"11059","VALENTE, SERINGA 0,5 ML"
"11060","MEDICAMENTOS AÇÃO JUDICIAL(EXCLUSIVO DIAF.ALMOX.450) VALPROATO DE SODIO 300MG"
"11061",""
"11062","(CONT.) - DEPAKENE"
"11063","MEDICAMENTOS AÇÃO JUDICIAL(EXCLUSIVO DIAF.ALMOX.450) VALSARTAN"
"11064",""
"11065","320MG+HIDROCLOROTIAZIDA 12,5MG-DIOVAN HCT-28CP"
"11066","MEDICAMENTOS AÇÃO JUDICIAL(EXCLUSIVO DIAF.ALMOX.450) VANDETANIBE 100MG"
"11067","MEDICAMENTOS AÇÃO JUDICIAL(EXCLUSIVO DIAF.ALMOX.450) VEDOLIZUMABE 300MG, PÎ LIOF."
"11068",""
"11069","INJETAVEL FRASCO 5 ML"
"11070","MEDICAMENTOS AÇÃO JUDICIAL(EXCLUSIVO DIAF.ALMOX.450) VENETOCLAX  TRATAMENTO"
"11071",""
"11072","INICIAL 1Ð MÕS"
"11073","MEDICAMENTOS AÇÃO JUDICIAL(EXCLUSIVO DIAF.ALMOX.450) VENETOCLAX 100 MG COM REV"
"11074",""
"11075","CT FR PLAS OPC."
"11076","MEDICAMENTOS AÇÃO JUDICIAL(EXCLUSIVO DIAF.ALMOX.450) VENLAFAXINA"
"11077",""
"11078","37,5MG,LIBERAÇÃO CONTROLADA,CAPSULA-VENLIFT OD"
"11079","MEDICAMENTOS AÇÃO JUDICIAL(EXCLUSIVO DIAF.ALMOX.450) VENLAFAXINA 75 MG,"
"11080",""
"11081","LIBERAÇÃO CONTROLADA - ALENTHUS XR"
"11082","MEDICAMENTOS AÇÃO JUDICIAL(EXCLUSIVO DIAF.ALMOX.450) VIT"
"11083",""
"11084","(C500MG+E400UI+A25.000UI)+ZI 80MG+ CUO 2MG - MANIPULADO"
"11085","MEDICAMENTOS AÇÃO JUDICIAL(EXCLUSIVO DIAF.ALMOX.450) VIT. D3 10.000UI+VIT. A"
"11086",""
"11087","10.00UI+MK7 50MCG, 20ML-MANIPULADO"
"11088","MEDICAMENTOS AÇÃO JUDICIAL(EXCLUSIVO DIAF.ALMOX.450) VIT. D3 5000UI + VIT. A 1000UI,"
"11089",""
"11090","SOL. OLEOSA, 10ML-MANIPULADO"
"11091","MEDICAMENTOS AÇÃO JUDICIAL(EXCLUSIVO DIAF.ALMOX.450)"
"11092",""
"11093","VIT.B6+AC.FOLIN.+COBAMAM.+FOSFATIDILS.+L-CARNIT -MANIPULADO"
"11094","MEDICAMENTOS AÇÃO JUDICIAL(EXCLUSIVO DIAF.ALMOX.450) VITAMINA A + ASSOCIACÏES"
"11095",""
"11096","CONFORME RECEITA (T.P)-MANIPULADO"
"11097","MEDICAMENTOS AÇÃO JUDICIAL(EXCLUSIVO DIAF.ALMOX.450) VITAMINA D (COLECALCIFEROL)"
"11098",""
"11099","7000 UI,ADDERA"
"11100","MEDICAMENTOS AÇÃO JUDICIAL(EXCLUSIVO DIAF.ALMOX.450) VITAMINA D3 10.000 UI"
"11101","MEDICAMENTOS AÇÃO JUDICIAL(EXCLUSIVO DIAF.ALMOX.450) VITB12 1000MCG+FOLIN, C. 400"
"11102",""
"11103","MCG+VITB6 5MG,GT FR-MANIPULADO"
"11104","MEDICAMENTOS AÇÃO JUDICIAL(EXCLUSIVO DIAF.ALMOX.450) VORTIOXETINA, BROMIDRATO"
"11105",""
"11106","10 MG"
"11107","MEDICAMENTOS AÇÃO JUDICIAL(EXCLUSIVO DIAF.ALMOX.450) VORTIOXETINA, BROMIDRATO"
"11108",""
"11109","20 MG"
"11110","MEDICAMENTOS AÇÃO JUDICIAL(EXCLUSIVO DIAF.ALMOX.450) VORTIOXETINA, BROMIDRATO"
"11111",""
"11112","5MG"
"11113","MEDICAMENTOS AÇÃO JUDICIAL(EXCLUSIVO DIAF.ALMOX.450) ZOLPIDEM,HEMITARTARATO"
"11114",""
"11115","6,25MG,LIBER. PROLONGADA-STILNOX CR"
"11116","OUTROS - ANTI-INFLAMATORIOS FLUDROCORTISONA  0,1MG CAPSULA"
"11117","OUTROS - DERMATOLOGICOS ACITRETINA 10 MG - CAPSULA"
"11118","OUTROS - DERMATOLOGICOS ACITRETINA 25 MG - CAPSULA"
"11119","OUTROS - DERMATOLOGICOS CALCIPOTRIOL 50MCG/G POMADA, BISNAGA 30G"
"11120","OUTROS - DERMATOLOGICOS CLOREXIDINA,DIGLICONATO 1%(10MG/ML),SOL.AQUOSA,FRASCO"
"11121",""
"11122","1000ML"
"11123","OUTROS - DERMATOLOGICOS CLOREXIDINA,DIGLICONATO 1%(10MG/ML),SOL.AQUOSA,FRASCO"
"11124",""
"11125","100ML"
"11126","OUTROS - DERMATOLOGICOS CLOREXIDINA,GLICONATO 0,12%,SOLUCAO AQUOSA,FRASCO 100"
"11127",""
"11128","A250ML"
"11129","OUTROS - DERMATOLOGICOS ENXOFRE PRECIPIT.8% VASELINA PASTOSA SOL.QSP 50ML-"
"11130",""
"11131","MANIPULADO"
"11132","OUTROS - DERMATOLOGICOS HEPARINA SODICA 200UI/G  GEL  BISNAGA 30 A 40G"
"11133","OUTROS - DERMATOLOGICOS NITRATO DE PRATA 50%, SOLUCAO, FRASCO 10 ML"
"11134","OUTROS - DERMATOLOGICOS PASTA D'AGUA (POTE 50/100G)"
"11135","OUTROS - DERMATOLOGICOS TINTURA DE BENJOIN 20%, 200MG/ML, FRASCO 100 ML"
"11136","OUTROS - FARMACOS QUE ATUAM S/ O SISTEMA HEMATOPOIETICO ALFAEPOETINA 10.000 UI,"
"11137",""
"11138","SOLUCAO INJETAVEL, FRASCO/AMPOLA 1ML"
"11139","OUTROS - FARMACOS QUE ATUAM S/ O SISTEMA HEMATOPOIETICO ALFAEPOETINA 2.000 UI,"
"11140",""
"11141","SOLUCAO INJETAVEL, FRASCO/AMPOLA 1 ML"
"11142","OUTROS - FARMACOS QUE ATUAM S/ O SISTEMA HEMATOPOIETICO ALFAEPOETINA 4.000 UI,"
"11143",""
"11144","SOLUCAO INJETAVEL, FRASCO/AMPOLA 1 ML"
"11145","OUTROS - FARMACOS QUE ATUAM S/ O SISTEMA HEMATOPOIETICO ALFAINTERFERONA 2B"
"11146",""
"11147","3.000.000 UI INJETAVEL, FRASCO-AMPOLA 1ML"
"11148","OUTROS - FARMACOS QUE ATUAM S/ O SISTEMA HEMATOPOIETICO ALFAPEGINTERFERONA 2A"
"11149",""
"11150","180 MCG,SERINGA PREENCHIDA 0,5ML"
"11151","OUTROS - FARMACOS QUE ATUAM S/ O SISTEMA HEMATOPOIETICO DEFERASIROX 500MG"
"11152","OUTROS - FARMACOS QUE ATUAM S/ O SISTEMA HEMATOPOIETICO DEFERIPRONA 500 MG"
"11153","OUTROS - FARMACOS QUE ATUAM S/ O SISTEMA HEMATOPOIETICO ELTROMBOPAG OLAMINA"
"11154",""
"11155","50MG"
"11156","OUTROS - FARMACOS QUE ATUAM S/ O SISTEMA HEMATOPOIETICO ELTROMBOPAGUE OLAMINA"
"11157",""
"11158","25 MG"
"11159","OUTROS - FARMACOS QUE ATUAM S/ O SISTEMA HEMATOPOIETICO INTERFERON BETA"
"11160",""
"11161","RECOMBINANTE 22 MCG/0,5ML"
"11162","OUTROS - FARMACOS QUE ATUAM S/ O SISTEMA HEMATOPOIETICO INTERFERON BETA"
"11163",""
"11164","RECOMBINANTE 44 MCG/0,5ML"
"11165","OUTROS - FARMACOS QUE ATUAM S/ O SISTEMA HEMATOPOIETICO RIBAVIRINA - 250MG"
"11166","OUTROS - FARMACOS QUE ATUAM SOBRE O SISTEMA RESPIRATORIO. BETAMETASONA"
"11167",""
"11168","ACET.+BETAMETASONA FOSF.DISSOD.-3MG/ML AMP 1ML"
"11169","OUTROS - FARMACOS QUE ATUAM SOBRE O SISTEMA RESPIRATORIO. BUDESONIDA 0,25MG/ML,"
"11170",""
"11171","SOLUCAO INALATÎRIA, FLACONETE 2ML"
"11172","OUTROS - FARMACOS QUE ATUAM SOBRE O SISTEMA RESPIRATORIO. SILDENAFILA 20 MG"
"11173","OUTROS - FARMACOS QUE ATUAM SOBRE O SISTEMA RESPIRATORIO. SURFACTANTE"
"11174",""
"11175","PULM.NAT.120MG,80MG/ML,SUSP.INJ.FR.1,5ML.PORCINA"
"11176","OUTROS - FARMACOS QUE ATUAM SOBRE O SISTEMA RESPIRATORIO. TERBUTALINA, SULFATO -"
"11177",""
"11178","0,5MG/ML AMP. 1ML"
"11179","OUTROS AGUA DESTILADA (AMP. 10ML.)"
"11180","OUTROS AGUA DESTILADA (AMP. 20ML.)"
"11181","OUTROS AGUA DESTILADA GALAO C/05 LITROS"
"11182","OUTROS AGUA DESTILADA SISTEMA FECHADO,SOL.INJ.(FR. 100 A 125ML)"
"11183","OUTROS AGUA DESTILADA,SISTEMA FECHADO,SOL.INJ.FR. 150 A 250ML"
"11184","OUTROS BIOTINA 10 MG/ML, XAROPE, FRASCO 30 ML"
"11185","OUTROS BIOTINA 2 MG/ML, XAROPE, FRASCO 30 ML"
"11186","OUTROS ÇGUA DESTILADA SISTEMA FECHADO, SOLUCAO INJETAVEL,1000ML"
"11187","OUTROS CONTRASTES AZUL PATENTE 2,5% AMP. 2 ML"
"11188","OUTROS GLICINA,1,5% (SOLUCAO DE IRRIGACAO) BOLSA 3.000 ML"
"11189","OUTROS SULFATO FERROSO 125MG/ML FRASCO 60ML"
"11190","PREPARACOES OFTALMOLOGICAS  CLORIDRATO DE PROXIMETACA÷NA 5,0 MG/ML SOL OFT 5ML"
"11191","PREPARACOES OFTALMOLOGICAS  PREDNISOLONA, ACETATO 10 MG/ML, COLIRIO, FRASCO 5 A10 ML"
"11192","PREPARACOES OFTALMOLOGICAS ACETAZOLAMIDA - 250MG"
"11193","PREPARACOES OFTALMOLOGICAS ANFOTERICINA B 0,5%, COLIRIO, FRASCO 5 ML"
"11194","PREPARACOES OFTALMOLOGICAS ATROPINA 1 %, 10MG/ML, COLIRIO FRASCO 5 ML"
"11195","PREPARACOES OFTALMOLOGICAS BESIFLOXACINO, CLORIDRATO 0,6%, SUSP. OFTALMICA,FRASCO 5ML"
"11196","PREPARACOES OFTALMOLOGICAS BETAXALOL, CLORIDRATO 5MG/ML - COLIRIO  (FRASCO 5ML)"
"11197","PREPARACOES OFTALMOLOGICAS BIMATOPROSTA 0,3MG/ML, SOLUCAO OFTALMICA,FRASCO3ML"
"11198","PREPARACOES OFTALMOLOGICAS BRIMONIDINA, TARTARATO 0,2%,SOLUCAOOFTALMICA,FRASCO 5ML"
"11199","PREPARACOES OFTALMOLOGICAS BRINZOLAMIDA,1PCC,SUSPENSAO OFTALMICA,FRASCO 5ML"
"11200","PREPARACOES OFTALMOLOGICAS CARBACOL 0,1 MG/ML,SOLUCAO OFTALMICA,FRASCO-AMPOLA 1,5 A 2ML"
"11201","PREPARACOES OFTALMOLOGICAS CEFAZOLINA SODICA 5%, COLIRIO, FRASCO 5 ML"
"11202","PREPARACOES OFTALMOLOGICAS CICLOPENTOLATO 10MG/ML COLIRIO FRASCO 5ML (CONTR.)"
"11203","PREPARACOES OFTALMOLOGICAS CIPROFLOXACINA (R) - 3,5MG/ML - COLIRIO (FR. 5ML)"
"11204","PREPARACOES OFTALMOLOGICAS DEXAMETASONA 0,1%, 1 MG/ML, SOLUCAO OFTALMICA,FRASCO 5 ML"
"11205","PREPARACOES OFTALMOLOGICAS DEXTRANO 70+HIPROMELOSE 1MG/ML+3MG/ML,COLIRIO,FRACO 15ML"
"11206","PREPARACOES OFTALMOLOGICAS DORZOLAMIDA,CLORIDRATO 2%,SOLUCAOOFTALMICA,FRASCO 5ML"
"11207","PREPARACOES OFTALMOLOGICAS FENILEFRINA, CLORIDRATO 10%, 100 MG/ML, COLIRIO,FRASCO 5 ML"
"11208","PREPARACOES OFTALMOLOGICAS FENILEFRINA,CLORIDRATO 2,5% + TROPICAMIDA0,5%,COL.FR 5ML"
"11209","PREPARACOES OFTALMOLOGICAS FLUORESCEINA SODICA 1%, 10 MG/ML, COLIRIO, FRASCO 3ML"
"11210","PREPARACOES OFTALMOLOGICAS FLUORESCEINA SODICA 20%,200MG/ML,SOLUCAOINJETAVEL,AMP. 5ML"
"11211","PREPARACOES OFTALMOLOGICAS GENTAMICINA, SULFATO - 5MG/ML - SOL. OFT. (FR 3 A 5ML)"
"11212","PREPARACOES OFTALMOLOGICAS HIALURONIDASE LIOFILIZADA 2.000UTR PO P/ SOL INJ.FR/AMP"
"11213","PREPARACOES OFTALMOLOGICAS HIDROXIPROPILMETILCELULOSE2%,20MG/ML,SOL.INJ.,SERINGA PRONT"
"11214","PREPARACOES OFTALMOLOGICAS IODOPOVIDONA 2,5% SOLUÇÃO OFTALMICA, FRASCO COM10ML"
"11215","PREPARACOES OFTALMOLOGICAS LATANOPROSTA,50 MCG/ML,SOLUCAO OFTALMICA,FRASCO2,5ML"
"11216","PREPARACOES OFTALMOLOGICAS MITOMICINA C 0,02%, 1 ML"
"11217","PREPARACOES OFTALMOLOGICAS NEOMICINA+POLIMIXNA B+DEXAMETASONA5MG/ML+6000UI+1MG/ML,5ML"
"11218","PREPARACOES OFTALMOLOGICAS PILOCARPINA,CLORIDRATO 2%,SOLUCAO OFTALMICA,FRASCO10ML"
"11219","PREPARACOES OFTALMOLOGICAS PREDNISOLONA FOSFATO SODICO 3 MG/ML, SOLUCAO ORAL -60ML"
"11220","PREPARACOES OFTALMOLOGICAS TETRACAINA,+FENELEFRINA+ BORICO, AC. 100+1+15MG-COLFR 10ML"
"11221","PREPARACOES OFTALMOLOGICAS TIMOLOL, MALEATO 0,5%, 5 MG/ML, COLIRIO, FRASCO 5 ML"
"11222","PREPARACOES OFTALMOLOGICAS TIMOLOL+BRIMONIDINA,(5,0MG/ML+2,0MG/ML),SOL"
"11223",""
"11224","OFT.5ML"
"11225","PREPARACOES OFTALMOLOGICAS TOBRAMICINA 0,3%, 3 MG/ML, COLIRIO, FRASCO 3 A 5ML"
"11226","PREPARACOES OFTALMOLOGICAS TRAVOPROSTA 0,004%,SOLUCAO OFTALMICA,FRASCO 2,5ML"
"11227","PREPARACOES OFTALMOLOGICAS TRIANCINOLONA,ACETONIDA,40 MG/ML,S/CONS., SOL."
"11228",""
"11229","INJET.,FR/AMP"
"11230","PREPARACOES OFTALMOLOGICAS TROPICAMIDA 1 %, 10MG/ML, SOLUCAO OFTALMICA, FRASCO"
"11231",""
"11232","5 ML"
"11233","PREPARACOES OFTALMOLOGICAS VITAMINA A + CLORANFENICOL + AMINOACIDOS - POMADA"
"11234",""
"11235","OFT."
"11236","PREPARACOES OTOLOGICAS - ASSOCIACOES"
"11237",""
"11238","FLUOCINOLONA,ACET.+NEOMICINA,SULF.+POLIMIXINA B,SULF.+(DET.)"
"11239","PRODUTOS MANIPULADOS EM FARMACIAS ESPECIALIZADAS ACIDO TRICLORO-ACÔTICO 50%,"
"11240",""
"11241","SOLUCAO, FRASCO 10 ML"
"11242","PRODUTOS MANIPULADOS EM FARMACIAS ESPECIALIZADAS CIPROEPTADINA 4MG"
"11243","PRODUTOS MANIPULADOS EM FARMACIAS ESPECIALIZADAS CIPROEPTADINA, DOSE"
"11244",""
"11245","PERSONALIZADA, XAROPE, FRASCO 105 ML"
"11246","PRODUTOS MANIPULADOS EM FARMACIAS ESPECIALIZADAS HIDROXIDO DE POTASSIO 10%,"
"11247",""
"11248","SOLUCAO REAGENTE, FRASCO 30 ML"
"11249","PRODUTOS MANIPULADOS EM FARMACIAS ESPECIALIZADAS LUGOL FORTE(I 5G + KI 10G + H2O"
"11250",""
"11251","100 ML)SOL.REAGENTE,FR.50ML"
"11252","PRODUTOS MANIPULADOS EM FARMACIAS ESPECIALIZADAS MANIPULADO: LUGOL 5%,"
"11253",""
"11254","SOLUCAO ORAL, FRASCO 20 ML"
"11255","RELAXANTES MUSCULARES VO DIPIRONA 300MG+ORFENADRINA,CITRATO 35MG+CAFEINA"
"11256",""
"11257","50MG"
"11258","SOLUCAO ELETROLITICA RICA EM POTASSIO SOLUCAO CARDIOPLÔGICA ST THOMAS, SOLUCAO,"
"11259",""
"11260","FRASCO 40ML"
"11261","SOLUCAO P/CARDIOPLEGIA SOLUCAO A BASE DE HTK, BOLSA 1000ML."
"11262","SOLUCOES DIALITICAS BOLSA DE DIALISE PERITONIAL,CONC.GLICOSE 1,5%"
"11263","SOLUCOES DIALITICAS BOLSA DE DIALISE PERITONIAL,CONC.GLICOSE 4,25%"
"11264","SOLUCOES DIALITICAS CPHD BASICA COM BICARBONATO DE SODIO A 8,4%, GALAO 5 LITROS"
"11265","SOLUCOES DIALITICAS CPHD ÇCIDA C/CALCIO A 2,5MEQ/L, GALAO COM 5 LITROS."
"11266","SOLUCOES DIALITICAS CPHD ÇCIDA C/CALCIO A 3,0MEQ/L, GALAO COM 5 LITROS."
"11267","SOLUCOES DIALITICAS CPHD ÇCIDA C/CALCIO A 3,5MEQ/L, GALAO COM 5 LITROS"
"11268","SOLUCOES DIALITICAS DIALISE PERITONEAL AMBULATORIAL CONTINUA OU AUTOMATICA"
"11269","SOLUCOES DIALITICAS KIT DE IMPLANTACAO PARA DIALISE AMBULATORIAL CONTINUA"
"11270","SOLUCOES DIALITICAS KIT PARA DIALISE PERITONEAL AUTOMATICA"
"11271","SOLUCOES DIALITICAS SOLUCAO P/DIALISE PERITONEAL C/GLICOSE 1,5%,FRASCO 1.000ML"
"11272","TROMBOLITICOS ALTEPLASE 20MG, PÎ LIÎFILO INJETAVEL, FRASCO-AMPOLA"
"11273","TROMBOLITICOS ALTEPLASE 50MG, PÎ LIÎFILO INJETAVEL, FRASCO-AMPOLA"
"11274","VASOCONSTRITORES E ESCLEROSANTES ADRENALINA, CLORIDRATO - 1 MG/ML (AMP. 1ML)"
"11275","VASOCONSTRITORES E ESCLEROSANTES DOBUTAMINA - 12,5 MG/ML (AMP. 20 ML)"
"11276","VASOCONSTRITORES E ESCLEROSANTES DOPAMINA, CLORIDRATO 5MG/ML (AMP. 10ML)"
"11277","VASOCONSTRITORES E ESCLEROSANTES ETANOLAMINA, OLEATO 5%, 50MG/ML, SOL. INJET.,"
"11278",""
"11279","AMPOLA 2ML"
"11280","VASOCONSTRITORES E ESCLEROSANTES NORADRENALINA/NOREPINEFRINA, TARTARATO"
"11281",""
"11282","2MG/ML (AMP.4ML)"
"11283","VASODILATADORES ALPROSTADIL 20MCG - INJETAVEL"
"11284","VASODILATADORES CILOSTAZOL 100MG"
"11285","VASODILATADORES CILOSTAZOL 50MG"
"11286","VASODILATADORES CINARIZINA - 25MG."
"11287","VASODILATADORES CINARIZINA - 75MG."
"11288","VASODILATADORES DOXAZOSINA 1 MG/ML, SOLUCAO ORAL, FRASCO 50 ML"
"11289","VASODILATADORES DOXAZOSINA, MESILATO 2 MG,COMPRIMIDO"
"11290","VASODILATADORES DOXAZOSINA, MESILATO 4 MG COMPRIMIDO"
"11291","VASODILATADORES FLUNARIZINA, DICLORIDRATO 10 MG"
"11292","VASODILATADORES MANIPULADO: SILDENAFIL 10 MG/ML, FRASCO 150 ML"
"11293","VASODILATADORES MILRINONA, LACTATO 1MG/ML, SOL. INJET., FRASCO/AMPOLA 10ML"
"11294","VASODILATADORES NITROGLICERINA 5MG/ML, SOLUCAO INJETAVEL, AMPOLA 10ML"
"11295","VASODILATADORES PAPAVERINA, CLORIDRATO 50MG/ML, SOLUCAO INJETAVEL,AMPOLA 2ML"
"11296","VASODILATADORES SACUBITRIL 24 MG/ VALSARTANA 26 MG"
"11297","VASODILATADORES SACUBITRIL 49 MG/ VALSARTANA 51 MG"
"11298","VASODILATADORES SACUBITRIL 97 MG/ VALSARTANA 103 MG"
"11299","VASODILATADORES SILDENAFIL 1 MG/ML,SUSPENSAO ORAL, FRASCO 50 ML"
"11300","VASODILATADORES SILDENAFIL 50MG"
"11301","VASODILATADORES TADALAFILA 2,5MG CAPSULA"
"11302","VITAMINAS E SAIS MINERAIS ACIDO ASCORBICO (VIT.C)-100MG/ML - SOL. INJ. (AMP. 5ML)"
"11303","VITAMINAS E SAIS MINERAIS ASCÎRBICO, ACIDO, VITAMINA C, 500 MG"
"11304","VITAMINAS E SAIS MINERAIS ASCÎRBIO, ACIDO, VITAMINA C, 200 MG/ML, SOLUCAO ORAL"
"11305","VITAMINAS E SAIS MINERAIS CALCITRIOL  0,25MCG"
"11306","VITAMINAS E SAIS MINERAIS CIANOCOBALAMINA (VITAMINA B12) 2500MCG/ML,SOLUCAOINJETAVEL"
"11307","VITAMINAS E SAIS MINERAIS COMPLEXO B - DRAGEAS COM: (DETALHADA)"
"11308","VITAMINAS E SAIS MINERAIS COMPLEXO B -SOL. INJETAVEL AMP. 2ML (DETALHADA)"
"11309","VITAMINAS E SAIS MINERAIS COMPLEXO B, GOTAS COM: (DETALHADA)"
"11310","VITAMINAS E SAIS MINERAIS FERROSO, SULFATO FE ELEMENTAR 25MG/ML, SOLUCAO ORAL,30ML"
"11311","VITAMINAS E SAIS MINERAIS FERROSO,SULFATO - 300MG, 60MG FERRO ELEMENTAR,DRÇGEA"
"11312","VITAMINAS E SAIS MINERAIS FITOMENADIONA (VITAMINA K)  IM 10MG/ML AMPOLA 1ML."
"11313","VITAMINAS E SAIS MINERAIS FITOMENADIONA (VITAMINA K) EV 10MG/ML,SOL.INJET., AMPOLA1ML"
"11314","VITAMINAS E SAIS MINERAIS FITOMENADIONA(VITAMINA K)2MG,10MG/ML,AMPOLA 0,2ML"
"11315","VITAMINAS E SAIS MINERAIS PIRIDOXAL 5 FOSFATO 50MG/ML  FRASCO 30ML"
"11316","VITAMINAS E SAIS MINERAIS PIRIDOXINA (VIT. B6) - 100MG/ML (AMP. 2ML)"
"11317","VITAMINAS E SAIS MINERAIS PIRIDOXINA 100 MG/ML, SOLUCAO ORAL, FRASCO 100 ML"
"11318","VITAMINAS E SAIS MINERAIS PIRIDOXINA 100 MG/ML, SOLUCAO ORAL, FRASCO 30 ML"
"11319","VITAMINAS E SAIS MINERAIS POLIVITAMINAS SEM FERRO PEDIATRICO SOLUCAO ORAL"
"11320","VITAMINAS E SAIS MINERAIS POLIVITAMINICO, XAROPE, FRASCO 100 ML"
"11321","VITAMINAS E SAIS MINERAIS POLIVITAMINICO, XAROPE, FRASCO 50 ML"
"11322","VITAMINAS E SAIS MINERAIS RETINOL VIT.A50.000UI/ML+COLECALCIFEROL(VIT.D)10.000UI/ML"
"11323","VITAMINAS E SAIS MINERAIS RIBOFLAVINA 40 MG/ML, SOLUCAO ORAL, 50 ML - MANIPULADO"
"11324","VITAMINAS E SAIS MINERAIS TIAMINA, CLORID(VIT. B1)-100MG/ML-SOL. INJ. AMP 1ML"
"11325","VITAMINAS E SAIS MINERAIS TIAMINA, CLORIDRATO (VITAMINA B1) 300 MG"
"11326","VITAMINAS E SAIS MINERAIS TOCOFEROL,ACETATO (VITAMINA E) 100UI/ML,SOLUCAOORAL,FR.30ML"
"11327","VITAMINAS E SAIS MINERAIS VIT. B1 100MG,VIT. B6 100MG,VIT. B12 5.000MCG, SOL.INJ.(DET)"
"11328","VITAMINAS E SAIS MINERAIS ZINCO QUELADO 5 MG/ML,TASTE FREE,SOLUCAO ORAL,FRASCO50ML"
"11329",""
"11330","APOIO DE PE ERGONOMICO"
"11331","ARMARIO AEREO COM 3 PORTAS"
"11332","ARMARIO BAIXO COM UMA PRATELEIRA"
"11333","ARMARIO EM MADEIRA AEREO, COM 6 PORTAS"
"11334","ARMARIO EM MADEIRA ARMARIO BAIXO"
"11335","ARMARIO EM MADEIRA COM 4 PORTAS E PRATELEIRAS INTERNAS MEDINDO 1,20X42CM"
"11336","ARMARIO EM MADEIRA COM PORTAS"
"11337","ARMARIO EM MADEIRA EM MDF, ALTA, COM 2 PORTAS"
"11338","ARMARIO EM MADEIRA MEDIO DE 2 PORTAS MED. 0,90X050X0,75"
"11339","ARMARIO/ESTANTE ARMARIO ALTO"
"11340","ARMARIO/ESTANTE ARMARIO ALTO 2 PORTAS"
"11341","ARMARIO/ESTANTE ARMARIO ALTO 2 PORTAS EM MDP 25MM"
"11342","BALCAO PARA COZINHA EM MADEIRA REV. EM FORMICA CUBA DE INOX"
"11343","BANCO FIXO C/2 GAVETAS MED 350X450X350MM"
"11344","BELICHE EM MADEIRA COM 02 LUGARES MED. 900X800X1600MM"
"11345","BUFFET QUENTE 6 CUBAS"
"11346","CADEIRA CADEIRA EXECUTIVA"
"11347","CADEIRA CADEIRA PROCURADOR"
"11348","CADEIRA ESTOFADO PARA RECEPCAO"
"11349","CADEIRA FIXA 4 PES EXECUTIVA EM ESPUMA INJETADA, CAPA EM POLIPROPILENO"
"11350","CADEIRA FIXA CADEIRA DE APROXIMACAO TELA"
"11351","CADEIRA FIXA TIPO CONCHA,EM POLIPROPILENO,ESTRUTURA ACO"
"11352","CADEIRA GIRATORIA COM BRACO"
"11353","CADEIRA GIRATORIA COM BRACO, PRETA"
"11354","CADEIRA GIRATORIA PARA ESCRITORIO C/REGUL.AUTOM.DE ALT.DE ENC.C/12 ESTAGIOS APOIOBRAC.06"
"11355","CADEIRA GIRATORIA PARA ESCRITORIO COM BRACO"
"11356","CADEIRA GIRATORIA PARA ESCRITORIO TIPO DIGITADOR,ALTURA DO ENCOSTO REGULAVEL"
"11357","CADEIRA GIRATORIA PARA ESCRITORIO TIPO PRESIDENTE"
"11358","CADEIRA GIRATORIA PARA ESCRITORIO TIPO PRESIDENTE COM BRAÇOS"
"11359","CADEIRA GIRATORIA TIPO PRESIDENTE C/BRACO"
"11360","COFRE DE ACO CONCRETADO"
"11361","COLCHAO PARA CAMA BOX CASAL, MOLA ECOFLEX"
"11362","CONJUNTO DE MOVEIS PARA COZINHA,COMPOSTO P/ARMARIO,PANELEIRO E BALCAO P/PIA"
"11363","CONJUNTO DE MOVEIS PARA ESCRITORIO ESTACAO GERENCIAL"
"11364","ESPELHO DE USO GERAL DE PAREDE"
"11365","ESPELHO DE USO GERAL PARA BANHEIRO"
"11366","ESTACAO DE TRABALHO (MOBILIARIO) ADMINISTRATIVA"
"11367","ESTAÇÃO DE TRABALHO (MOBILIARIO) EM ""L"" MED. 150X150M CONFIC.EM AGLOMERADO NACOR OVO"
"11368","ESTANTE EM ACO C/ 6 PRATELEIRAS C/ REFORCO MED. 1,98MX1,00MX30MM"
"11369","ESTANTE EM ACO COM 6 PRATELEIRAS"
"11370","ESTANTE EM ACO INOX"
"11371","GAVETEIRO FIXO C/2 GAVETAS MED 350X450X350MM"
"11372","GAVETEIRO VOLANTE COM 03 GAVETAS"
"11373","LONGARINA DE ESPERA 3 LUGARES"
"11374","MACA MACA HOSPITALAR PARA TRANSPORTE DE PACIENTES ADULTOS"
"11375","MESA AUXILIAR PARA ESCRITORIO MESA PENINSULA"
"11376","MESA DE USO GERAL COM TAMPO DE INOX"
"11377","MESA DE USO GERAL MESA ESPECIAL GOTA"
"11378","MESA DE USO GERAL MESA L"
"11379","MESA DE USO GERAL MESA REDONDA REUNIAO"
"11380","MESA DE USO GERAL MESA REFEITORIO"
"11381","MESA DE USO GERAL MESA RETA, MEDINDO 1200X600X740 MM"
"11382","MESA DE USO GERAL MESA RETA, MEDINDO 1400X600X740 MM"
"11383","MESA DE USO GERAL MESA REUNIAO RETANGULAR"
"11384","MESA DE USO GERAL RETANGULAR"
"11385","MESA EM L , EM MDF BEGE"
"11386","MESA PARA 10 PESSOAS, DIVIDIDA EM 3 MODULOS"
"11387","MESA PARA ESCRITORIO EM ""L"" MEDINDO 1400X1200X735MM"
"11388","MESA PARA ESCRITORIO EM L MED. 1.95 X 1.45 X 0.75CM"
"11389","MESA PARA ESCRITORIO TIPO ESTACAO DE TRABALHO LAMINADO, MED 1,40 X 0,80 X 0,74 CM"
"11390","MESA PARA REUNIAO MESA REUNIAO EXECUTIVA OVALIZADA"
"11391","PAINEL DIVISORIA DIMENSOES 1200MMX570MMX18MM"
"11392","PAINEL DIVISORIA DIMENSOES 1400MMX570MMX18MM"
"11393","PALLET EM POLIPROPILENO"
"11394","PULPITO(PARLATORIO) DE MADEIRA"
"11395","RACK PARA SERVIDORES E STORAGE"
"11396","SOFA DE 01(UM) LUGAR"
"11397","SOFA DE DOIS) LUGARES"
"11398","SUPORTE PARA TELEVISAO PAINEL PAREDE"
"11399","TAMPO PARA MESA/BALCAO EM PEDRA DE GRANITO"
"11400","TRIPE/SUPORTE EM ESTRUTURA METALICA - TAMANHO DIVERSOS"
"11401",""
"11402","COMPRESSOR COMPRESSOR DE AR"
"11403","VALVULA REGULADORA DE AR VALVULA REGUL.DE PRESSAO P/REDE CANALIZADA DE ARCOMPRIMIDO"
"11404",""
"11405","CARRINHO DE MAO COM CACAMBA"
"11406","CONTAINER MARITIMO"
"11407","GUINCHO MOVEL PARA MOVIMENTAÇÃO DE CARGA"
"11408",""
"11409","COMPONENTES E MATERIAIS DE EQUIP. DE OFICINAS DE MANUTENCAO BOCAL"
"11410","DESEMPENADEIRA DE ACO P/CONTRUCAO"
"11411","ELETRODO DE ACO"
"11412","ELETRODO DE TUNGSTENIO"
"11413","ELETRODO EM KG"
"11414","ELETRODO PARA SOLDA ELETRICA"
"11415","ESMERILHADEIRA TIPO PROFISSIONAL PARA REDE 220 VOLTS"
"11416","LAPIS PARA CARPINTEIRO MODELO PADRAO"
"11417","LIXADEIRA ELETRICA MODELO ORBITAL"
"11418","MACARICO COM IGNICAO AUTOMATICA"
"11419","ROLAMENTO FIXADOR"
"11420","SERRA CIRCULAR METAL DURO PARA MADEIRA, 12 DENTES"
"11421","SERRA MARMORE"
"11422","SERRA SERRA DE ACO"
"11423","SOLDA DE ESTANHO TIPO 50X50"
"11424","SUPORTE DIVERSOS PARA PRATELEIRAS"
"11425","SUPORTE DIVERSOS PARA PRATELEIRAS 40CM"
"11426",""
"11427","CALIBRADOR AUTOMATICO DE PNEUS CALIBRADOR AUTOMATICO DE PNEUS COMPLETO"
"11428","EIXO DIANTEIRO PORCA AUTO-TRAVANTE"
"11429","PELICULA, IDENTIFICACAO E PLOTAGEM DE VEICULOS LEVES PELICULA PARA CONTROLE SOLAR"
"11430",""
"11431","CAMARAS DE AR PARA VEICULOS LEVES CAMARA DE AR P/PNEU DE CARRINHO DETRANSPORTE 325/8"
"11432","PNEUS PARA MOTOCICLETA PNEU PARA RODA DIANTEIRA 17"", 120/70"
"11433","PNEUS PARA MOTOCICLETA PNEU PARA RODA DIANTEIRA 21"", 80/90"
"11434","PNEUS PARA MOTOCICLETA PNEU PARA RODA DIANTEIRA 21"", 90/90"
"11435","PNEUS PARA MOTOCICLETA PNEU PARA RODA DIANTEIRA 21"", 90/90 - 54H"
"11436","PNEUS PARA MOTOCICLETA PNEU PARA RODA TRASEIRA 17"", 120/80"
"11437","PNEUS PARA MOTOCICLETA PNEU PARA RODA TRASEIRA 17"", 150/70"
"11438","PNEUS PARA MOTOCICLETA PNEU PARA RODA TRASEIRA 18"", 150/70"
"11439","PNEUS PARA MOTOCICLETA PNEU PARA RODA TRASEIRA 19"", 110/80"
"11440","PNEUS PARA MOTOCICLETA PNEU PARA RODA TRASEIRO 17"", 120/90"
"11441","PNEUS PARA MOTOCICLETA PNEU PARA RODA TRASEIRO 17"", 130/80"
"11442","PNEUS PARA MOTOCICLETA TRASEIRO"
"11443","PNEUS PARA VEICULOS LEVES PNEU PARA RODA 14"", 175/70 C"
"11444","PNEUS PARA VEICULOS LEVES PNEU PARA RODA 15"", 195/60"
"11445","PNEUS PARA VEICULOS LEVES PNEU PARA RODA 15"", 195/65"
"11446","PNEUS PARA VEICULOS LEVES PNEU PARA RODA 15"", 225/70"
"11447","PNEUS PARA VEICULOS LEVES PNEU PARA RODA 16"", 205/55"
"11448","PNEUS PARA VEICULOS LEVES PNEU PARA RODA 16"", 205/60"
"11449","PNEUS PARA VEICULOS LEVES PNEU PARA RODA 16"", 205/75"
"11450","PNEUS PARA VEICULOS LEVES PNEU PARA RODA 16"", 215/65"
"11451","PNEUS PARA VEICULOS LEVES PNEU PARA RODA 16"", 215/75"
"11452","PNEUS PARA VEICULOS LEVES PNEU PARA RODA 16"", 235/60"
"11453","PNEUS PARA VEICULOS LEVES PNEU PARA RODA 16"", 245/70"
"11454","PNEUS PARA VEICULOS LEVES PNEU PARA RODA 16"", 265/70, 50X50, MISTO"
"11455","PNEUS PARA VEICULOS LEVES PNEU PARA RODA 17, 205/50"
"11456","PNEUS PARA VEICULOS LEVES PNEU PARA RODA 17"", 215/50"
"11457","PNEUS PARA VEICULOS LEVES PNEU PARA RODA 17"", 225/45"
"11458","PNEUS PARA VEICULOS LEVES PNEU PARA RODA 17"", 225/65"
"11459","PNEUS PARA VEICULOS LEVES PNEU PARA RODA 17"", 265/65"
"11460","PNEUS PARA VEICULOS LEVES PNEU PARA RODA 18"", 235/55"
"11461","PNEUS PARA VEICULOS LEVES PNEU PARA RODA 18"", 245/60"
"11462","PNEUS PARA VEICULOS LEVES PNEU PARA RODA 18"", 265/60"
"11463","PNEUS PARA VEICULOS LEVES PNEU PARA RODA 20"", 245/50"
"11464","PNEUS PARA VEICULOS LEVES PNEUS PARA VEICULOS ARO 13"", 165/70"
"11465","PNEUS PARA VEICULOS LEVES PNEUS PARA VEICULOS ARO 14"", 185/65"
"11466","PNEUS PARA VEICULOS PESADOS PNEU PARA RODA 16"", 750, 14 LONAS LISO"
"11467","PNEUS PARA VEICULOS PESADOS PNEU PARA RODA 17,5"", 215/75"
"11468","PNEUS PARA VEICULOS PESADOS PNEU PARA RODA 20"", 900, 14 LONAS LISO"
"11469","PNEUS PARA VEICULOS PESADOS PNEU PARA RODA 22,5"", 275/80"
"11470","PRODUTOS E COMPONENTES QUIMICOS E BIOLOGICOS"
"11471","ACETATO DE AMONIO P.A."
"11472","ACETATO DE ETILA GRAU P.A., ACS"
"11473","ACIDO ACETICO P.A. (GLACIAL)"
"11474","ACIDO BORICO P.A. CAS NUMERO 10043-35-3"
"11475","ACIDO CLORIDRICO PA"
"11476","ACIDO CLORIDRICO,CAS N7647-01-0, P.A, PUREZA 37-38% (DET)"
"11477","ACIDO CROMOTROPICO(SAL DISSODICO)DIHIDRATADO P.A. GRAU AC"
"11478","ACIDO FOSFORICO P.A. OU ORTOFOSFORICO (DET)"
"11479","ACIDO SULFURICO 96-97% P.A.DENSIDADE 1.840G/L"
"11480","ACIDO  FENILBORONICO, ACIDO"
"11481","ACUCAR PARA LABORATORIO L-ARABINOSE P.A."
"11482","ACUCAR PARA LABORATORIO PARA CELOBIOSE"
"11483","ACUCAR PARA LABORATORIO PARA D-GLICOSE ANIDRA, PA (PARA ANALISE), GRAU ACS"
"11484","ACUCAR PARA LABORATORIO DULCITOL P.A"
"11485","ACUCAR PARA LABORATORIO SACAROSE P.A."
"11486","AGAR"
"11487","AGAR  BAIRD PARKER (BP)"
"11488","AGAR  BASE URÓIA DE CHRISTENSEN"
"11489","AGAR  CARVAO (REGAN LOWE)"
"11490","AGAR  COLUMBIA BASE"
"11491","AGAR  CORN MEAL (AGAR FUBA)"
"11492","AGAR  CROMOGENICO PARA LISTERIA MONOCYTOGENES EM PLACAS"
"11493","AGAR  DNASE"
"11494","AGAR  ENTÓRICO HECKTOEN (AGAR HE)"
"11495","AGAR  LISINA-FERRO (AGAR LIA)"
"11496","AGAR  MACCONKEY"
"11497","AGAR  MANITOL GEMA DE OVO POLIMIXINA (MYP)"
"11498","AGAR  MUELLER HINTON"
"11499","AGAR  MUELLER HINTON EM PLACA DE PETRI DE 150 MM"
"11500","AGAR  NUTRIENTE"
"11501","AGAR  NUTRIENTE COM SAL"
"11502","AGAR  OU AGAR BACTERIOLOGICO OU BACTO AGAR,OU AGAR (DET.)"
"11503","AGAR  PADRAO PARA CONTAGEM (PCA)"
"11504","AGAR  PDA (POTATO DEXTROSE AGAR)"
"11505","AGAR  SABOURAUD DEXTROSE 4% (OU AGAR GLICOSE 4%)"
"11506","AGAR  SALMONELLA-SHIGELLA (AGAR SS)"
"11507","AGAR  SANGUE BASE N.2.COMP.POR LITRO:PROTEOSE PEPTONA 15,0G"
"11508","AGAR  TCBS (TIOSSULFATO - CITRATO - BILE - SACAROSE)"
"11509","AGAR  TSA OU TRYPTIC SOY/AGAR CASOY,SOJA TRIPCASEINA,OU (D"
"11510","AGAR  TSC (TRIPTOSE SULFITO CICLOSERINA)"
"11511","AGAR  TSI (TRIPLE SUGAR IRON AGAR)"
"11512","AGAR  VERDE BRILHANTE OU BRILLIANT GREEN AGAR"
"11513","AGAR  VIOLET RED BILE DEXTROSE VRBG (G/L)"
"11514","AGAR  XLD (XILODASE, LISINA, DESOXICOLATO)"
"11515","AGAR ÇGAR AZIDA BILE ESCULINA (G/L):"
"11516","AGAR GELATINA EM PO P.A."
"11517","AGAR MEIO CTA (CYSTINE TRYPTIC AGAR) AGAR CISTINA TRIPTICA"
"11518","AGAR MEIO DE TRANSPORTE AMIES"
"11519","AGAR M-HPC AGAR,P/CONTAGEM DE BACTERIAS HETROTROFICAS EM AGUA"
"11520","AGAR PLACA PARA CONTAGEM DE ENTEROBACTERIAS"
"11521","AGAR PLACA PARA CONTAGEM DE ESCHERICHIA COLI"
"11522","AGAR PLACAS DESC.C/ AGAR MUELLER-HINTON, SANGUE DE CAVALO E B-NAD"
"11523","ALCOOL BUTILICO P.A. (N-BUTANOL)"
"11524","ALCOOL ETILICO 95% , P.A. GRAU ACS, CAS 64-17-5. (DET)"
"11525","ALCOOL ETILICO ABSOL.P.A.,GR.ACS,PUREZA MIN.MAIOR/99,9%"
"11526","ALCOOL ETILICO ABSOLUTO P.A."
"11527","ALCOOL ISOPROPILICO GRAU HPLC. PUREZA MINIMA 99,5% (DET)"
"11528","ALCOOL METILICO GRAU HPLC (DET)"
"11529","ALCOOL METILICO P.A. OU METANOL PA"
"11530","ALCOOL PARA USO GERAL ALCOOL A 70% P/DESINF.DE MATERIAIS, FRASCO  1000ML(DET)"
"11531","ALCOOL PARA USO GERAL ALCOOL C/70 INPM/LITRO, EMBALAGEM FRASCO 1 LITRO*"
"11532","ALCOOL PARA USO GERAL ALCOOL GEL,CONCENT.DE 70%,P/HIGIEN.C/ACAO ANTIMICROBIANA*"
"11533","ALCOOL PARA USO GERAL ALMOTOLIAS DESCARTAVEL C/ ALCOOL GEL 70% GLICERINADO"
"11534","ALCOOL PARA USO GERAL ANTISSEPTICO A BASE DE ALCOOL ETILICO"
"11535","ALCOOL PARA USO GERAL ALCOOL A 70% PARA ANTISSEPSIA DE PELE, FRASCO 900ML A1000ML"
"11536","ALCOOL PARA USO GERAL ETILICO 70%, GEL, P/ HIGIENE DAS MAOS, NEUTRO, 5 LITROS*"
"11537","ALCOOL PARA USO GERAL LIQUIDO 46°"
"11538","ALCOOL PARA USO GERAL LIQUIDO,70%,SANEANTE, EMBALAGEM COM 5 LITROS"
"11539","ALFA ALFA-ALFA-DIPIRIDILA, CAS N.366-18-7"
"11540","AMIDO SOLUVEL P.A."
"11541","AMINOACIDO S PARA LABORATORIO: L-ORNITINA P.A."
"11542","AMINOACIDO S PARA LABORATORIO: L-TIROSINA P.A."
"11543","AMINOACIDO S PARA LABORATORIO: L-ASPARAGINA P.A."
"11544","AMINOACIDO S PARA LABORATORIO: L-ARGININA P.A."
"11545","ANTIGENO ASPERGILLUS FUMIGATUS ID"
"11546","ANTIGENO ASPERGILLUS ID (A.FUMIGATUS,A. FLAVUS,)(D)"
"11547","ANTIGENO PARA HISTOPLASMA CAPSULATUM ID"
"11548","ANTIGENO PARA VDRL OU RPR"
"11549","ANTIGENO PARACOCCIDIOIDES BRASILIENSIS ID"
"11550","ANTIGENO CONJUNTO IMUNOENZIMATICO P/DETECCAO DE ANTIGENO NS1- DENG"
"11551","ANTIGENO TESTE PARA DETERMINACAO DE ANTICORPOS ANTI-BRUCELLA"
"11552","ANTRONA ANTRONA 97 %, P.A. GRAU ACS, CAS 90-44-8. (DET)"
"11553","AZUL"
"11554","AZUL DE METILENO P.A. FRASCO DE 25G"
"11555","BISSULFITO DE SODIO P.A."
"11556","CALDO"
"11557","CALDO BASE TETRATIONATO"
"11558","CALDO BHI (CALDO INFUSÃO CAREBRO - CORAÇÃO)"
"11559","CALDO BILE VERDE BRILHANTE"
"11560","CALDO DEXTROSE AZIDA"
"11561","CALDO DIFERENCIAL REFORCADO PARA CLOSTRIDIUM (DRCM)"
"11562","CALDO EC"
"11563","CALDO LACTOSE"
"11564","CALDO LAURIL SULFATO TRIPTOSE (LST)"
"11565","CALDO MR - VP"
"11566","CALDO NITRATO (NITRATE BROTH)"
"11567","CALDO RAPPAPORT-VASSILIADIS R10."
"11568","CALDO SELENITO (CALDO SELENITO - F)"
"11569","CALDO SELENITO-CISTINA"
"11570","CALDO TRIPTCASE OU CALDO SOJA OU CALDO SOJA TRIPTONADO"
"11571","CALDO TRIPTONA"
"11572","CALDO MEIO TIOGLICOLATO (TGM)"
"11573","CERA (USO EM LABORATORIO) CERA DE ABELHA 100% PURA"
"11574","CITRATO CITRATO DE SODIO P.A."
"11575","CLORETO DE MAGNESIO P.A."
"11576","CLORETO DE POTASSIO P.A."
"11577","CLORETO FÓRRICO HEXAHIDRATADO P.A."
"11578","CLORIDRATO CLORIDRATO DE HIDROXILAMINA, CAS 5470-11-11 (DET)"
"11579","CLOROFORMIO P.A."
"11580","CLOROFORMIO P.A., GRAU ACS"
"11581","CONJUNTO DE ANTIGENOS CONJUNTO IMUNOENZIMATICO PARA ANTICORPOS IGM- DENGUE."
"11582","CONJUNTO IMUNOENZIMATICO PARA CONJ. IMUNOENZIMATICO DETER. ANTICORPOTREPONEMA PALLIDUM D"
"11583","CORANTE PARA LABORATORIO TRICOMICO DE MASSON"
"11584","DIGESTO PEPTONA DE SOJA"
"11585","DIGESTO PEPTONA OBTIDA DE TECIDO ANIMAL"
"11586","DIMETIL DIMETILSULFOXIDO P.A.GRAU ACS(DMSO)CAS 67-68-5"
"11587","DISCO DISCO DE COLISTINA 10 UG"
"11588","DISCO PARA ANTIBIOGRAMA EM CARTUCHO - AMOXICILINA/ACIDO  CLAVULÅNICO 2-1  G"
"11589","DISCO PARA ANTIBIOGRAMA EM CARTUCHO  CLORANFENICOL 30 G (D)"
"11590","DISCO PARA ANTIBIOGRAMA EM CARTUCHO CAMPICILINA+SULBACTAM,(D)"
"11591","DISCO PARA ANTIBIOGRAMA EM CARTUCHO  CEFUROXIMA 30 G,(D)"
"11592","DISCO PARA ANTIBIOGRAMA EM CARTUCHO  GENTAMICINA 10 G,(D)"
"11593","DISCO PARA ANTIBIOGRAMA EM CARTUCHO  LEVOFLOXACINA 5 G,(D)"
"11594","DISCO PARA ANTIBIOGRAMA EM CARTUCHO  - AMPICILINA  2  G"
"11595","DISCO PARA ANTIBIOGRAMA EM CARTUCHO  - CEFOTAXIMA 5  G"
"11596","DISCO PARA ANTIBIOGRAMA EM CARTUCHO  - CEFTAZIDIMA 10  G"
"11597","DISCO PARA ANTIBIOGRAMA EM CARTUCHO  - GENTAMICINA 30  G"
"11598","DISCO PARA ANTIBIOGRAMA EM CARTUCHO  - NITROFURANTOINA 100  G"
"11599","DISCO PARA ANTIBIOGRAMA EM CARTUCHO  - PENICILINA 1 U"
"11600","DISCO PARA ANTIBIOGRAMA EM CARTUCHO  - PIPERACILINA + TAZOBACTAM 30-6  G"
"11601","DISCO PARA ANTIBIOGRAMA EM CARTUCHO  - VANCOMICINA 5  G"
"11602","EMULSAO DE GEMA DE OVO COM TELURITO FRASCO COM 100ML"
"11603","EMULSIFICANTE NONYL PHENOL 9 MOLE ETHOXYLATE"
"11604","ENZIMA ENZIMA DE RESTRIÇÃO HAEIII 3.000 UNIDADES 10.000 U/ML."
"11605","ENZIMA PANCREATINA USP/NF"
"11606","EOSINA EOSINA Y P.A. AMARELADA, FRASCO 1.000 ML"
"11607","ETER ETER DE PETROLEO P.A. OU BENZINA DE PETROLEO"
"11608","ETER ETER SULFURICO  P.A. (OU ETER ETILICO P.A.)"
"11609","FENOLFTALEINA FENOLFTALEINA P.A. GRAU ACS"
"11610","FERROCIANETO FERROCIANETO DE POTASSIO TRIHIDRATADO P.A."
"11611","FORMOLDEIDO FORMOLDEIDO P.A. TEOR DE 36 A 38% (DET)"
"11612","FOSFATO FOSFATO DE SODIO DIBASICO P.A."
"11613","FUCSINA FUCSINA BÇSICA. FRASCO DE 25G."
"11614","GLICEROL  P.A. OU GLICERINA. FRASCO COM 1 LITRO."
"11615","GOMA ARABICA EM PO"
"11616","HEMATOXILINA DE GILLS"
"11617","HEMATOXILINA DE HARRYS"
"11618","HEPTANOSULFONATO 1-HEPTANOSULFONATO DE SODIO"
"11619","HIDROXIDO"
"11620","HIDROXIDO  DE SODIO P.A.,ASPECTO: ESCAMAS"
"11621","HIPOCLORITO DE SODIO 10/12%"
"11622","IODETO  DE POTASSIO P.A."
"11623","IODO  P.A."
"11624","KIT DE REAGENTE"
"11625","KIT DE REAGENTE KIT-P.A.S ACIDO  PERIODICO SCHIFF"
"11626","KIT ENSAIO DE FLUXO LATERAL PARA CRYPTOLEVEDURAS)."
"11627","KIT GIEMSA PARA H. PYLORI - FRASCO 500 ML."
"11628","KIT C/INDICADOR BIOL.P/CONTROLE PROCESSOS EST.POR CALOR S"
"11629","KIT PARA COLORAçãO MATODO ZIEHL NEELSEN"
"11630","KIT PARA COLORAÇAO METODO PERLS"
"11631","KIT PARA COLORAÇAO METODO TRICROMICO DE MASSON"
"11632","KIT PARA LABORATORIO KIT DE AMOSTRA PARA CG/MS DE PFTBA 0.5ML"
"11633","KIT PARA LABORATORIO KIT DE TESTE RAPIDO POR FLUORESCENCIA DE NS1-DENGUE"
"11634","KIT PARA LABORATORIO KIT P/TESTE DE PYR,INDENT. STREPTOCOCCUS PYOGENES (DET)"
"11635","KIT TESTE CONJUNTO IMUNOENSAIO PARA ANTI-PARVOVIRUS B19 (IGM)"
"11636","KIT TESTE CONJUNTO IMUNOENSAIO PARA ANTI-PARVOVIRUS B19 (IGM)"
"11637","KIT TESTE CONJUNTO IMUNOENSAIO PARA ANTI-SARAMPO IGM"
"11638","KIT TESTE IMUNOCROMATOGRAFICO PARA DETECCAO DE ALFA-AMILASE HUMANA"
"11639","KIT TESTE IMUNOCROMATOGRAFICO PARA DETECCAO DE SEMENOGELINA HUMANA"
"11640","KIT TESTE RAPIDO QUANTIT. POR FLUORESCENCIA - CHIKUNGUNYA"
"11641","KIT TESTE RAPIDO QUANTITATIVO POR FLUORESCENCIA - DENGUE"
"11642","KIT TESTE RAPIDO QUANTITATIVO POR FLUORESCENCIA - ZICA"
"11643","KIT TESTE TESTE IMUNOCROMATOGRAFICO"
"11644","LEPTOSPIRA MEIO BASE PARA LEPTOSPIRA - EMJH"
"11645","LOWENSTEIN LOWENSTEIN MEDIUM BASE"
"11646","MEIO PARA HEMOCULTURA ADULTO ENRIQUECIDO"
"11647","MEIO PARA HEMOCULTURA PEDIATRICO ENRIQUECIDO"
"11648","MEIOS DE CULTURA PHYTONE AGAR EXTRATO DE LEVEDURA"
"11649","NITRATO NITRATO DE POTASSIO P.A."
"11650","NITRATO NITRATO DE PRATA P.A.GRAU ACS, PUREZA MINIMA 99.7%"
"11651","OLEO PARA LABORATORIO OLEO DE IMERSAO P/MICROSCOPIA C/INDICE REFR.EM TORNO DE1,5"
"11652","OLEO PARA LABORATORIO OLEO PARA BOMBA MECâNICA: ULTRAGRANDE 15"
"11653","OXALATO OXALATO DE AMONIO P.A."
"11654","PADRAO ANALITICO  PADRAO DE PERMETHRIN, 1.000 MICROGRAMA/ML"
"11655","PADRAO ANALITICO DE ABAMECTINA (LCS-6014),1.000 UG/ML,SOLVENTE ACETONITRIL"
"11656","PADRAO ANALITICO MIX DE PADRõES DE ÁCIDOS HALOACATICOS"
"11657","PADRAO ANALITICO MIX DE PADRõES -TRIHALOMETANOS PARA PURGE &TRAP"
"11658","PADRAO ANALITICO PADRAO ANALITICO ALDICARBE SULFONE (S 194)"
"11659","PADRAO ANALITICO PADRAO ANALITICO BENOMYL(S384)"
"11660","PADRAO ANALITICO PADRAO DE 2,4,5 T(ÁCIDO 2,4,5 TRICLOROFENOXIACATICO)"
"11661","PADRAO ANALITICO PADRAO DE 2,4-D (ÁCIDO 2,4-DICLOROFENOXIACATICO)"
"11662","PADRAO ANALITICO PADRAO DE ALACHLOR, 1.000 MICROGRAMA/ML"
"11663","PADRAO ANALITICO PADRAO DE ALDICARBE (S 190) EM ACETONITRILA, 1000 NG/ML"
"11664","PADRAO ANALITICO PADRAO DE ALDRIN, 1.000 MICROGRAMA/ML"
"11665","PADRAO ANALITICO PADRAO DE ALPHA-ENDOSULFAN(ENDOSULFAN I),1.000 MICROGRAMA"
"11666","PADRAO ANALITICO PADRAO DE AMETRINA EM SOLVENTE ORGÅNICO"
"11667","PADRAO ANALITICO PADRAO DE ATRAZINE,1.000 MICROGRAMA/ML"
"11668","PADRAO ANALITICO PADRAO DE BETA-ENDOSULFAN (ENDOSULFAN II),1.000MICROGRAMA"
"11669","PADRAO ANALITICO PADRAO DE CHLORPYRIPHOS-OXON, 1.000 MICROGRAMA/ML"
"11670","PADRAO ANALITICO PADRAO DE CIPROCONAZOL EM SOLVENTE ORGâNICO"
"11671","PADRAO ANALITICO PADRAO DE CIS-CHLORDANE (ALPHA), 1.000 MICROGRAMA/ML"
"11672","PADRAO ANALITICO PADRAO DE CLORDANO (S-780) 1000 UG/ML,SOLVENTE HEXANO"
"11673","PADRAO ANALITICO PADRAO DE CLORFENVINFOS EM SOLVENTE ORGÅNICO"
"11674","PADRAO ANALITICO PADRAO DE CLOROTALONIL EM SOLVENTE ORGÅNICO"
"11675","PADRAO ANALITICO PADRAO DE DEETIL-ATRAZINA (DEA) EM SOLVENTE ORGANICO"
"11676","PADRAO ANALITICO PADRAO DE DEISOPROPIL-ATRAZINA (DIA)"
"11677","PADRAO ANALITICO PADRAO DE DESTIO-PROTIOCONAZOL"
"11678","PADRAO ANALITICO PADRAO DE DIAMINOCLOROTRIZINA (DACT)"
"11679","PADRAO ANALITICO PADRAO DE DIELDRIN, 1.000 MICROGRAMA/ML"
"11680","PADRAO ANALITICO PADRAO DE ENDOSULFAN SULFATE, 1.000 MICROGRAMA/ML"
"11681","PADRAO ANALITICO PADRAO DE ENDRIN, 1.000 MICROGRAMA/ML"
"11682","PADRAO ANALITICO PADRAO DE EPOXICONAZOL  EM SOLVENTE ORGÅNICO"
"11683","PADRAO ANALITICO PADRAO DE ETU (ETILENOTIOUREIA) EM SOLVENTE ORGÅNICO"
"11684","PADRAO ANALITICO PADRAO DE FIPRONIL EM SOLVENTE ORGâNICO"
"11685","PADRAO ANALITICO PADRAO DE FLUTRIAFOL EM SOLVENTE ORGÅNICO"
"11686","PADRAO ANALITICO PADRAO DE FOSDRIN (MENVINFOS)"
"11687","PADRAO ANALITICO PADRAO DE HEPTACLORO (S-2100) 1000 UG/ML, SOLVENTE METANO"
"11688","PADRAO ANALITICO PADRAO DE LINDANE (GAMMA HCH), 1.000 MICROGRAMA/ML"
"11689","PADRAO ANALITICO PADRAO DE MALATIONA EM SOLVENTE ORGÅNICO"
"11690","PADRAO ANALITICO PADRAO DE MANGANÕS 1000  G/ML PARA ICP"
"11691","PADRAO ANALITICO PADRAO DE METOLACHLOR, 1.000 MICROGRAMA/ML"
"11692","PADRAO ANALITICO PADRAO DE METOXICLOR EM SOLVENTE ORGANICO"
"11693","PADRAO ANALITICO PADRAO DE METRIBUZIM EM SOLVENTE ORGâNICO"
"11694","PADRAO ANALITICO PADRAO DE MOLINATO, 1.000 MICROGRAMA/ML"
"11695","PADRAO ANALITICO PADRAO DE OMETOATO EM SOLVENTE ORGÅNICO"
"11696","PADRAO ANALITICO PADRAO DE P.P'-DDD, 1.000 MICROGRAMA/ML"
"11697","PADRAO ANALITICO PADRAO DE P.P'-DDE, 1.000 MICROGRAMA/ML"
"11698","PADRAO ANALITICO PADRAO DE P.P'-DDT, 1.000 MICROGRAMA/ML"
"11699","PADRAO ANALITICO PADRAO DE PARATHION METHYL, 1.000 MICROGRAMA/ML"
"11700","PADRAO ANALITICO PADRAO DE PICLORAM EM SOLVENTE ORGâNICO"
"11701","PADRAO ANALITICO PADRAO DE PROFENOFOS, 1.000 MICROGRAMA/ML"
"11702","PADRAO ANALITICO PADRAO DE PROPANIL (S-3155)"
"11703","PADRAO ANALITICO PADRAO DE PROPARGITO EM SOLVENTE ORGÅNICO"
"11704","PADRAO ANALITICO PADRAO DE PROTIOCONAZOL EM SOLVENTE ORGâNICO"
"11705","PADRAO ANALITICO PADRAO DE SIMAZINE, 1.000 MICROGRAMA/ML"
"11706","PADRAO ANALITICO PADRAO DE TERBUFOS, 1.000 MICROGRAMA/ML"
"11707","PADRAO ANALITICO PADRAO DE TIAMETOXAM EM SOLVENTE ORGÅNICO"
"11708","PADRAO ANALITICO PADRAO DE TRIFLURALIN, 1.000 MICROGRAMA/ML"
"11709","PADRAO ANALITICO SOLUCAO-PADRAO PARA ICP-OES MULTIELEMENTAR"
"11710","PADRAO CJ DE PADROES DE FORMAZINA P/CALIBRACAO TURBIDIMETRO HACH"
"11711","PADRAO DE GLICOSE PADRAO ANALITICO DE DEXTROSE OU D(+)GLICOSE"
"11712","PADRAO PADRAO 0,5 MCFARLAND,(P/TESTE DE SENSIBILIDADE (D)"
"11713","PADRAO PADRAO 1 MCFARLAND (P/TESTE SENS.ANTIMICROBIANOS(D)"
"11714","PARAFINA PARA LABORATORIO PARAFINA SOLIDA"
"11715","P-DIMETILAMINOBENZALDEIDO P-DIMETILAMINOBENZALDEIDO P.A. FRASCO DE 25G."
"11716","PERMANGANATO PERMANGANATO DE POTASSIO, GRAU ACS"
"11717","PEROXIDO DE HIDROGENIO, 30% P.A 1000ML"
"11718","PERSULFATO PERSULFATO DE POTASSIO P.A.GRAU ACS(PEROXIDISUL)CAS7727-2"
"11719","PIRUVATO PIRUVATO DE SODIO ANIDRO P.A."
"11720","PLACA CROMATOGRAFICA DE SíLICA-GEL GF254 EM CAMADA DELGADA DE 10 X 20 CM."
"11721","PLACA CROMATOGRAFICA PLACA CROMOTOGRAFICA DE SILICA GEL 60 F254/20 X 20CM CX"
"11722",""
"11723","C/20"
"11724","PLASMA COAGULASE PLASMA DE COELHO LIOFILIZADO. FRASCO COM 1ML"
"11725","PRODUTOS QUIMICOS E BIOLOGICOS ENTELLAN"
"11726","PRODUTOS QUIMICOS E BIOLOGICOS FORMALINA TAMPONADA"
"11727","PRODUTOS QUIMICOS E BIOLOGICOS PARAFINA HISTOLOGICA"
"11728","PURPURA PURPURA DE BROMOCRESOL. FRASCO DE 25G."
"11729","REAGENTE PARA ANALISE LABORATORIAL 2-MERCAPTOETANOL, LIVRE DE DNASE E RNASE"
"11730","REAGENTE PARA ANALISE LABORATORIAL CONJUNTO IMUNOENZIMáTICO IGG ANTI-BRUCELLA"
"11731","REAGENTE PARA ANALISE LABORATORIAL CONJUNTO IMUNOENZIMáTICO IGM ANTI-BRUCELLA"
"11732","REAGENTE PARA ANALISE LABORATORIAL KIT DE BIO MOLECULAR P/ DETECCAO DE 20"
"11733",""
"11734","ESPECIES MT E 19 MNT"
"11735","REAGENTE PARA ANALISE LABORATORIAL KIT DE EXTRAÇÃO DE RNA VIRAL, KIT PARA 250"
"11736",""
"11737","REACÏES."
"11738","REAGENTE PARA ANALISE LABORATORIAL KIT ENSAIO DE SONDA EM LINHA (LPA)"
"11739",""
"11740","ETAMB./FLUORQ/AMINO."
"11741","REAGENTE PARA ANALISE LABORATORIAL KIT ENSAIO DE SONDA EM LINHA (LPA)"
"11742",""
"11743","RIFAMP./ISONIAZ."
"11744","REAGENTE PARA ANALISE LABORATORIAL KIT EXTRACAO RAPIDA,FACIL DE DNA BACTERIANO"
"11745",""
"11746","PARA USO EM LPA"
"11747","REAGENTE PARA ANALISE LABORATORIAL KIT PURIFICAÇÃO, RNA TOTAL, DE CÔLULAS E"
"11748",""
"11749","TECIDOS ANIMAIS"
"11750","REAGENTE PARA ANALISE LABORATORIAL LOADING DYE 6X PARA ELETROFORESE"
"11751","REAGENTE PARA ANALISE LABORATORIAL MISTURA DE DNTPS (DATP, DCTP, DGTP E DTTP)"
"11752","REAGENTE PARA ANALISE LABORATORIAL PRIMER RANDÔMICO"
"11753","REAGENTE PARA ANALISE LABORATORIAL REAGENTE P/ANALISE SUPERSCRIPT III ONE-STEP"
"11754",""
"11755","QRT-PCR(D)"
"11756","REAGENTE PARA ANALISE LABORATORIAL REAGENTE PCR-96M2-HS-C-PLACAS 96"
"11757",""
"11758","ORIF.COMP./APPLIED 7500(D)"
"11759","REAGENTE PARA ANALISE LABORATORIAL SONDA MHV - S"
"11760","REAGENTE PARA ANALISE LABORATORIAL TAQMAN FAST VIRUS 1-STEP MASTER MIX."
"11761","REATIVO REATIVO DE KOVACS"
"11762","SANGUE DESFIBRINADO SANGUE DESFIBRINADO DE CARNEIRO. ENTREGA SEMANAL EM FR."
"11763",""
"11764","50ML"
"11765","SISTEMA DE GERACAO ANAEROBIOSE - USO EM JARRA DE 2,5 LITROS"
"11766","SISTEMA DE GERACAO DE MICROAEROFILIA P/USO EM JARRA 2,5 L"
"11767","SODA CAUSTICA EM ESCAMAS, POTE COM 01 KG"
"11768","SOLUCAO PADRAO SOLUCAO HIDROALCOOLICA DE GUAIACOL A 1% (V/V)."
"11769","SOLUCAO PADRAO DE FLUORETO 0,5 MG/L"
"11770","SOLUCAO PADRAO DE FLUORETO DE 2,0 MG/L"
"11771","SOLUCAO PADRAO FLUORETO DE 1,0 MG/L. FRASCO COM 500ML"
"11772","SOLUCAO PARA FERIDAS,COMP. DE POLIHEXANIDA E BETAINA 350ML"
"11773","SOLUCAO TAMPAO  TAMPAO DE CORRIDA (GEL DE AGAROSE OU ACRILAMIDA)"
"11774","SORO CONTR.POSITIVO/ASPERGILLUS ID(A.FUGIMATUS,A.FLA.,A T"
"11775","SORO CONTROLE POSITIVO P/PARACOCCIDIOIDES BRASILIENSIS ID"
"11776","SORO CONTROLE POSITIVO PARA ASPERGILLUS FUMIGATUS ID"
"11777","SORO CONTROLE POSITIVO PARA HISTOPLASMA CAPSULATUM ID"
"11778","SORO DE CAVALO, ESTERIL"
"11779","SUBSTRATO ENZIMATICO SUBSTRATO ENZIMATICO ONPG/MUG P/DETECCAO COLIFORMES"
"11780",""
"11781","TOTAI"
"11782","SULFANILAMIDA SULFANILAMIDA, P.A., PUREZA MíNIMA >99,0% SUBSTâNCIA SECA"
"11783","SULFATO DE COBRE PENTAHIDRATADO P.A. GRAU ACS (DETALHADA)"
"11784","SULFATO DE POTASSIO ANIDRO P.A. GRAU ACS (DETALHADA)"
"11785","SULFATO FERROSO AMONIACAL HEXAHIDRATADO, CAS 7783-85-9(DE"
"11786","SULFATO TIOSSULFATO SODIO PENTAHIDRATADO, PUREZA (D)"
"11787","SUPLEMENTO SELETIVO P/CLOSTRIDIUM PERFRING.D-CICLOSERINA 200 MG"
"11788","SUPLEMENTO SELETIVO P/CALDO DE ENRIQUEC.DE CAMPYLOBACTER(BOLT"
"11789","SUPLEMENTO SELETIVO I P/ALOA LISTERA:SUKF.POLIM.B,38350UI"
"11790","SUPLEMENTO SELETIVO PARA AGAR OXFORD"
"11791","SUPLEMENTO SELETIVO /BACILUS CEREUS. SULF.DE POLI.B-50.000 UI"
"11792","SUPLEMENTO SELETIVO /CALDO DE ENRIQUEC.TAMPON./LISTERIA(BL"
"11793","SUPLEMENTO SUPLEMENTO DE ENRIQUECIMENTO I P/ALOA LISTERIA"
"11794","SUPLEMENTO SUPLEMENTO VCNT, CAIXA COM 10 FRASCOS"
"11795","SUPLEMENTO SUPLEMENTO VX,CX C/5 FRASCOS C/SUPL.LIOFILIZADO E 5SOL.DI"
"11796","TAMPAO SOLUCAO TAMPAO PH 9,0 P/CALIBRACAO DE PHMETRO,C/CERT."
"11797","TAMPAO TAMPAO TBE 10X"
"11798","TARTARATO TARTARATO DE SODIO E POTASSIO P.A."
"11799","TELURITO TELURITO DE POTASSIO P.A."
"11800","TESTE AUTOMATIZADO PARA TUBERCULOSE KIT DE SUPLEMENTO PARA ENRIQUECIMENTO DE"
"11801",""
"11802","MICOBACTÔRIAS"
"11803","TESTE AUTOMATIZADO PARA TUBERCULOSE KIT DE TESTE AUTOMATIZADO PARA CULTURA DE"
"11804",""
"11805","MICOBACTÔRIAS"
"11806","TESTE AUTOMATIZADO PARA TUBERCULOSE KIT PARA TESTE DE SENSIBILIDADE ANTI-"
"11807",""
"11808","MICOBACTERIANA"
"11809","TIOGLICOLATO CLORANFENICOL"
"11810","TIOGLICOLATO DE SODIO"
"11811","TIOSSULFATO DE SODIO P.A."
"11812","TRIETILAMINA TRIETILAMINA, CAS 121-44-8 PUREZA MINIMA 99.5% (DET)"
"11813","TRIS TAMPAO TE (TRIS - EDTA)"
"11814","TWEEN 80 OU (POLISORBATO 80)"
"11815","UREIA PARA LABORATORIO UREIA P.A. FRASCO DE 100G."
"11816","VASELINA LIQUIDA"
"11817","VERDE DE BROMOCRESOL P.A."
"11818","VERMELHO DE ALIZARINA EM FRASCO"
"11819","VERMELHO DE FENOL P.A. GRAU ACS, CAS 143-74-8"
"11820","VERMELHO DE METILA P.A."
"11821","VIOLETA CRISTAL P.A. FRASCO DE 25G."
"11822","XILOL (OU XILENO)"
"11823",""
"11824","AGASALHO DE GUARDA VIDA CIVIL TAMANHO M"
"11825","ANTENA PARA VOLEI DE FIBRA DE VIDRO, OFICIAL"
"11826","BOLA DE BOCHA JOGO,MODELO OFICIAL,FAB.ITALIANA,IMP."
"11827","BOLA DE FUTSAL"
"11828","BOLA DE GOALBALL COM GUISO"
"11829","BOLA DE PUNHOBOL MODELO OFICIAL"
"11830","BOLA DE PUNHOBOL OFICIAL, PARA DIAS DE CHUVA."
"11831","BOLA DE TENIS DE CAMPO (QUADRA),OFICIAL, ESTOJO COM 3 UNIDADES"
"11832","BOLA P/FUTEBOL DE CAMPO OFICIAL"
"11833","BOLA PARA BASQUETEBOL OFICIAL, TAMANHO MASCULINO"
"11834","BOLA PARA BASQUETEBOL OFICIAL,TAMANHO FEMININO"
"11835","BOLA PARA FUTEBOL DE SALAO OFICIAL, COM DE PESO DE 410 A 440 GRAMAS"
"11836","BOLA PARA HANDEBOL CATEGORIA H1L"
"11837","BOLA PARA HANDEBOL CATEGORIA H2L"
"11838","BOLA PARA HANDEBOL MASCULINO,CATEGORIA H3L"
"11839","BOLA PARA TENIS DE MESA OFICIAL NA COR BRANCA"
"11840","BOLA PARA VOLEI DE PRAIA MODELO OFICIAL"
"11841","BOLA PARA VOLEIBOL OFICIAL"
"11842","BOLIM DE ACO OFICIAL"
"11843","BOMBA DE INFLAR BOLAS, DUPLA ACAO COM AGULHA SOBRESSALENTE EM MANOPLA"
"11844","CALIBRADOR DE BOLAS DIGITAL"
"11845","CONJUNTO  PARA  PRATICA  DESPORTIVA CONJUNTO DE SUPORTE E REDE PARA TENIS DE MESA"
"11846","COQUILHA DE PROTECAO PARA JOGADORES"
"11847","DARDO OFICIAL FEMININO"
"11848","DARDO OFICIAL MASCULINO"
"11849","FITA DEMARCATORIA PARA VOLEI DE PRAIA EM NYLON"
"11850","JOGO  DE TABULEIRO JOGOS DE PECAS DE XADREZ"
"11851","JOGO DE BARALHO PARA TRUCO, TIPO ESPANHOL"
"11852","JOGO DE BOCHA COM 12 BOLAS, CANCHA DE AREIA E CARPET (AMERICANA)"
"11853","JOGO DE BOCHA, KIT DE BOCHA PARAOLIMPICO"
"11854","JOGO DE CARTAS DE BARALHO (CANASTRA)"
"11855","JOGO DE DOMINO OFICIAL"
"11856","MARTELO OFICIAL PARA LANCAMENTO FEMININO 3KG"
"11857","MARTELO OFICIAL PARA LANCAMENTO FEMININO,DE 5KG EM BRONZE,DIAM.DE CABECA DE 100A 120MM"
"11858","MARTELO OFICIAL PARA LANCAMENTO MASCULINO 6KG"
"11859","MATERIAIS E COMPONENTES PARA PRATICA DESPORTIVAS CRONOMETRO DIGITAL"
"11860","MATERIAIS E COMPONENTES PARA PRATICA DESPORTIVAS PECA DE REPOSICAO EMANUTENCAO PARA BICICLETA"
"11861","PESO PARA ARREMESSO COM 1KG"
"11862","PESO PARA ARREMESSO COM 2 KG"
"11863","PETECA PARA BADMINTON"
"11864","PLACAR ELETRONICO PARA GINASIO"
"11865","PLACAR MANUAL DE MESA PARA MODALIDADES"
"11866","REDE DE BASQUETEBOL OFICIAL"
"11867","REDE DE BASQUETEBOL OFICIAL PARA ARO DE BASQUETE ALTURA 40 CM C12 ALCAS P/FIXA."
"11868","REDE OFICIAL PARA BADMINTON"
"11869","REDE PARA FUTEBOL DE CAMPO OFICIAL"
"11870","REDE PARA HANDEBOL"
"11871","REDE PARA PUNHOBOL"
"11872","REDE PARA VOLEIBOL OFICIAL"
"11873","REDE PARA VOLEIBOL REDE DE VOLEI DE PRAIA OFICIAL"
"11874","RELOGIO PARA UTILIZACAO NA MODALIDADE ESPORTIVA DE BOLAO 16 E 23"
"11875","RELOGIO DUPLO PARA JOGO DE XADREZ"
"11876","TOUCA PARA PRATICA DESPORTIVA PARA NATACAO"
"11877",""
"11878","ADESIVO SILICONE EMBALAGEM 300G"
"11879","ADESIVOS EM PVC"
"11880","ADESIVOS PARA CANO TIPO COLA"
"11881","ADESIVOS TERMO ADESIVO"
"11882","ANEL DE VEDACAO DE BORRACHA, 100 MM"
"11883","ANEL DE VEDACAO PARA VASO SANITARIO"
"11884","COLA ADESIVO CONTATO 750 GRAMAS"
"11885","COLA CARBOXI-METIL"
"11886","COLA CASCOLA LATA 3.6 ML"
"11887","COLA CASCOREZ LATA COM 1 KG"
"11888","COLA LIQUIDA"
"11889","COLA PERMANENTE P/BERCO TERMICO DE SERIGRAFIA"
"11890","COLA DE CONTATO"
"11891","COLA DUREPOX"
"11892","COLA FORMICA COM 3,6 LITROS"
"11893","COLA PARA MADEIRA A BASE DE PVA"
"11894","COLA PLASTICA PARA PVC"
"11895","COLA SUPER COLA INSTANTANEA"
"11896","COLA TIPO SUPER BONDER"
"11897","FITA VEDA ROSCA PARA VEDACAO"
"11898","VEDANTE PARA TORNEIRA (HIDRAULICO-SANITARIO)"
"11899","VEDANTE PARA TORNEIRA 3/4 (HIDRAULICO-SANITARIO)"
"11900",""
"11901","ADESIVO INDICATIVO EM VINIL"
"11902","BANNER DE LONA"
"11903","CAMERA DE SEGURANCA BRAÇO"
"11904","CAMERA DE VIGILANCIA CAMERA 2 MEGAPIXELS COM ALPR EMBARCADO   BAIXA VELOCIDADE"
"11905","CAMERA DE VIGILANCIA CAMERA 2 MEGAPIXELS COM ALPR EMBARCADO   MEDIA VELOCIDADE"
"11906","CAMERA DE VIGILANCIA CAMERA BULLET 4K COM IR"
"11907","CAMERA DE VIGILANCIA CAMERA DOME PANORAMICA FISHEYE 12 MEGAPIXELS COM IR"
"11908","CAMERA DE VIGILANCIA CAMERA PTZ 2.0 MEGAPIXELS 30X COM CUPULA EM ACRILICO"
"11909","CAMERA DE VIGILANCIA CAMERA PTZ 2.0 MEGAPIXELS 45X COM IR"
"11910","CAMERA DE VIGILANCIA CAMERA PTZ 4K 36X COM IR"
"11911","FITA PARA ISOLAMENTO DE AREA PARA SINALIZACAO, ZEBRADA, MED. 7,5CM X 20M (EM ROLO)"
"11912","PLACA DE IDENTIFICACAO DE SALAS"
"11913","PLACA DE IDENTIFICACAO EM ALUMINIO"
"11914","PLACA DE SINALIZACAO COM DESCRICAO ""SAIDA"""
"11915","PLACA DE SINALIZACAO CUIDADO PISO MOLHADO"
"11916","SENSOR DE PRESENÇA PARA ILUMINAÇÃO"
"11917","SENSOR DE PRESENÇA SENSOR DE PRESENCA"
"11918","SISTEMA DE SEGURANCA DE CONTROLE DE ACESSO POR CARTAO DE CODIGO DE BARRAS"
"11919","TOTEM INTERNO"
"11920",""
"11921","BARREIRA DE ACO ZINCADO DESMONTAVEL COM CONTRA PESO"
"11922","CALCADO DE PROTECAO PARA USO PROFISSIONAL TIPO BOTINA"
"11923","CAPACETE DE FIBRA - RESTRITO - MATERIAL CONSUMO PARA SALVAMENTO EM ALTURA"
"11924","CAPACETE DE PROTECAO NA COR BRANCA (TIPO CONSTRUÇÃO CIVIL)"
"11925","CONJUNTO DE EQUIPAMENTO DE PROTECAO INDIVIDUAL UNIFORME RETARDANTE CHAMAS"
"11926","DESENCARCERADOR FERRAMENTA DE CORTE A BATERIA"
"11927","EQUIPAMENTO AUTONOMO DE RESPIRACAO C/ PECA FACIAL, CILINDRO E MANGUEIRAS DECONEXAO"
"11928","EQUIPAMENTOS E MATERIAIS PARA TECNICA VERTICAL CADEIRINHA P/PRATICA DEATIVIDADES VERTICAIS,EM CORDA"
"11929","EQUIPAMENTOS E MATERIAIS PARA TECNICA VERTICAL MALHA RAPIDA"
"11930","LUVA DE SEGURANCA EM NITRILICA, TAM P"
"11931","LUVA DE SEGURANCA EM NITRILICA, TAMANHO G"
"11932","LUVA DE SEGURANCA EM NITRILICA, TAMANHO M"
"11933","LUVA DE SEGURANCA EM NYLON"
"11934","LUVA DE SEGURANCA LUVA DE MALHA C/PIGMENTOS PARA AS MAOS"
"11935","LUVA DE SEGURANCA LUVA DE SEGURANÇA BORRACHA NATURAL (LATEX),TAM. EXTRAGRANDE"
"11936","LUVA DE SEGURANCA LUVA DE SEGURANÇA BORRACHA NATURAL (LATEX),TAM. PEQUENO"
"11937","LUVA DE SEGURANCA LUVA DE SEGURANÇA EM BORRACHA NATURAL (LATEX),TAMANHOGRANDE"
"11938","LUVA DE SEGURANCA LUVA DE SEGURANÇA EM BORRACHA NATURAL (LATEX),TAMANHOMEDIO"
"11939","MACA ENVELOPE PARA RESGATE"
"11940","MANGUEIRA PARA COMBATE A INCENDIO COM ENGATE RAPIDO 20 METROS X 2 1/2"""
"11941","MANGUEIRA PARA COMBATE A INCENDIO COM ENGATE RAPIDO 30 METROS X 1.1/2"""
"11942","MASCARA PROTETORA CIRURGICA, DESCARTAVEL COM ELASTICO"
"11943","MASCARA PROTETORA COM CARVAO ATIVADO"
"11944","NADADEIRA DE BORRACHA (PE DE PATO) PE DE PATO"
"11945","OCULOS DE SEGURANCA ANTIRISCO"
"11946","OCULOS DE SEGURANCA EM PLASTICO TRANSPARENTE, COM ALETAS LATERAIS"
"11947","PRANCHA PARA RESGATE PRANCHA DE SALVAMENTO AQUATICO TIPO SLED"
"11948","PROTETOR DE CANELA (PERNEIRA) EM PAR"
"11949","PROTETOR FACIAL DE SEGURANÇA"
"11950","RESPIRADOR SEMIFACIAL, REUTILIZAVEL"
"11951",""
"11952","COMPACTADOR (EQUIPAMENTO) PESO OPERACIONAL MINIMO 11000 KG"
"11953","ENXADA ROTATIVA PARA TARTOR AGRICOLA"
"11954","ESCAVADEIRA HIDRAULICA, PESO OPERACIONAL MINIMO 12500KG"
"11955","GRADE NIVELADORA PARA TRATOR AGRICOLA"
"11956","MAQUINA RETROESCAVADEIRA PARA TERRAPLANAGEM"
"11957","MOTONIVELADORA ARTICULADA"
"11958","PA CARREGADEIRA MAQUINA PA CARREGADEIRA"
"11959","PERFURADOR DE SOLO EQUIPAMENTO DE PERFURACAO"
"11960","TRATOR AGRICOLA COM TRACAO 4 X 4"
"11961",""
"11962","APARELHO TELEFONICO DE MESA"
"11963","APARELHO TELEFONICO IP BASICO"
"11964","APARELHO TELEFONICO COM FIO"
"11965","APARELHO TELEFONICO TELEFONE IP"
"11966",""
"11967","BUCHA DE REDUCAO EM PVC"
"11968","BUCHA DE REDUCAO EM PVC - 3/4 X 1/2"
"11969","BUCHA DE REDUCAO PARA ESGOTO SOLDAVEL 100 X 75MM"
"11970","CANO SOLDAVEL PVC ESGOTO 100MM COM 6M"
"11971","CONEXAO DE PLASTICO PARA INSTALACOES HIDRAULICAS-SANITARIAS ADAPTADOR SOLDAVEL"
"11972","CONEXAO DE PLASTICO PARA INSTALACOES HIDRAULICAS-SANITARIAS ADAPTADOR SOLDAVELCURTO 25MM X 3/4"
"11973","CONEXAO DE PLASTICO PARA INSTALACOES HIDRAULICAS-SANITARIAS ADAPTADOR SOLDAVELEM PVC COM BOLSA E ROSCA 25X1/2"
"11974","CONEXAO DE PLASTICO PARA INSTALACOES HIDRAULICAS-SANITARIAS ANEL DE VEDACAOESGOTO"
"11975","CONEXAO DE PLASTICO PARA INSTALACOES HIDRAULICAS-SANITARIAS BUCHA DE REDUCAOSOLDAVEL CURTA 32X25MM"
"11976","CONEXAO DE PLASTICO PARA INSTALACOES HIDRAULICAS-SANITARIAS CURVA 100 MM"
"11977","CONEXAO DE PLASTICO PARA INSTALACOES HIDRAULICAS-SANITARIAS CURVA EM PVC 25MM"
"11978","CONEXAO DE PLASTICO PARA INSTALACOES HIDRAULICAS-SANITARIAS CURVA LONGA,MEDINDO 40 MM"
"11979","CONEXAO DE PLASTICO PARA INSTALACOES HIDRAULICAS-SANITARIAS CURVA PVC 20 MM X 45"
"11980",""
"11981","GRAUS SOLDAVEL"
"11982","CONEXAO DE PLASTICO PARA INSTALACOES HIDRAULICAS-SANITARIAS CURVA PVC 32 MM X 45"
"11983",""
"11984","GRAUS SOLDAVEL"
"11985","CONEXAO DE PLASTICO PARA INSTALACOES HIDRAULICAS-SANITARIAS CURVA PVC DE 50MM"
"11986","CONEXAO DE PLASTICO PARA INSTALACOES HIDRAULICAS-SANITARIAS CURVA PVC DE 75MM"
"11987",""
"11988","P/ESGOTO"
"11989","CONEXAO DE PLASTICO PARA INSTALACOES HIDRAULICAS-SANITARIAS JOELHO 100MM ESGOTO"
"11990",""
"11991","45D"
"11992","CONEXAO DE PLASTICO PARA INSTALACOES HIDRAULICAS-SANITARIAS JOELHO 25 SOLDAVEL"
"11993","CONEXAO DE PLASTICO PARA INSTALACOES HIDRAULICAS-SANITARIAS JOELHO 45 PARA"
"11994",""
"11995","ESGOTO 40MM"
"11996","CONEXAO DE PLASTICO PARA INSTALACOES HIDRAULICAS-SANITARIAS JOELHO 90 EM PVC"
"11997",""
"11998","SOLDAVEL 25 MM"
"11999","CONEXAO DE PLASTICO PARA INSTALACOES HIDRAULICAS-SANITARIAS JOELHO 90 GRAUS E"
"12000",""
"12001","ROSCA 25MM X  1/2"
"12002","CONEXAO DE PLASTICO PARA INSTALACOES HIDRAULICAS-SANITARIAS JOELHO 90 GRAUS PVC"
"12003",""
"12004","SOLD 20MM"
"12005","CONEXAO DE PLASTICO PARA INSTALACOES HIDRAULICAS-SANITARIAS JOELHO 90 GRAUS PVC"
"12006",""
"12007","SOLD 32MM"
"12008","CONEXAO DE PLASTICO PARA INSTALACOES HIDRAULICAS-SANITARIAS JOELHO 90 GRAUS"
"12009",""
"12010","ROSCAVEL 3/4"
"12011","CONEXAO DE PLASTICO PARA INSTALACOES HIDRAULICAS-SANITARIAS JOELHO DE 100"
"12012","CONEXAO DE PLASTICO PARA INSTALACOES HIDRAULICAS-SANITARIAS JOELHO DE PVC"
"12013",""
"12014","SOLDAVEL,90 GRAUS,75MM"
"12015","CONEXAO DE PLASTICO PARA INSTALACOES HIDRAULICAS-SANITARIAS JOELHO EM PVC 90"
"12016",""
"12017","GRAUS 50MM P/ESGOTO"
"12018","CONEXAO DE PLASTICO PARA INSTALACOES HIDRAULICAS-SANITARIAS JOELHO EM PVC"
"12019",""
"12020","90,SOLDAVEL, 25 X 1/2 AZUL"
"12021","CONEXAO DE PLASTICO PARA INSTALACOES HIDRAULICAS-SANITARIAS JOELHO EM PVC"
"12022",""
"12023","SOLDAVEL 25MM X 3/4"""
"12024","CONEXAO DE PLASTICO PARA INSTALACOES HIDRAULICAS-SANITARIAS JOELHO EM PVC"
"12025",""
"12026","SOLDAVEL 25MM, 90 GRAUS"
"12027","CONEXAO DE PLASTICO PARA INSTALACOES HIDRAULICAS-SANITARIAS JOELHO EM PVC"
"12028",""
"12029","SOLDAVEL 40MM"
"12030","CONEXAO DE PLASTICO PARA INSTALACOES HIDRAULICAS-SANITARIAS JOELHO ESGOTO EM"
"12031",""
"12032","PVC, 90 GRAUS, 40MM"
"12033","CONEXAO DE PLASTICO PARA INSTALACOES HIDRAULICAS-SANITARIAS LUVA"
"12034",""
"12035","AZUL,MED.25X1/2"""
"12036","CONEXAO DE PLASTICO PARA INSTALACOES HIDRAULICAS-SANITARIAS LUVA EM PVC DE"
"12037",""
"12038","CORRER 20MM"
"12039","CONEXAO DE PLASTICO PARA INSTALACOES HIDRAULICAS-SANITARIAS LUVA EM PVC"
"12040",""
"12041","SOLDAVEL 25MM"
"12042","CONEXAO DE PLASTICO PARA INSTALACOES HIDRAULICAS-SANITARIAS LUVA EM PVC"
"12043",""
"12044","SOLDAVEL 32MM"
"12045","CONEXAO DE PLASTICO PARA INSTALACOES HIDRAULICAS-SANITARIAS LUVA EM PVC, CORRER,"
"12046",""
"12047","25MM"
"12048","CONEXAO DE PLASTICO PARA INSTALACOES HIDRAULICAS-SANITARIAS LUVA EM PVC, CORRER,"
"12049",""
"12050","32MM"
"12051","CONEXAO DE PLASTICO PARA INSTALACOES HIDRAULICAS-SANITARIAS LUVA EM PVC, ESGOTO"
"12052",""
"12053","40MM"
"12054","CONEXAO DE PLASTICO PARA INSTALACOES HIDRAULICAS-SANITARIAS LUVA EM PVC, ESGOTO,"
"12055",""
"12056","50MM"
"12057","CONEXAO DE PLASTICO PARA INSTALACOES HIDRAULICAS-SANITARIAS LUVA PVC"
"12058","CONEXAO DE PLASTICO PARA INSTALACOES HIDRAULICAS-SANITARIAS LUVA PVC"
"12059",""
"12060","SOLDA/ROSCA 25MM X 1/2"
"12061","CONEXAO DE PLASTICO PARA INSTALACOES HIDRAULICAS-SANITARIAS LUVA PVC"
"12062",""
"12063","SOLDA/ROSCA 25MM X 3/4"
"12064","CONEXAO DE PLASTICO PARA INSTALACOES HIDRAULICAS-SANITARIAS LUVA PVC, ESGOTO,"
"12065",""
"12066","100MM"
"12067","CONEXAO DE PLASTICO PARA INSTALACOES HIDRAULICAS-SANITARIAS LUVA REDUCAO PVC"
"12068",""
"12069","SOLDAVEL 50/25 MM"
"12070","CONEXAO DE PLASTICO PARA INSTALACOES HIDRAULICAS-SANITARIAS LUVA SOLDA/ROSCA EM"
"12071",""
"12072","PVC DE 20MM X 3/4"
"12073","CONEXAO DE PLASTICO PARA INSTALACOES HIDRAULICAS-SANITARIAS LUVA SOLDAVEL"
"12074","CONEXAO DE PLASTICO PARA INSTALACOES HIDRAULICAS-SANITARIAS REDUCAO DE 50X40MM"
"12075",""
"12076","P/ESGOTO"
"12077","CONEXAO DE PLASTICO PARA INSTALACOES HIDRAULICAS-SANITARIAS REGISTRO DE 25 MM,"
"12078",""
"12079","SOLDAVEL"
"12080","CONEXAO DE PLASTICO PARA INSTALACOES HIDRAULICAS-SANITARIAS REGISTRO ESFERA"
"12081",""
"12082","SOLDAVEL 20MM"
"12083","CONEXAO DE PLASTICO PARA INSTALACOES HIDRAULICAS-SANITARIAS REGISTRO ESFERA"
"12084",""
"12085","SOLDAVEL 25MM"
"12086","CONEXAO DE PLASTICO PARA INSTALACOES HIDRAULICAS-SANITARIAS REGISTRO SOLDAVEL"
"12087",""
"12088","50MM"
"12089","CONEXAO DE PLASTICO PARA INSTALACOES HIDRAULICAS-SANITARIAS TAMPAO EM PVC DE"
"12090",""
"12091","20MM"
"12092","CONEXAO DE PLASTICO PARA INSTALACOES HIDRAULICAS-SANITARIAS TAMPAO EM PVC DE"
"12093",""
"12094","25MM"
"12095","CONEXAO DE PLASTICO PARA INSTALACOES HIDRAULICAS-SANITARIAS TAMPAO EM PVC DE"
"12096",""
"12097","32MM"
"12098","CONEXAO DE PLASTICO PARA INSTALACOES HIDRAULICAS-SANITARIAS TAMPAO EM PVC DE"
"12099",""
"12100","ESGOTO DE 100MM"
"12101","CONEXAO DE PLASTICO PARA INSTALACOES HIDRAULICAS-SANITARIAS TAMPAO EM PVC DE"
"12102",""
"12103","ESGOTO DE 40MM"
"12104","CONEXAO DE PLASTICO PARA INSTALACOES HIDRAULICAS-SANITARIAS TAMPAO SOLDAVEL PVC"
"12105",""
"12106","25MM"
"12107","CONEXAO DE PLASTICO PARA INSTALACOES HIDRAULICAS-SANITARIAS TE EM PVC, ESGOTO,"
"12108",""
"12109","40MM"
"12110","CONEXAO DE PLASTICO PARA INSTALACOES HIDRAULICAS-SANITARIAS TE EM PVC, ESGOTO, 50"
"12111",""
"12112","MM"
"12113","CONEXAO DE PLASTICO PARA INSTALACOES HIDRAULICAS-SANITARIAS TE,PVC SOLD.25 MM"
"12114","CONEXAO DE PLASTICO PARA INSTALACOES HIDRAULICAS-SANITARIAS TEE 32MM SOLDAVEL"
"12115","CONEXAO DE PLASTICO PARA INSTALACOES HIDRAULICAS-SANITARIAS TEE 50MM PVC"
"12116",""
"12117","SOLDAVEL"
"12118","CONEXAO DE PLASTICO PARA INSTALACOES HIDRAULICAS-SANITARIAS TEE 90, SOLDAVEL 25"
"12119",""
"12120","SEM ROSCA."
"12121","CONEXAO DE PLASTICO PARA INSTALACOES HIDRAULICAS-SANITARIAS TEE DE 100MM"
"12122","CONEXAO DE PLASTICO PARA INSTALACOES HIDRAULICAS-SANITARIAS TEE EM PVC 40MM"
"12123","CONEXAO DE PLASTICO PARA INSTALACOES HIDRAULICAS-SANITARIAS TEE EM PVC SOLDAVEL"
"12124",""
"12125","DE 20MM"
"12126","CONEXAO DE PLASTICO PARA INSTALACOES HIDRAULICAS-SANITARIAS TEE EM PVC SOLDAVEL"
"12127",""
"12128","DE 25MM"
"12129","CONEXAO DE PLASTICO PARA INSTALACOES HIDRAULICAS-SANITARIAS TEE EM PVC"
"12130",""
"12131","SOLDAVEL/ROSCA DE 20X1,2"
"12132","CONEXAO DE PLASTICO PARA INSTALACOES HIDRAULICAS-SANITARIAS TEE EM PVC"
"12133",""
"12134","SOLDAVEL/ROSCA DE 20X3/4"
"12135","CONEXAO DE PLASTICO PARA INSTALACOES HIDRAULICAS-SANITARIAS TEE EM PVC"
"12136",""
"12137","SOLDAVEL/ROSCA DE 25X3/4"
"12138","CONEXAO DE PLASTICO PARA INSTALACOES HIDRAULICAS-SANITARIAS TEE SOLD/ROSCA"
"12139",""
"12140","25X1/2"
"12141","MANGUEIRA DE ALTA QUALIDADE"
"12142","MANGUEIRA EM METRO"
"12143","MANGUEIRA PLASTICA PARA JARDIM"
"12144","TUBO METALICO GALVANIZADO"
"12145","TUBO PLASTICO CANO PLASTICO 3/4"
"12146","TUBO PLASTICO CANO PVC 100MM BARRA COM 6 METROS"
"12147","TUBO PLASTICO CANO PVC 40 MM BARRA COM 6 METROS"
"12148","TUBO PLASTICO DE LIGACAO COM ANEL (QUE LIGA O BACIO)"
"12149","TUBO PLASTICO DE PVC, SOLDAVEL, 100 MM, ESGOTO"
"12150","TUBO PLASTICO DE PVC, SOLDAVEL, 50MM, ESGOTO"
"12151","TUBO PLASTICO DE PVC, SOLDAVEL, 75 MM, ESGOTO"
"12152","TUBO PLASTICO DE QUEDA PARA CAIXA DE DESCARGA"
"12153","TUBO PLASTICO LUVA DE CORRER PVC P/ ESGOTO 50MM"
"12154","TUBO PLASTICO TUBO 40MM ESGOTO 6MTS"
"12155","TUBO PLASTICO TUBO PVC, PARA AGUA, 32MM, BARRA DE 6 METROS"
"12156","TUBO PLASTICO TUBO PVC, PARA AGUA, 40MM, BARRA DE 6 METROS"
"12157","TUBO PLASTICO TUBO PVC, PARA ESGOTO, 100MM, BARRA DE 6 METROS"
"12158","TRANSMISSAO E DISTRIBUICAO DE ENERGIA ELETRICA"
"12159","CABO ELETRICO ELETRONICO CAVO FLEXIVEL 750V 2,5MM (METRO)"
"12160","CABO ELETRICO ELETRONICO FLEXIVEL 1,5MM PRETO"
"12161","CABO ELETRICO ELETRONICO FLEXIVEL 2,5 MM VERDE"
"12162","CABO ELETRICO ELETRONICO FLEXIVEL MED. 2,5 MM ( 1 X 2,5 MM)"
"12163","CABO ELETRICO ELETRONICO FLEXIVEL MED. 4,0MM (1 X 4,0 MM)"
"12164","CABO ELETRICO ELETRONICO FLEXIVEL, 2.5MM"
"12165","CABO ELETRICO ELETRONICO FLEXIVEL, 6MM"
"12166","CABO ELETRICO ELETRONICO FLEXIVEL, 750V, 2,5MM AZ"
"12167","CABO ELETRICO ELETRONICO PARA TELEFONE"
"12168","CABO ELETRICO ELETRONICO ROLO"
"12169","CAIXA DE DISTRIBUIÇÃO PARA 12 DISJUNTORES EMBUTIR"
"12170","CAIXA DE SOBREPOR, SISTEMA X 3X3 (75X75X45) NA COR BRANCA"
"12171","CAIXA DISJUNTOS EXTERNA"
"12172","CAIXA PARA LUZ MEDINDO 4 X 2 - PLASTICA"
"12173","CANALETA DUPLA PARA ENERGIA"
"12174","CANALETA EM PVC EM METROS"
"12175","CANALETA PARA FIACAO 20 X 10 X 2000MM, COM DIVISORIA"
"12176","DISJUNTOR CAPACIDADE DE 10 AMPERES"
"12177","DISJUNTOR CAPACIDADE DE 25 AMPERES"
"12178","DISJUNTOR CAPACIDADE DE 40 AMPERES"
"12179","DISJUNTOR MONOFASICO"
"12180","DISJUNTOR MONOFASICO 15 AMPERES"
"12181","DISJUNTOR MONOFASICO 20 AMPERES"
"12182","DISJUNTOR MONOFASICO 25 AMPERES"
"12183","DISJUNTOR MONOFASICO 30 AMPERES"
"12184","DISJUNTOR MONOFASICO 35 AMPERES"
"12185","DISJUNTOR MONOFASICO TQC 010 A"
"12186","DISJUNTOR TRIFASICO 50A"
"12187","ELETRODUTO ELETROCUTO PVC"
"12188","ELETRODUTO/CONEXAO DE PLASTICO PVC RIGIDO 1.1/2"
"12189","FIO ELETRICO DE COBRE FLEXIVEL 2,5MM AMARELO"
"12190","FIO ELETRICO DE COBRE FLEXIVEL 2,5MM AZUL"
"12191","FIO ELETRICO DE COBRE FLEXIVEL 2,5MM PRETO"
"12192","FIO ELETRICO DE COBRE FLEXIVEL 2,5MM VERMELHO"
"12193","FIO ELETRICO DE COBRE FLEXIVEL 2.5MM, PRETO"
"12194","FIO ELETRICO DE COBRE FLEXIVEL CCI 2 PARES"
"12195","FIO ELETRICO DE COBRE FLEXIVEL ESPESSURA DE 6MM"
"12196","FIO ELETRICO DE COBRE FLEXIVEL FIO PARALELO 2X2.5MM BRANCO"
"12197","FIO ELETRICO DE COBRE FLEXIVEL PARALELO 2 X 2,5 MM"
"12198","FIO ELETRICO DE COBRE FLEXIVEL PARALELO,4,0 MM"
"12199","FIO ELETRICO DE COBRE FLEXIVEL TRANCADO 1,5MM (ROLO DE 100 METROS)"
"12200","FIO ELETRICO DE COBRE FLEXIVEL trançado 1,5mm (rolo de 100 metros)."
"12201","FIO ELETRICO FLEXIVEL, 2,5 MM"
"12202","LUVA PARA CONDULETE 3/4"
"12203","MANGUEIRA CORRUGADA MEDINDO 3/4"""
"12204","PINO UNIVERSAL MACHO"
"12205","QUADRO DE DISTRIBUICAO ELETRICA DE SOBREPOR"
"12206","VESTUARIO, CALCADOS E COMPLEMENTOS"
"12207","ALAMAR PARA ALUNO OFICIAL AZUL FERRETE PMSC"
"12208","ALAMAR PARA TUNICA PARA ALUNO OFICIAL COR AZUL ESCURO,MODELO PMSC"
"12209","AVENTAL DE PLASTICO AVENTAL DE PLASTICO BRANCO EM PVC"
"12210","AVENTAL IMPERMEAVEL EM PVC"
"12211","BARRETINA COM PENACHO"
"12212","BERMUDA OPERACIONAL PMSC - TAMANHO DIVERSOS"
"12213","BLUSA DE LA COR BEGE MANGA LONGA MODELO MASCULINO PMSC TAMANHO G"
"12214","BLUSA TAMANHO DIVERSOS"
"12215","BOINA EM FELTRO MARROM (CANIL) MODELO PMSC"
"12216","BOTINA DE COURO VULACANIZADA,C/ CADARCO,TAMANHO N.39"
"12217","BOTINA DE COURO VULCANIZADA C/CADARCO COR PRETA NUM 40"
"12218","BOTINA DE COURO VULCANIZADA,C/ CADARCO,TAMANHO N.41"
"12219","BOTINA DE COURO VULCANIZADA,C/ CADARCO,TAMANHO N.42"
"12220","CACHECOL DE LA MODELO PMSC COR BEGE"
"12221","CALCA OPERACIONAL EM TECIDO CAMUFLADO (PPT) PMSC CANIL"
"12222","CALCA OPERACIONAL FEMININA"
"12223","CALCA OPERACIONAL MASCULINA"
"12224","CALCA SOCIAL MASCULINA"
"12225","CALCA TAMANHOS DIVERSOS"
"12226","CAMISA CAMISA TIPO COMBAT  SCHIRT SGT/SD CAMULFADA CAQUI"
"12227","CAMISA GOLA POLO, TAMANHOS DIVERSOS"
"12228","CAMISA MANGA CURTA DE POLIAMIDA"
"12229","CAMISA OPERACIONAL MASCULINA"
"12230","CAMISA OPERACIONAL TAMANHOS DIVERSOS"
"12231","CAMISA SOCIAL"
"12232","CAMISA TIPO COMBAT  SCHIRT OFICIAL/ST CAMULFADA CAQUI"
"12233","CAMISETA BRANCA"
"12234","CAMISETA DE MANGA CURTA, TAMANHOS DIVERSOS"
"12235","CAMISETA GOLA POLO, PERSONALIZADA"
"12236","CAMISETA OPERACIONAL CAMUFLADA CANIL"
"12237","CAMISETA TAMANHO DIVERSOS"
"12238","CINTO DE GUARNICAO PELVICO EM COURO PRETO COMPLETO, MODELO PT.100 E 24/7,TAMANHO NÐ 2, PADRAO PMSC"
"12239","CINTO SOCIAL MILITAR"
"12240","COBERTURA BICO DE PATO BRANCA REGUL.(POLICIA RODOV.) MODELO PMSC TAMANHO G"
"12241","COBERTURA BICO DE PATO BRANCA REGUL.(POLICIA RODOV.) MODELO PMSC TAMANHO M"
"12242","COBERTURA BICO DE PATO BRANCA REGUL.(POLICIA RODOV.) MODELO PMSC TAMANHO P"
"12243","COBERTURA OPERACIONAL"
"12244","CONJUNTO TERMICO SEGUNDA PELE, PMSC, TAMANHO G"
"12245","CONJUNTO TERMICO SEGUNDA PELE, PMSC, TAMANHO GG"
"12246","CONJUNTO TERMICO SEGUNDA PELE, PMSC, TAMANHO M"
"12247","CONJUNTO TERMICO SEGUNDA PELE, PMSC, TAMANHO P"
"12248","CONJUNTO TERMICO SEGUNDA PELE, PMSC, TAMANHO XG"
"12249","DISTINTIVO BREVE DO CFS-PMSC"
"12250","DISTINTIVO BREVE DOURADO PARA CAMISA DO CAS PMSC"
"12251","DISTINTIVO BREVE DOURADO PARA CAMISA DO CFO PMSC"
"12252","DISTINTIVO BREVE EM TECIDO"
"12253","DISTINTIVO BREVE EM TECIDO DO CFSD MODELO PMSC"
"12254","DISTINTIVO BREVE PARA CAMISA DO CAO PMSC"
"12255","DISTINTIVO BREVE PARA CAMISA DO CSPM PMSC"
"12256","DISTINTIVO BREVE PARA TUNICA DO CAO - PMSC"
"12257","DISTINTIVO BREVE PARA TUNICA DO CSPM PMSC"
"12258","DISTINTIVO PARA BOINA EM TECIDO PARA CABOS E SOLDADOS (PPT) PMSC"
"12259","DISTINTIVO PARA BOINA EM TECIDO PARA CABOS E SOLDADOS DO BOPE - PMSC"
"12260","DISTINTIVO PARA BOINA EM TECIDO PARA OFICIAIS (PPT) PMSC"
"12261","DISTINTIVO PARA BOINA EM TECIDO PARA SUB TENENTES E SARGENTOS DO BOPE - PMSC"
"12262","DISTINTIVO PARA BOINA EM TECIDO PARA SUBTENENTES E SARGENTOS (PPT) PMSC"
"12263","DISTINTIVO PARA BOINA EM TECIDO PRETO PARA BOINA CB/SD CANIL"
"12264","DISTINTIVO PARA BOINA EM TECIDO PRETO PARA BOINA OFICIAIS CANIL"
"12265","DISTINTIVO PARA BOINA EM TECIDO PRETO PARA BOINA ST/SGT CANIL"
"12266","DISTINTIVO PARA QUEPE DE TECIDO PARA SUB TEN E SGT - MASCULINO - PMSC"
"12267","FIADOR DE ESPADA EM COURO NA COR PRETA COM ALCA"
"12268","FIVELA DE METAL MODELO DOURADA COM PONTEIRA PMSC"
"12269","FIVELA DE METAL MODELO PRATEADA COM PONTEIRA PMSC."
"12270","GRAVATA COR PRETA MODELO FEMININO - PMSC"
"12271","GRAVATA VERTICAL NA COR PRETA"
"12272","INSIGNIA BUCANEIRA DE METAL CROMADO TAMANHO GRANDE"
"12273","INSIGNIA BUCANEIRA DE METAL CROMADO TAMANHO PEQUENO PMSC"
"12274","INSIGNIA BUCANEIRA DE METAL DOURADO TAMANHO GRANDE PMSC"
"12275","INSIGNIA BUCANEIRA DE METAL DOURADO TAMANHO PEQUENO PMSC"
"12276","INSIGNIA DE METAL ESTRELA DOURADA PARA ASPIRANTE OFICIAL PMSC"
"12277","INSIGNIA DE METAL ESTRELA DOURADA PMSC"
"12278","INSIGNIA DE METAL ESTRELA PRATEADA PMSC"
"12279","INSIGNIA DE METAL GRANDE DE SUB-TENENTE PMSC"
"12280","INSIGNIA DE METAL INSIGNIA BIBICO PARA 3 SARGENTO"
"12281","INSIGNIA DE METAL PEQUENA DE 1.SARGENTO PMSC"
"12282","INSIGNIA DE METAL PEQUENA DE 2.SARGENTO PMSC"
"12283","INSIGNIA DE METAL PEQUENA DE 3.SARGENTO PMSC"
"12284","INSIGNIA DE METAL PEQUENA DE ASPIRANTE OFICIAL PMSC"
"12285","INSIGNIA DE METAL PEQUENA DE CABO PMSC"
"12286","INSIGNIA DE METAL PEQUENA DE CAPITAO PMSC"
"12287","INSIGNIA DE METAL PEQUENA DE CORONEL PMSC"
"12288","INSIGNIA DE METAL PEQUENA DE MAJOR PMSC"
"12289","INSIGNIA DE METAL PEQUENA DE SUB-TENENTE PMSC"
"12290","INSIGNIA DE METAL PEQUENA DE TENENTE-CORONEL PMSC"
"12291","INSIGNIA DE TECIDO OPERACIONAL"
"12292","INSIGNIA DE TECIDO OPERACIONAL PARA ALUNO OFICIAL TIPO LUVAS PRIMEIRO ANO"
"12293","INSIGNIA DE TECIDO OPERACIONAL PARA ALUNO OFICIAL TIPO LUVAS QUARTO ANO"
"12294","INSIGNIA DE TECIDO OPERACIONAL PARA ALUNO OFICIAL TIPO LUVAS SEGUNDO ALUNO"
"12295","INSIGNIA DE TECIDO OPERACIONAL PARA ALUNO OFICIAL TIPO LUVAS TERCEIRO ANO"
"12296","INSIGNIA DE TECIDO OPERACIONAL PARA ASPIRANTE"
"12297","INSIGNIA DE TECIDO PARA 1.SARGENTO PMSC,SOCIAL"
"12298","INSIGNIA DE TECIDO PARA 2.SARGENTO PMSC,SOCIAL"
"12299","INSIGNIA DE TECIDO PARA 3.SARGENTO PMSC,SOCIAL"
"12300","INSIGNIA DE TECIDO PARA ALUNO OFICIAL TIPO LUVAS PRIMEIRO ANO"
"12301","INSIGNIA DE TECIDO PARA ALUNO OFICIAL TIPO LUVAS QUARTO ANO"
"12302","INSIGNIA DE TECIDO PARA ALUNO OFICIAL TIPO LUVAS TERCEIRO ANO"
"12303","INSIGNIA DE TECIDO PARA ALUNOP OFICIAL TIPO LUVAS SEGUNDO ANO"
"12304","INSIGNIA DE TECIDO PARA ASPIRANTE TIPO LUVAS PMSC SOCIAL"
"12305","INSIGNIA DE TECIDO PARA CABO PMSC SOCIAL"
"12306","INSIGNIA DE TECIDO PARA CORONEL TIPO LUVAS PMSC,SOCIAL"
"12307","INSIGNIA DE TECIDO PARA MAJOR TIPO LUVAS PMSC,SOCIAL"
"12308","INSIGNIA DE TECIDO PARA SUB-TENENTE TIPO LUVAS PMSC,SOCIAL"
"12309","INSIGNIA DE TECIDO PEQUENA TIPO LEX"
"12310","INSIGNIA EMBORRACHADA BUCANEIRA P/CAMISA CAMUFLADA/PRETA"
"12311","INSIGNIA EMBORRACHADA P/CAMISA CAMUFLADA/PRETA DE SOLDADO DE PRIM.CLASSE"
"12312",""
"12313","MOD.PMSC."
"12314","INSIGNIA EMBORRACHADA PARA CAMISA CAMUFLADA/PRETA DE CABO MOD.PMSC."
"12315","INSIGNIA EMBORRACHADA PARA CAMISA CAMUFLADA/PRETA DE CAPITAO MOD.PMSC"
"12316","INSIGNIA EMBORRACHADA PARA CAMISA CAMUFLADA/PRETA DE MAJOR MOD.PMSC."
"12317","INSIGNIA EMBORRACHADA PARA CAMISA CAMUFLADA/PRETA DE PRIMEIRO SARGENTO"
"12318",""
"12319","MOD.PMSC."
"12320","INSIGNIA EMBORRACHADA PARA CAMISA CAMUFLADA/PRETA DE PRIMEIRO TENENTE"
"12321",""
"12322","MOD.PMSC."
"12323","INSIGNIA EMBORRACHADA PARA CAMISA CAMUFLADA/PRETA DE SEGUNDO SARGENTO"
"12324",""
"12325","MOD.PMSC"
"12326","INSIGNIA EMBORRACHADA PARA CAMISA CAMUFLADA/PRETA DE SEGUNDO TENENTE"
"12327",""
"12328","MOD.PMSC"
"12329","INSIGNIA EMBORRACHADA PARA CAMISA CAMUFLADA/PRETA DE SUB.TENENTE MOD.PMSC."
"12330","INSIGNIA EMBORRACHADA PARA CAMISA CAMUFLADA/PRETA DE TEN CORONEL MOD.PMSC."
"12331","INSIGNIA EMBORRACHADA PARA CAMISA CAMUFLADA/PRETA DE TERCEIRO SARGENTO"
"12332",""
"12333","MOD.PMSC"
"12334","INSIGNIA EMBORRACHADA PARA CAMISA CAMUFLADA/PRETA, DE CORONEL,MOD.PMSC."
"12335","JALECO BRANCO JALECO BRANCO, MANGA LONGA, TAMANHO G"
"12336","JALECO BRANCO JALECO BRANCO, MANGA LONGA, TAMANHO GG"
"12337","JALECO BRANCO JALECO BRANCO, MANGA LONGA, TAMANHO M"
"12338","JALECO BRANCO JALECO BRANCO, MANGA LONGA, TAMANHO P"
"12339","JALECO BRANCO JALECO BRANCO, MANGA LONGA, TAMANHO PP"
"12340","JALECO BRANCO JALECO BRANCO, MANGA LONGA, TAMANHO XGG"
"12341","JAQUETA OPERACIONAL DUPLA FACE"
"12342","LONA SINTETICA EM NYLON PARA CINTA PMSC COR BEGE"
"12343","LUVA DE COURO PRETA"
"12344","LUVA DE LA BEGE  SEM COR"
"12345","LUVA DE TECIDO BRANCA"
"12346","MEIA PARA PRATICA DESPORTIVA UNISSEX"
"12347","PALA PARA QUEPE DE CORONEL PARA PMSC"
"12348","PALA PARA QUEPE DE MAJOR PARA PMSC"
"12349","PALA PARA QUEPE DE TENENTE CORONEL PMSC"
"12350","PLATINA OFICIAL PLATINA AZUL FERRETE 2 ANO"
"12351","PLATINA OFICIAL PLATINA AZUL FERRETE 3 ANO"
"12352","PLATINA OFICIAL PLATINA AZUL FERRETE 4 ANO"
"12353","POLAINA DE TECIDO BRANCO MODELO PMSC M"
"12354","QUEPE MASCULINO MODELO PMSC"
"12355","SANDALIA DE DEDO EM BORRACHA NAUTICO,TAMANHO N.37/38"
"12356","SANDALIA DE DEDO EM BORRACHA NAUTICO,TAMANHO N.39/40"
"12357","SANDALIA DE DEDO EM BORRACHA NAUTICO,TAMANHO N.41/42"
"12358","SANDALIA DE DEDO EM BORRACHA NAUTICO,TAMANHO N.43/44"
"12359","SAPATO DIVERSOS"
"12360","SAPATO SOCIAL MASCULINO"
"12361","TALIM DE COURO,COR PRETA PMSC"
"12362","TARJETA DE IDENTIFICACAO (BIRIBA) PMSC EM TECIDO"
"12363","TOUCA TERMICA FLEECE, PMSC, TAMANHO G"
"12364","TOUCA TERMICA FLEECE, PMSC, TAMANHO GG"
"12365","TOUCA TERMICA FLEECE, PMSC, TAMANHO M"
"12366","TOUCA TERMICA FLEECE, PMSC, TAMANHO P"
"12367","TUNICA CONJUNTO DE TUNICA CAQUI"
"12368","TUNICA CONJUNTO DE TUNICA CINZA"
"12369","TUNICA CONJUNTO DE TUNICAS AZUL FERRETE"
"12370","TUNICA EM TECIDO"
"12371","UNIFORME PROFISSIONAL UNIFORME - SERVIÇO SC INTER HOSPITALAR"
"12372","VEICULOS RODOVIARIOS"
"12373","REBOQUE/CARRETA RODOVIARIA PARA TRANSPORTE DE JET-SKI"
"12374","VEICULO AUTOMOTOR VEICULO AUTOMOTOR"
"12375","VEICULO ESPECIAL PARA OPERACOES TATICAS E TRANSPORTE DE PRESOS"
"12376","VEICULO ESPECIAL TIPO AMBULANCIA"
"12377","VEICULO ESPECIAL TIPO AUTO BOMBA TANQUE"
"12378","VEICULO ESPECIAL TIPO CARROCERIA BAU"
"12379","VEICULO PARA TRANSPORTE DE CARGA DIESEL CAPACIDADE 1500 A 5000 KG"
"12380","VEICULO PARA TRANSPORTE DE CARGA TIPO CAMINHAO FURGAO"
"12381","VEICULO PARA TRANSPORTE DE CARGA TIPO PICK-UP PARA PASSAGEIROS E CARGAS"
"12382","VEICULO PARA TRANSPORTE PESADO DIESEL TIPO CAMINHAO BASCULANTE"
"12383","VEICULO PARA TRANSPORTE PESADO TIPO CAMINHAO"
"12384","VEICULO PARA TRANSPORTE PESADO TIPO CAMINHAO VEICULO PARA TRANSPORTE PESADO"
"12385",""
"12386","TIPO CAMINHAO"
"12387","VEICULO TIPO AUTOMOVEL 4 PORTAS, A GASOLINA"
"12388","VEICULO TIPO AUTOMOVEL AUTOMOVEL HATCH, NOVO, ZERO KM"
"12389","VEICULO TIPO AUTOMOVEL CAMINHONETE COM CARROCERIA ABERTA"
"12390","VEICULO TIPO AUTOMOVEL MODELO HATCH"
"12391","VEICULO TIPO AUTOMOVEL SEDAN"
"12392","VEICULO TIPO AUTOMOVEL TIPO FURGAO"
"12393","VEICULO TIPO AUTOMOVEL TIPO SUV"
"12394","VEICULO TIPO BICICLETA ELETRICA"
"12395","VEICULO TIPO CAMIONETA CAMIONETA 4X2"
"12396","VEICULO TIPO CAMIONETA DE USO MISTO TRANSPORTE DE PASSAGEIROS"
"12397","VEICULO TIPO MOTOCICLETA GASOLINA"
"12398","VEICULO TIPO MOTOCICLETA TIPO QUADRICICLO"
"12399","VEICULO TIPO ONIBUS MICROONIBUS"
